ISO-10303-21;
HEADER;
/* Generated by software containing ST-Developer
 * from STEP Tools, Inc. (www.steptools.com) 
 */

FILE_DESCRIPTION(
/* description */ (''),
/* implementation_level */ '2;1');

FILE_NAME(
/* name */ 'haptic_pantograph_linkages.step',
/* time_stamp */ '2026-06-04T00:19:10-07:00',
/* author */ (''),
/* organization */ (''),
/* preprocessor_version */ 'ST-DEVELOPER v20.1',
/* originating_system */ 'Autodesk Translation Framework v15.8.0.0',
/* authorisation */ '');

FILE_SCHEMA (('AUTOMOTIVE_DESIGN { 1 0 10303 214 3 1 1 }'));
ENDSEC;

DATA;
#10=MECHANICAL_DESIGN_GEOMETRIC_PRESENTATION_REPRESENTATION('',(#60,#61,
#62,#63,#64,#65),#4296);
#11=B_SPLINE_SURFACE_WITH_KNOTS('',3,3,((#3886,#3887,#3888,#3889,#3890),
(#3891,#3892,#3893,#3894,#3895),(#3896,#3897,#3898,#3899,#3900),(#3901,
#3902,#3903,#3904,#3905),(#3906,#3907,#3908,#3909,#3910)),.UNSPECIFIED.,
 .F.,.F.,.F.,(4,1,4),(4,1,4),(0.,0.5,1.),(4.13494141741364,4.39547382525642,
4.74285036904679),.UNSPECIFIED.);
#12=B_SPLINE_SURFACE_WITH_KNOTS('',3,3,((#3933,#3934,#3935,#3936,#3937,
#3938,#3939,#3940),(#3941,#3942,#3943,#3944,#3945,#3946,#3947,#3948),(#3949,
#3950,#3951,#3952,#3953,#3954,#3955,#3956),(#3957,#3958,#3959,#3960,#3961,
#3962,#3963,#3964),(#3965,#3966,#3967,#3968,#3969,#3970,#3971,#3972)),
 .UNSPECIFIED.,.F.,.F.,.F.,(4,1,4),(4,1,1,2,4),(0.,0.5,1.),(-0.562646609746494,
-0.337587965847896,-0.225058643898597,0.,0.00115089755253999),
 .UNSPECIFIED.);
#13=B_SPLINE_SURFACE_WITH_KNOTS('',3,3,((#3983,#3984,#3985,#3986,#3987),
(#3988,#3989,#3990,#3991,#3992),(#3993,#3994,#3995,#3996,#3997),(#3998,
#3999,#4000,#4001,#4002),(#4003,#4004,#4005,#4006,#4007)),.UNSPECIFIED.,
 .F.,.F.,.F.,(4,1,4),(4,1,4),(0.,0.5,1.),(4.69665734151364,5.04406609628327,
5.30462266236049),.UNSPECIFIED.);
#14=B_SPLINE_SURFACE_WITH_KNOTS('',3,3,((#4030,#4031,#4032,#4033,#4034,
#4035,#4036,#4037),(#4038,#4039,#4040,#4041,#4042,#4043,#4044,#4045),(#4046,
#4047,#4048,#4049,#4050,#4051,#4052,#4053),(#4054,#4055,#4056,#4057,#4058,
#4059,#4060,#4061)),.UNSPECIFIED.,.F.,.F.,.F.,(4,4),(4,2,1,1,4),(0.,1.),
(-2.6184210512047,-2.61727015365468,-2.39221150975662,-2.27968218780759,
-2.05462354390952),.UNSPECIFIED.);
#15=B_SPLINE_SURFACE_WITH_KNOTS('',3,3,((#4074,#4075,#4076,#4077,#4078,
#4079,#4080,#4081,#4082,#4083),(#4084,#4085,#4086,#4087,#4088,#4089,#4090,
#4091,#4092,#4093),(#4094,#4095,#4096,#4097,#4098,#4099,#4100,#4101,#4102,
#4103),(#4104,#4105,#4106,#4107,#4108,#4109,#4110,#4111,#4112,#4113),(#4114,
#4115,#4116,#4117,#4118,#4119,#4120,#4121,#4122,#4123),(#4124,#4125,#4126,
#4127,#4128,#4129,#4130,#4131,#4132,#4133)),.UNSPECIFIED.,.F.,.F.,.F.,(4,
1,1,4),(4,1,1,1,1,1,1,4),(0.,0.285714285714286,0.571428571428571,1.),(1.42610211865614,
1.49401219731968,1.56192227598323,1.8335625906374,1.96938274796448,2.10520290529156,
2.24102306261865,2.37684321994573),.UNSPECIFIED.);
#16=ITEM_DEFINED_TRANSFORMATION($,$,#2233,#2381);
#17=ITEM_DEFINED_TRANSFORMATION($,$,#2307,#2382);
#18=ITEM_DEFINED_TRANSFORMATION($,$,#2384,#2418);
#19=ITEM_DEFINED_TRANSFORMATION($,$,#2401,#2419);
#20=ITEM_DEFINED_TRANSFORMATION($,$,#2232,#2473);
#21=ITEM_DEFINED_TRANSFORMATION($,$,#2383,#2474);
#22=ITEM_DEFINED_TRANSFORMATION($,$,#2420,#2475);
#23=ITEM_DEFINED_TRANSFORMATION($,$,#2455,#2476);
#24=(
REPRESENTATION_RELATIONSHIP($,$,#4329,#4328)
REPRESENTATION_RELATIONSHIP_WITH_TRANSFORMATION(#16)
SHAPE_REPRESENTATION_RELATIONSHIP()
);
#25=(
REPRESENTATION_RELATIONSHIP($,$,#4330,#4328)
REPRESENTATION_RELATIONSHIP_WITH_TRANSFORMATION(#17)
SHAPE_REPRESENTATION_RELATIONSHIP()
);
#26=(
REPRESENTATION_RELATIONSHIP($,$,#4332,#4331)
REPRESENTATION_RELATIONSHIP_WITH_TRANSFORMATION(#18)
SHAPE_REPRESENTATION_RELATIONSHIP()
);
#27=(
REPRESENTATION_RELATIONSHIP($,$,#4333,#4331)
REPRESENTATION_RELATIONSHIP_WITH_TRANSFORMATION(#19)
SHAPE_REPRESENTATION_RELATIONSHIP()
);
#28=(
REPRESENTATION_RELATIONSHIP($,$,#4328,#4327)
REPRESENTATION_RELATIONSHIP_WITH_TRANSFORMATION(#20)
SHAPE_REPRESENTATION_RELATIONSHIP()
);
#29=(
REPRESENTATION_RELATIONSHIP($,$,#4331,#4327)
REPRESENTATION_RELATIONSHIP_WITH_TRANSFORMATION(#21)
SHAPE_REPRESENTATION_RELATIONSHIP()
);
#30=(
REPRESENTATION_RELATIONSHIP($,$,#4334,#4327)
REPRESENTATION_RELATIONSHIP_WITH_TRANSFORMATION(#22)
SHAPE_REPRESENTATION_RELATIONSHIP()
);
#31=(
REPRESENTATION_RELATIONSHIP($,$,#4335,#4327)
REPRESENTATION_RELATIONSHIP_WITH_TRANSFORMATION(#23)
SHAPE_REPRESENTATION_RELATIONSHIP()
);
#32=CONTEXT_DEPENDENT_SHAPE_REPRESENTATION(#24,#4314);
#33=CONTEXT_DEPENDENT_SHAPE_REPRESENTATION(#25,#4315);
#34=CONTEXT_DEPENDENT_SHAPE_REPRESENTATION(#26,#4319);
#35=CONTEXT_DEPENDENT_SHAPE_REPRESENTATION(#27,#4320);
#36=CONTEXT_DEPENDENT_SHAPE_REPRESENTATION(#28,#4323);
#37=CONTEXT_DEPENDENT_SHAPE_REPRESENTATION(#29,#4324);
#38=CONTEXT_DEPENDENT_SHAPE_REPRESENTATION(#30,#4325);
#39=CONTEXT_DEPENDENT_SHAPE_REPRESENTATION(#31,#4326);
#40=NEXT_ASSEMBLY_USAGE_OCCURRENCE('Component3:1','Component3:1',
'Component3:1',#4338,#4339,'Component3:1');
#41=NEXT_ASSEMBLY_USAGE_OCCURRENCE('Component4:1','Component4:1',
'Component4:1',#4338,#4340,'Component4:1');
#42=NEXT_ASSEMBLY_USAGE_OCCURRENCE('Component5:1','Component5:1',
'Component5:1',#4341,#4342,'Component5:1');
#43=NEXT_ASSEMBLY_USAGE_OCCURRENCE('Component6:1','Component6:1',
'Component6:1',#4341,#4343,'Component6:1');
#44=NEXT_ASSEMBLY_USAGE_OCCURRENCE('drum_arms:1','drum_arms:1',
'drum_arms:1',#4337,#4338,'drum_arms:1');
#45=NEXT_ASSEMBLY_USAGE_OCCURRENCE('forearms:1','forearms:1',
'forearms:1',#4337,#4341,'forearms:1');
#46=NEXT_ASSEMBLY_USAGE_OCCURRENCE('Component8:1','Component8:1',
'Component8:1',#4337,#4344,'Component8:1');
#47=NEXT_ASSEMBLY_USAGE_OCCURRENCE('pen:1','pen:1','pen:1',#4337,#4345,
'pen:1');
#48=SHAPE_REPRESENTATION_RELATIONSHIP('SRR','None',#4329,#54);
#49=SHAPE_REPRESENTATION_RELATIONSHIP('SRR','None',#4330,#55);
#50=SHAPE_REPRESENTATION_RELATIONSHIP('SRR','None',#4332,#56);
#51=SHAPE_REPRESENTATION_RELATIONSHIP('SRR','None',#4333,#57);
#52=SHAPE_REPRESENTATION_RELATIONSHIP('SRR','None',#4334,#58);
#53=SHAPE_REPRESENTATION_RELATIONSHIP('SRR','None',#4335,#59);
#54=ADVANCED_BREP_SHAPE_REPRESENTATION('',(#66),#4289);
#55=ADVANCED_BREP_SHAPE_REPRESENTATION('',(#67),#4290);
#56=ADVANCED_BREP_SHAPE_REPRESENTATION('',(#68),#4292);
#57=ADVANCED_BREP_SHAPE_REPRESENTATION('',(#69),#4293);
#58=ADVANCED_BREP_SHAPE_REPRESENTATION('',(#70),#4294);
#59=ADVANCED_BREP_SHAPE_REPRESENTATION('',(#71),#4295);
#60=STYLED_ITEM('',(#4378),#66);
#61=STYLED_ITEM('',(#4378),#67);
#62=STYLED_ITEM('',(#4378),#68);
#63=STYLED_ITEM('',(#4378),#69);
#64=STYLED_ITEM('',(#4378),#70);
#65=STYLED_ITEM('',(#4378),#71);
#66=MANIFOLD_SOLID_BREP('Body1',#2158);
#67=MANIFOLD_SOLID_BREP('Body1',#2159);
#68=MANIFOLD_SOLID_BREP('Body1',#2160);
#69=MANIFOLD_SOLID_BREP('Body1',#2161);
#70=MANIFOLD_SOLID_BREP('Body1',#2162);
#71=MANIFOLD_SOLID_BREP('Body1',#2163);
#72=CONICAL_SURFACE('',#2273,49.0724579250334,0.523598775598299);
#73=CONICAL_SURFACE('',#2276,49.0724579250334,0.523598775598301);
#74=CONICAL_SURFACE('',#2347,49.0724579250334,0.523598775598299);
#75=CONICAL_SURFACE('',#2350,49.0724579250334,0.523598775598301);
#76=FACE_BOUND('',#420,.T.);
#77=FACE_BOUND('',#434,.T.);
#78=FACE_BOUND('',#440,.T.);
#79=FACE_BOUND('',#441,.T.);
#80=FACE_BOUND('',#442,.T.);
#81=FACE_BOUND('',#443,.T.);
#82=FACE_BOUND('',#444,.T.);
#83=FACE_BOUND('',#446,.T.);
#84=FACE_BOUND('',#447,.T.);
#85=FACE_BOUND('',#448,.T.);
#86=FACE_BOUND('',#449,.T.);
#87=FACE_BOUND('',#450,.T.);
#88=FACE_BOUND('',#468,.T.);
#89=FACE_BOUND('',#482,.T.);
#90=FACE_BOUND('',#488,.T.);
#91=FACE_BOUND('',#489,.T.);
#92=FACE_BOUND('',#490,.T.);
#93=FACE_BOUND('',#491,.T.);
#94=FACE_BOUND('',#492,.T.);
#95=FACE_BOUND('',#494,.T.);
#96=FACE_BOUND('',#495,.T.);
#97=FACE_BOUND('',#496,.T.);
#98=FACE_BOUND('',#497,.T.);
#99=FACE_BOUND('',#498,.T.);
#100=FACE_BOUND('',#506,.T.);
#101=FACE_BOUND('',#507,.T.);
#102=FACE_BOUND('',#509,.T.);
#103=FACE_BOUND('',#510,.T.);
#104=FACE_BOUND('',#518,.T.);
#105=FACE_BOUND('',#519,.T.);
#106=FACE_BOUND('',#521,.T.);
#107=FACE_BOUND('',#522,.T.);
#108=FACE_BOUND('',#527,.T.);
#109=FACE_BOUND('',#530,.T.);
#110=FACE_BOUND('',#541,.T.);
#111=FACE_BOUND('',#550,.T.);
#112=FACE_BOUND('',#555,.T.);
#113=ELLIPSE('',#2258,1.00018682407725,0.999999999999996);
#114=ELLIPSE('',#2332,1.00018682407725,0.999999999999996);
#115=ELLIPSE('',#2422,3.95131269327043,2.794);
#116=ELLIPSE('',#2423,3.95131269327043,2.794);
#117=ELLIPSE('',#2431,2.17624477465094,2.);
#118=ELLIPSE('',#2436,2.17624477465094,2.);
#119=ELLIPSE('',#2443,25.3662719294332,10.);
#120=ELLIPSE('',#2446,25.3662719294331,10.);
#121=PLANE('',#2237);
#122=PLANE('',#2239);
#123=PLANE('',#2243);
#124=PLANE('',#2247);
#125=PLANE('',#2251);
#126=PLANE('',#2264);
#127=PLANE('',#2265);
#128=PLANE('',#2270);
#129=PLANE('',#2271);
#130=PLANE('',#2272);
#131=PLANE('',#2278);
#132=PLANE('',#2282);
#133=PLANE('',#2286);
#134=PLANE('',#2296);
#135=PLANE('',#2300);
#136=PLANE('',#2304);
#137=PLANE('',#2305);
#138=PLANE('',#2306);
#139=PLANE('',#2311);
#140=PLANE('',#2313);
#141=PLANE('',#2317);
#142=PLANE('',#2321);
#143=PLANE('',#2325);
#144=PLANE('',#2338);
#145=PLANE('',#2339);
#146=PLANE('',#2344);
#147=PLANE('',#2345);
#148=PLANE('',#2346);
#149=PLANE('',#2352);
#150=PLANE('',#2356);
#151=PLANE('',#2360);
#152=PLANE('',#2370);
#153=PLANE('',#2374);
#154=PLANE('',#2378);
#155=PLANE('',#2379);
#156=PLANE('',#2380);
#157=PLANE('',#2394);
#158=PLANE('',#2398);
#159=PLANE('',#2399);
#160=PLANE('',#2400);
#161=PLANE('',#2411);
#162=PLANE('',#2415);
#163=PLANE('',#2416);
#164=PLANE('',#2417);
#165=PLANE('',#2421);
#166=PLANE('',#2424);
#167=PLANE('',#2427);
#168=PLANE('',#2432);
#169=PLANE('',#2437);
#170=PLANE('',#2442);
#171=PLANE('',#2445);
#172=PLANE('',#2448);
#173=PLANE('',#2454);
#174=PLANE('',#2465);
#175=PLANE('',#2469);
#176=PLANE('',#2472);
#177=CIRCLE('',#2236,3.28854813152145);
#178=CIRCLE('',#2238,0.999999999999996);
#179=CIRCLE('',#2241,1.5);
#180=CIRCLE('',#2242,1.5);
#181=CIRCLE('',#2245,1.49999999999999);
#182=CIRCLE('',#2246,1.49999999999999);
#183=CIRCLE('',#2249,1.49999999999463);
#184=CIRCLE('',#2250,1.49999999999463);
#185=CIRCLE('',#2253,1.49999999999327);
#186=CIRCLE('',#2254,1.49999999999327);
#187=CIRCLE('',#2256,0.999999999999996);
#188=CIRCLE('',#2257,0.999999999999996);
#189=CIRCLE('',#2259,0.999999999999996);
#190=CIRCLE('',#2260,0.999999999999996);
#191=CIRCLE('',#2262,4.99999999972959);
#192=CIRCLE('',#2263,4.99999999972959);
#193=CIRCLE('',#2267,0.999999999999996);
#194=CIRCLE('',#2268,0.999999999999996);
#195=CIRCLE('',#2269,0.999999999999996);
#196=CIRCLE('',#2274,48.1449158500669);
#197=CIRCLE('',#2275,50.);
#198=CIRCLE('',#2277,50.);
#199=CIRCLE('',#2280,2.79399999999999);
#200=CIRCLE('',#2281,2.79399999999999);
#201=CIRCLE('',#2284,13.937);
#202=CIRCLE('',#2285,13.937);
#203=CIRCLE('',#2288,40.);
#204=CIRCLE('',#2289,40.);
#205=CIRCLE('',#2291,3.937);
#206=CIRCLE('',#2292,3.937);
#207=CIRCLE('',#2294,13.9370000000035);
#208=CIRCLE('',#2295,13.9370000000035);
#209=CIRCLE('',#2298,14.999999999716);
#210=CIRCLE('',#2299,14.999999999716);
#211=CIRCLE('',#2302,10.);
#212=CIRCLE('',#2303,10.);
#213=CIRCLE('',#2310,3.28854813152145);
#214=CIRCLE('',#2312,0.999999999999996);
#215=CIRCLE('',#2315,1.5);
#216=CIRCLE('',#2316,1.5);
#217=CIRCLE('',#2319,1.49999999999999);
#218=CIRCLE('',#2320,1.49999999999999);
#219=CIRCLE('',#2323,1.49999999999463);
#220=CIRCLE('',#2324,1.49999999999463);
#221=CIRCLE('',#2327,1.49999999999327);
#222=CIRCLE('',#2328,1.49999999999327);
#223=CIRCLE('',#2330,0.999999999999996);
#224=CIRCLE('',#2331,0.999999999999996);
#225=CIRCLE('',#2333,0.999999999999996);
#226=CIRCLE('',#2334,0.999999999999996);
#227=CIRCLE('',#2336,4.99999999972959);
#228=CIRCLE('',#2337,4.99999999972959);
#229=CIRCLE('',#2341,0.999999999999996);
#230=CIRCLE('',#2342,0.999999999999996);
#231=CIRCLE('',#2343,0.999999999999996);
#232=CIRCLE('',#2348,48.1449158500669);
#233=CIRCLE('',#2349,50.);
#234=CIRCLE('',#2351,50.);
#235=CIRCLE('',#2354,2.79399999999999);
#236=CIRCLE('',#2355,2.79399999999999);
#237=CIRCLE('',#2358,13.937);
#238=CIRCLE('',#2359,13.937);
#239=CIRCLE('',#2362,40.);
#240=CIRCLE('',#2363,40.);
#241=CIRCLE('',#2365,3.937);
#242=CIRCLE('',#2366,3.937);
#243=CIRCLE('',#2368,13.9370000000035);
#244=CIRCLE('',#2369,13.9370000000035);
#245=CIRCLE('',#2372,14.999999999716);
#246=CIRCLE('',#2373,14.999999999716);
#247=CIRCLE('',#2376,10.);
#248=CIRCLE('',#2377,10.);
#249=CIRCLE('',#2386,3.937);
#250=CIRCLE('',#2387,3.937);
#251=CIRCLE('',#2389,3.93699999999999);
#252=CIRCLE('',#2390,3.93699999999999);
#253=CIRCLE('',#2392,10.);
#254=CIRCLE('',#2393,10.);
#255=CIRCLE('',#2396,10.);
#256=CIRCLE('',#2397,10.);
#257=CIRCLE('',#2403,3.937);
#258=CIRCLE('',#2404,3.937);
#259=CIRCLE('',#2406,3.93699999999999);
#260=CIRCLE('',#2407,3.93699999999999);
#261=CIRCLE('',#2409,10.);
#262=CIRCLE('',#2410,10.);
#263=CIRCLE('',#2413,10.);
#264=CIRCLE('',#2414,10.);
#265=CIRCLE('',#2425,2.794);
#266=CIRCLE('',#2428,5.24789999999999);
#267=CIRCLE('',#2429,2.24789999999999);
#268=CIRCLE('',#2433,5.24789999999999);
#269=CIRCLE('',#2434,2.24789999999999);
#270=CIRCLE('',#2438,10.);
#271=CIRCLE('',#2439,10.);
#272=CIRCLE('',#2440,2.794);
#273=CIRCLE('',#2441,2.794);
#274=CIRCLE('',#2449,10.);
#275=CIRCLE('',#2451,2.794);
#276=CIRCLE('',#2453,10.);
#277=CIRCLE('',#2456,1.99999999999999);
#278=CIRCLE('',#2457,6.24790000000001);
#279=CIRCLE('',#2458,2.);
#280=CIRCLE('',#2459,6.24790000000001);
#281=CIRCLE('',#2461,6.24790000000001);
#282=CIRCLE('',#2462,6.24790000000001);
#283=CIRCLE('',#2464,6.24790000000001);
#284=CIRCLE('',#2466,2.24789999999999);
#285=CIRCLE('',#2468,5.);
#286=CIRCLE('',#2471,2.24789999999999);
#287=FACE_OUTER_BOUND('',#403,.T.);
#288=FACE_OUTER_BOUND('',#404,.T.);
#289=FACE_OUTER_BOUND('',#405,.T.);
#290=FACE_OUTER_BOUND('',#406,.T.);
#291=FACE_OUTER_BOUND('',#407,.T.);
#292=FACE_OUTER_BOUND('',#408,.T.);
#293=FACE_OUTER_BOUND('',#409,.T.);
#294=FACE_OUTER_BOUND('',#410,.T.);
#295=FACE_OUTER_BOUND('',#411,.T.);
#296=FACE_OUTER_BOUND('',#412,.T.);
#297=FACE_OUTER_BOUND('',#413,.T.);
#298=FACE_OUTER_BOUND('',#414,.T.);
#299=FACE_OUTER_BOUND('',#415,.T.);
#300=FACE_OUTER_BOUND('',#416,.T.);
#301=FACE_OUTER_BOUND('',#417,.T.);
#302=FACE_OUTER_BOUND('',#418,.T.);
#303=FACE_OUTER_BOUND('',#419,.T.);
#304=FACE_OUTER_BOUND('',#421,.T.);
#305=FACE_OUTER_BOUND('',#422,.T.);
#306=FACE_OUTER_BOUND('',#423,.T.);
#307=FACE_OUTER_BOUND('',#424,.T.);
#308=FACE_OUTER_BOUND('',#425,.T.);
#309=FACE_OUTER_BOUND('',#426,.T.);
#310=FACE_OUTER_BOUND('',#427,.T.);
#311=FACE_OUTER_BOUND('',#428,.T.);
#312=FACE_OUTER_BOUND('',#429,.T.);
#313=FACE_OUTER_BOUND('',#430,.T.);
#314=FACE_OUTER_BOUND('',#431,.T.);
#315=FACE_OUTER_BOUND('',#432,.T.);
#316=FACE_OUTER_BOUND('',#433,.T.);
#317=FACE_OUTER_BOUND('',#435,.T.);
#318=FACE_OUTER_BOUND('',#436,.T.);
#319=FACE_OUTER_BOUND('',#437,.T.);
#320=FACE_OUTER_BOUND('',#438,.T.);
#321=FACE_OUTER_BOUND('',#439,.T.);
#322=FACE_OUTER_BOUND('',#445,.T.);
#323=FACE_OUTER_BOUND('',#451,.T.);
#324=FACE_OUTER_BOUND('',#452,.T.);
#325=FACE_OUTER_BOUND('',#453,.T.);
#326=FACE_OUTER_BOUND('',#454,.T.);
#327=FACE_OUTER_BOUND('',#455,.T.);
#328=FACE_OUTER_BOUND('',#456,.T.);
#329=FACE_OUTER_BOUND('',#457,.T.);
#330=FACE_OUTER_BOUND('',#458,.T.);
#331=FACE_OUTER_BOUND('',#459,.T.);
#332=FACE_OUTER_BOUND('',#460,.T.);
#333=FACE_OUTER_BOUND('',#461,.T.);
#334=FACE_OUTER_BOUND('',#462,.T.);
#335=FACE_OUTER_BOUND('',#463,.T.);
#336=FACE_OUTER_BOUND('',#464,.T.);
#337=FACE_OUTER_BOUND('',#465,.T.);
#338=FACE_OUTER_BOUND('',#466,.T.);
#339=FACE_OUTER_BOUND('',#467,.T.);
#340=FACE_OUTER_BOUND('',#469,.T.);
#341=FACE_OUTER_BOUND('',#470,.T.);
#342=FACE_OUTER_BOUND('',#471,.T.);
#343=FACE_OUTER_BOUND('',#472,.T.);
#344=FACE_OUTER_BOUND('',#473,.T.);
#345=FACE_OUTER_BOUND('',#474,.T.);
#346=FACE_OUTER_BOUND('',#475,.T.);
#347=FACE_OUTER_BOUND('',#476,.T.);
#348=FACE_OUTER_BOUND('',#477,.T.);
#349=FACE_OUTER_BOUND('',#478,.T.);
#350=FACE_OUTER_BOUND('',#479,.T.);
#351=FACE_OUTER_BOUND('',#480,.T.);
#352=FACE_OUTER_BOUND('',#481,.T.);
#353=FACE_OUTER_BOUND('',#483,.T.);
#354=FACE_OUTER_BOUND('',#484,.T.);
#355=FACE_OUTER_BOUND('',#485,.T.);
#356=FACE_OUTER_BOUND('',#486,.T.);
#357=FACE_OUTER_BOUND('',#487,.T.);
#358=FACE_OUTER_BOUND('',#493,.T.);
#359=FACE_OUTER_BOUND('',#499,.T.);
#360=FACE_OUTER_BOUND('',#500,.T.);
#361=FACE_OUTER_BOUND('',#501,.T.);
#362=FACE_OUTER_BOUND('',#502,.T.);
#363=FACE_OUTER_BOUND('',#503,.T.);
#364=FACE_OUTER_BOUND('',#504,.T.);
#365=FACE_OUTER_BOUND('',#505,.T.);
#366=FACE_OUTER_BOUND('',#508,.T.);
#367=FACE_OUTER_BOUND('',#511,.T.);
#368=FACE_OUTER_BOUND('',#512,.T.);
#369=FACE_OUTER_BOUND('',#513,.T.);
#370=FACE_OUTER_BOUND('',#514,.T.);
#371=FACE_OUTER_BOUND('',#515,.T.);
#372=FACE_OUTER_BOUND('',#516,.T.);
#373=FACE_OUTER_BOUND('',#517,.T.);
#374=FACE_OUTER_BOUND('',#520,.T.);
#375=FACE_OUTER_BOUND('',#523,.T.);
#376=FACE_OUTER_BOUND('',#524,.T.);
#377=FACE_OUTER_BOUND('',#525,.T.);
#378=FACE_OUTER_BOUND('',#526,.T.);
#379=FACE_OUTER_BOUND('',#528,.T.);
#380=FACE_OUTER_BOUND('',#529,.T.);
#381=FACE_OUTER_BOUND('',#531,.T.);
#382=FACE_OUTER_BOUND('',#532,.T.);
#383=FACE_OUTER_BOUND('',#533,.T.);
#384=FACE_OUTER_BOUND('',#534,.T.);
#385=FACE_OUTER_BOUND('',#535,.T.);
#386=FACE_OUTER_BOUND('',#536,.T.);
#387=FACE_OUTER_BOUND('',#537,.T.);
#388=FACE_OUTER_BOUND('',#538,.T.);
#389=FACE_OUTER_BOUND('',#539,.T.);
#390=FACE_OUTER_BOUND('',#540,.T.);
#391=FACE_OUTER_BOUND('',#542,.T.);
#392=FACE_OUTER_BOUND('',#543,.T.);
#393=FACE_OUTER_BOUND('',#544,.T.);
#394=FACE_OUTER_BOUND('',#545,.T.);
#395=FACE_OUTER_BOUND('',#546,.T.);
#396=FACE_OUTER_BOUND('',#547,.T.);
#397=FACE_OUTER_BOUND('',#548,.T.);
#398=FACE_OUTER_BOUND('',#549,.T.);
#399=FACE_OUTER_BOUND('',#551,.T.);
#400=FACE_OUTER_BOUND('',#552,.T.);
#401=FACE_OUTER_BOUND('',#553,.T.);
#402=FACE_OUTER_BOUND('',#554,.T.);
#403=EDGE_LOOP('',(#1389,#1390,#1391,#1392,#1393));
#404=EDGE_LOOP('',(#1394,#1395,#1396,#1397));
#405=EDGE_LOOP('',(#1398,#1399,#1400));
#406=EDGE_LOOP('',(#1401,#1402,#1403,#1404));
#407=EDGE_LOOP('',(#1405,#1406,#1407,#1408));
#408=EDGE_LOOP('',(#1409,#1410,#1411,#1412));
#409=EDGE_LOOP('',(#1413,#1414,#1415,#1416));
#410=EDGE_LOOP('',(#1417,#1418,#1419,#1420));
#411=EDGE_LOOP('',(#1421,#1422,#1423,#1424));
#412=EDGE_LOOP('',(#1425,#1426,#1427,#1428));
#413=EDGE_LOOP('',(#1429,#1430,#1431,#1432));
#414=EDGE_LOOP('',(#1433,#1434,#1435,#1436,#1437,#1438,#1439,#1440));
#415=EDGE_LOOP('',(#1441,#1442,#1443,#1444,#1445,#1446));
#416=EDGE_LOOP('',(#1447,#1448,#1449));
#417=EDGE_LOOP('',(#1450,#1451,#1452));
#418=EDGE_LOOP('',(#1453,#1454,#1455,#1456,#1457,#1458,#1459,#1460));
#419=EDGE_LOOP('',(#1461,#1462,#1463,#1464));
#420=EDGE_LOOP('',(#1465));
#421=EDGE_LOOP('',(#1466,#1467,#1468));
#422=EDGE_LOOP('',(#1469,#1470,#1471));
#423=EDGE_LOOP('',(#1472,#1473,#1474,#1475,#1476,#1477));
#424=EDGE_LOOP('',(#1478,#1479,#1480,#1481,#1482,#1483));
#425=EDGE_LOOP('',(#1484,#1485,#1486,#1487));
#426=EDGE_LOOP('',(#1488,#1489,#1490,#1491));
#427=EDGE_LOOP('',(#1492,#1493,#1494,#1495));
#428=EDGE_LOOP('',(#1496,#1497,#1498,#1499));
#429=EDGE_LOOP('',(#1500,#1501,#1502,#1503));
#430=EDGE_LOOP('',(#1504,#1505,#1506,#1507));
#431=EDGE_LOOP('',(#1508,#1509,#1510,#1511));
#432=EDGE_LOOP('',(#1512,#1513,#1514,#1515));
#433=EDGE_LOOP('',(#1516,#1517,#1518,#1519));
#434=EDGE_LOOP('',(#1520));
#435=EDGE_LOOP('',(#1521,#1522,#1523,#1524));
#436=EDGE_LOOP('',(#1525,#1526,#1527,#1528));
#437=EDGE_LOOP('',(#1529,#1530,#1531,#1532));
#438=EDGE_LOOP('',(#1533,#1534,#1535,#1536));
#439=EDGE_LOOP('',(#1537,#1538,#1539,#1540,#1541,#1542,#1543,#1544,#1545,
#1546));
#440=EDGE_LOOP('',(#1547,#1548,#1549,#1550));
#441=EDGE_LOOP('',(#1551,#1552,#1553,#1554));
#442=EDGE_LOOP('',(#1555));
#443=EDGE_LOOP('',(#1556,#1557,#1558,#1559));
#444=EDGE_LOOP('',(#1560));
#445=EDGE_LOOP('',(#1561,#1562,#1563,#1564,#1565,#1566,#1567,#1568,#1569,
#1570));
#446=EDGE_LOOP('',(#1571,#1572,#1573,#1574));
#447=EDGE_LOOP('',(#1575,#1576,#1577,#1578));
#448=EDGE_LOOP('',(#1579));
#449=EDGE_LOOP('',(#1580,#1581,#1582,#1583));
#450=EDGE_LOOP('',(#1584));
#451=EDGE_LOOP('',(#1585,#1586,#1587,#1588,#1589));
#452=EDGE_LOOP('',(#1590,#1591,#1592,#1593));
#453=EDGE_LOOP('',(#1594,#1595,#1596));
#454=EDGE_LOOP('',(#1597,#1598,#1599,#1600));
#455=EDGE_LOOP('',(#1601,#1602,#1603,#1604));
#456=EDGE_LOOP('',(#1605,#1606,#1607,#1608));
#457=EDGE_LOOP('',(#1609,#1610,#1611,#1612));
#458=EDGE_LOOP('',(#1613,#1614,#1615,#1616));
#459=EDGE_LOOP('',(#1617,#1618,#1619,#1620));
#460=EDGE_LOOP('',(#1621,#1622,#1623,#1624));
#461=EDGE_LOOP('',(#1625,#1626,#1627,#1628));
#462=EDGE_LOOP('',(#1629,#1630,#1631,#1632,#1633,#1634,#1635,#1636));
#463=EDGE_LOOP('',(#1637,#1638,#1639,#1640,#1641,#1642));
#464=EDGE_LOOP('',(#1643,#1644,#1645));
#465=EDGE_LOOP('',(#1646,#1647,#1648));
#466=EDGE_LOOP('',(#1649,#1650,#1651,#1652,#1653,#1654,#1655,#1656));
#467=EDGE_LOOP('',(#1657,#1658,#1659,#1660));
#468=EDGE_LOOP('',(#1661));
#469=EDGE_LOOP('',(#1662,#1663,#1664));
#470=EDGE_LOOP('',(#1665,#1666,#1667));
#471=EDGE_LOOP('',(#1668,#1669,#1670,#1671,#1672,#1673));
#472=EDGE_LOOP('',(#1674,#1675,#1676,#1677,#1678,#1679));
#473=EDGE_LOOP('',(#1680,#1681,#1682,#1683));
#474=EDGE_LOOP('',(#1684,#1685,#1686,#1687));
#475=EDGE_LOOP('',(#1688,#1689,#1690,#1691));
#476=EDGE_LOOP('',(#1692,#1693,#1694,#1695));
#477=EDGE_LOOP('',(#1696,#1697,#1698,#1699));
#478=EDGE_LOOP('',(#1700,#1701,#1702,#1703));
#479=EDGE_LOOP('',(#1704,#1705,#1706,#1707));
#480=EDGE_LOOP('',(#1708,#1709,#1710,#1711));
#481=EDGE_LOOP('',(#1712,#1713,#1714,#1715));
#482=EDGE_LOOP('',(#1716));
#483=EDGE_LOOP('',(#1717,#1718,#1719,#1720));
#484=EDGE_LOOP('',(#1721,#1722,#1723,#1724));
#485=EDGE_LOOP('',(#1725,#1726,#1727,#1728));
#486=EDGE_LOOP('',(#1729,#1730,#1731,#1732));
#487=EDGE_LOOP('',(#1733,#1734,#1735,#1736,#1737,#1738,#1739,#1740,#1741,
#1742));
#488=EDGE_LOOP('',(#1743,#1744,#1745,#1746));
#489=EDGE_LOOP('',(#1747,#1748,#1749,#1750));
#490=EDGE_LOOP('',(#1751));
#491=EDGE_LOOP('',(#1752,#1753,#1754,#1755));
#492=EDGE_LOOP('',(#1756));
#493=EDGE_LOOP('',(#1757,#1758,#1759,#1760,#1761,#1762,#1763,#1764,#1765,
#1766));
#494=EDGE_LOOP('',(#1767,#1768,#1769,#1770));
#495=EDGE_LOOP('',(#1771,#1772,#1773,#1774));
#496=EDGE_LOOP('',(#1775));
#497=EDGE_LOOP('',(#1776,#1777,#1778,#1779));
#498=EDGE_LOOP('',(#1780));
#499=EDGE_LOOP('',(#1781,#1782,#1783,#1784));
#500=EDGE_LOOP('',(#1785,#1786,#1787,#1788));
#501=EDGE_LOOP('',(#1789,#1790,#1791,#1792));
#502=EDGE_LOOP('',(#1793,#1794,#1795,#1796));
#503=EDGE_LOOP('',(#1797,#1798,#1799,#1800));
#504=EDGE_LOOP('',(#1801,#1802,#1803,#1804));
#505=EDGE_LOOP('',(#1805,#1806,#1807,#1808));
#506=EDGE_LOOP('',(#1809));
#507=EDGE_LOOP('',(#1810));
#508=EDGE_LOOP('',(#1811,#1812,#1813,#1814));
#509=EDGE_LOOP('',(#1815));
#510=EDGE_LOOP('',(#1816));
#511=EDGE_LOOP('',(#1817,#1818,#1819,#1820));
#512=EDGE_LOOP('',(#1821,#1822,#1823,#1824));
#513=EDGE_LOOP('',(#1825,#1826,#1827,#1828));
#514=EDGE_LOOP('',(#1829,#1830,#1831,#1832));
#515=EDGE_LOOP('',(#1833,#1834,#1835,#1836));
#516=EDGE_LOOP('',(#1837,#1838,#1839,#1840));
#517=EDGE_LOOP('',(#1841,#1842,#1843,#1844));
#518=EDGE_LOOP('',(#1845));
#519=EDGE_LOOP('',(#1846));
#520=EDGE_LOOP('',(#1847,#1848,#1849,#1850));
#521=EDGE_LOOP('',(#1851));
#522=EDGE_LOOP('',(#1852));
#523=EDGE_LOOP('',(#1853,#1854,#1855,#1856));
#524=EDGE_LOOP('',(#1857,#1858));
#525=EDGE_LOOP('',(#1859,#1860,#1861,#1862));
#526=EDGE_LOOP('',(#1863,#1864,#1865,#1866,#1867,#1868));
#527=EDGE_LOOP('',(#1869));
#528=EDGE_LOOP('',(#1870,#1871,#1872,#1873,#1874));
#529=EDGE_LOOP('',(#1875,#1876,#1877,#1878,#1879,#1880));
#530=EDGE_LOOP('',(#1881));
#531=EDGE_LOOP('',(#1882,#1883,#1884,#1885,#1886));
#532=EDGE_LOOP('',(#1887,#1888,#1889,#1890,#1891,#1892));
#533=EDGE_LOOP('',(#1893,#1894,#1895,#1896,#1897));
#534=EDGE_LOOP('',(#1898,#1899,#1900,#1901));
#535=EDGE_LOOP('',(#1902,#1903,#1904,#1905,#1906));
#536=EDGE_LOOP('',(#1907,#1908,#1909,#1910));
#537=EDGE_LOOP('',(#1911,#1912));
#538=EDGE_LOOP('',(#1913,#1914,#1915,#1916,#1917,#1918,#1919,#1920,#1921,
#1922));
#539=EDGE_LOOP('',(#1923,#1924,#1925,#1926,#1927,#1928,#1929,#1930,#1931,
#1932,#1933,#1934,#1935,#1936));
#540=EDGE_LOOP('',(#1937));
#541=EDGE_LOOP('',(#1938));
#542=EDGE_LOOP('',(#1939,#1940,#1941,#1942));
#543=EDGE_LOOP('',(#1943,#1944,#1945));
#544=EDGE_LOOP('',(#1946,#1947,#1948,#1949));
#545=EDGE_LOOP('',(#1950,#1951,#1952));
#546=EDGE_LOOP('',(#1953,#1954,#1955,#1956));
#547=EDGE_LOOP('',(#1957,#1958,#1959,#1960));
#548=EDGE_LOOP('',(#1961,#1962));
#549=EDGE_LOOP('',(#1963,#1964,#1965,#1966,#1967,#1968,#1969,#1970));
#550=EDGE_LOOP('',(#1971));
#551=EDGE_LOOP('',(#1972,#1973,#1974,#1975,#1976,#1977,#1978,#1979,#1980,
#1981));
#552=EDGE_LOOP('',(#1982));
#553=EDGE_LOOP('',(#1983,#1984,#1985,#1986));
#554=EDGE_LOOP('',(#1987,#1988,#1989));
#555=EDGE_LOOP('',(#1990));
#556=LINE('',#3145,#713);
#557=LINE('',#3175,#714);
#558=LINE('',#3190,#715);
#559=LINE('',#3193,#716);
#560=LINE('',#3197,#717);
#561=LINE('',#3201,#718);
#562=LINE('',#3203,#719);
#563=LINE('',#3205,#720);
#564=LINE('',#3206,#721);
#565=LINE('',#3212,#722);
#566=LINE('',#3215,#723);
#567=LINE('',#3217,#724);
#568=LINE('',#3218,#725);
#569=LINE('',#3225,#726);
#570=LINE('',#3227,#727);
#571=LINE('',#3229,#728);
#572=LINE('',#3230,#729);
#573=LINE('',#3236,#730);
#574=LINE('',#3239,#731);
#575=LINE('',#3241,#732);
#576=LINE('',#3242,#733);
#577=LINE('',#3276,#734);
#578=LINE('',#3283,#735);
#579=LINE('',#3287,#736);
#580=LINE('',#3290,#737);
#581=LINE('',#3292,#738);
#582=LINE('',#3294,#739);
#583=LINE('',#3297,#740);
#584=LINE('',#3304,#741);
#585=LINE('',#3306,#742);
#586=LINE('',#3307,#743);
#587=LINE('',#3310,#744);
#588=LINE('',#3311,#745);
#589=LINE('',#3313,#746);
#590=LINE('',#3318,#747);
#591=LINE('',#3321,#748);
#592=LINE('',#3327,#749);
#593=LINE('',#3332,#750);
#594=LINE('',#3334,#751);
#595=LINE('',#3336,#752);
#596=LINE('',#3337,#753);
#597=LINE('',#3343,#754);
#598=LINE('',#3346,#755);
#599=LINE('',#3348,#756);
#600=LINE('',#3349,#757);
#601=LINE('',#3357,#758);
#602=LINE('',#3364,#759);
#603=LINE('',#3367,#760);
#604=LINE('',#3369,#761);
#605=LINE('',#3370,#762);
#606=LINE('',#3376,#763);
#607=LINE('',#3379,#764);
#608=LINE('',#3381,#765);
#609=LINE('',#3382,#766);
#610=LINE('',#3388,#767);
#611=LINE('',#3390,#768);
#612=LINE('',#3391,#769);
#613=LINE('',#3411,#770);
#614=LINE('',#3441,#771);
#615=LINE('',#3456,#772);
#616=LINE('',#3459,#773);
#617=LINE('',#3463,#774);
#618=LINE('',#3467,#775);
#619=LINE('',#3469,#776);
#620=LINE('',#3471,#777);
#621=LINE('',#3472,#778);
#622=LINE('',#3477,#779);
#623=LINE('',#3481,#780);
#624=LINE('',#3483,#781);
#625=LINE('',#3484,#782);
#626=LINE('',#3491,#783);
#627=LINE('',#3493,#784);
#628=LINE('',#3495,#785);
#629=LINE('',#3496,#786);
#630=LINE('',#3501,#787);
#631=LINE('',#3505,#788);
#632=LINE('',#3507,#789);
#633=LINE('',#3508,#790);
#634=LINE('',#3542,#791);
#635=LINE('',#3549,#792);
#636=LINE('',#3553,#793);
#637=LINE('',#3556,#794);
#638=LINE('',#3558,#795);
#639=LINE('',#3560,#796);
#640=LINE('',#3563,#797);
#641=LINE('',#3570,#798);
#642=LINE('',#3572,#799);
#643=LINE('',#3573,#800);
#644=LINE('',#3576,#801);
#645=LINE('',#3577,#802);
#646=LINE('',#3579,#803);
#647=LINE('',#3583,#804);
#648=LINE('',#3587,#805);
#649=LINE('',#3593,#806);
#650=LINE('',#3598,#807);
#651=LINE('',#3600,#808);
#652=LINE('',#3602,#809);
#653=LINE('',#3603,#810);
#654=LINE('',#3608,#811);
#655=LINE('',#3612,#812);
#656=LINE('',#3614,#813);
#657=LINE('',#3615,#814);
#658=LINE('',#3623,#815);
#659=LINE('',#3629,#816);
#660=LINE('',#3633,#817);
#661=LINE('',#3635,#818);
#662=LINE('',#3636,#819);
#663=LINE('',#3641,#820);
#664=LINE('',#3645,#821);
#665=LINE('',#3647,#822);
#666=LINE('',#3648,#823);
#667=LINE('',#3653,#824);
#668=LINE('',#3656,#825);
#669=LINE('',#3657,#826);
#670=LINE('',#3668,#827);
#671=LINE('',#3674,#828);
#672=LINE('',#3681,#829);
#673=LINE('',#3684,#830);
#674=LINE('',#3687,#831);
#675=LINE('',#3689,#832);
#676=LINE('',#3690,#833);
#677=LINE('',#3696,#834);
#678=LINE('',#3698,#835);
#679=LINE('',#3699,#836);
#680=LINE('',#3707,#837);
#681=LINE('',#3713,#838);
#682=LINE('',#3720,#839);
#683=LINE('',#3723,#840);
#684=LINE('',#3726,#841);
#685=LINE('',#3728,#842);
#686=LINE('',#3729,#843);
#687=LINE('',#3734,#844);
#688=LINE('',#3737,#845);
#689=LINE('',#3738,#846);
#690=LINE('',#3749,#847);
#691=LINE('',#3752,#848);
#692=LINE('',#3769,#849);
#693=LINE('',#3781,#850);
#694=LINE('',#3784,#851);
#695=LINE('',#3786,#852);
#696=LINE('',#3790,#853);
#697=LINE('',#3791,#854);
#698=LINE('',#3804,#855);
#699=LINE('',#3820,#856);
#700=LINE('',#3824,#857);
#701=LINE('',#3826,#858);
#702=LINE('',#3829,#859);
#703=LINE('',#3851,#860);
#704=LINE('',#3867,#861);
#705=LINE('',#3869,#862);
#706=LINE('',#3872,#863);
#707=LINE('',#3878,#864);
#708=LINE('',#3882,#865);
#709=LINE('',#4259,#866);
#710=LINE('',#4260,#867);
#711=LINE('',#4266,#868);
#712=LINE('',#4271,#869);
#713=VECTOR('',#2485,10.);
#714=VECTOR('',#2486,10.);
#715=VECTOR('',#2489,10.);
#716=VECTOR('',#2492,10.);
#717=VECTOR('',#2497,10.);
#718=VECTOR('',#2500,10.);
#719=VECTOR('',#2501,10.);
#720=VECTOR('',#2502,10.);
#721=VECTOR('',#2503,10.);
#722=VECTOR('',#2510,10.);
#723=VECTOR('',#2513,10.);
#724=VECTOR('',#2514,10.);
#725=VECTOR('',#2515,10.);
#726=VECTOR('',#2524,10.);
#727=VECTOR('',#2525,10.);
#728=VECTOR('',#2526,10.);
#729=VECTOR('',#2527,10.);
#730=VECTOR('',#2534,10.);
#731=VECTOR('',#2537,10.);
#732=VECTOR('',#2538,10.);
#733=VECTOR('',#2539,10.);
#734=VECTOR('',#2552,0.999999999999996);
#735=VECTOR('',#2561,10.);
#736=VECTOR('',#2564,10.);
#737=VECTOR('',#2567,10.);
#738=VECTOR('',#2570,10.);
#739=VECTOR('',#2573,10.);
#740=VECTOR('',#2576,0.999999999999996);
#741=VECTOR('',#2585,10.);
#742=VECTOR('',#2586,10.);
#743=VECTOR('',#2587,10.);
#744=VECTOR('',#2590,10.);
#745=VECTOR('',#2591,10.);
#746=VECTOR('',#2594,10.);
#747=VECTOR('',#2601,10.);
#748=VECTOR('',#2606,10.);
#749=VECTOR('',#2613,2.79399999999999);
#750=VECTOR('',#2618,10.);
#751=VECTOR('',#2619,10.);
#752=VECTOR('',#2620,10.);
#753=VECTOR('',#2621,10.);
#754=VECTOR('',#2628,10.);
#755=VECTOR('',#2631,10.);
#756=VECTOR('',#2632,10.);
#757=VECTOR('',#2633,10.);
#758=VECTOR('',#2644,3.937);
#759=VECTOR('',#2653,10.);
#760=VECTOR('',#2656,10.);
#761=VECTOR('',#2657,10.);
#762=VECTOR('',#2658,10.);
#763=VECTOR('',#2665,10.);
#764=VECTOR('',#2668,10.);
#765=VECTOR('',#2669,10.);
#766=VECTOR('',#2670,10.);
#767=VECTOR('',#2677,10.);
#768=VECTOR('',#2680,10.);
#769=VECTOR('',#2681,10.);
#770=VECTOR('',#2690,10.);
#771=VECTOR('',#2691,10.);
#772=VECTOR('',#2694,10.);
#773=VECTOR('',#2697,10.);
#774=VECTOR('',#2702,10.);
#775=VECTOR('',#2705,10.);
#776=VECTOR('',#2706,10.);
#777=VECTOR('',#2707,10.);
#778=VECTOR('',#2708,10.);
#779=VECTOR('',#2713,10.);
#780=VECTOR('',#2718,10.);
#781=VECTOR('',#2719,10.);
#782=VECTOR('',#2720,10.);
#783=VECTOR('',#2729,10.);
#784=VECTOR('',#2730,10.);
#785=VECTOR('',#2731,10.);
#786=VECTOR('',#2732,10.);
#787=VECTOR('',#2737,10.);
#788=VECTOR('',#2742,10.);
#789=VECTOR('',#2743,10.);
#790=VECTOR('',#2744,10.);
#791=VECTOR('',#2757,0.999999999999996);
#792=VECTOR('',#2766,10.);
#793=VECTOR('',#2769,10.);
#794=VECTOR('',#2772,10.);
#795=VECTOR('',#2775,10.);
#796=VECTOR('',#2778,10.);
#797=VECTOR('',#2781,0.999999999999996);
#798=VECTOR('',#2790,10.);
#799=VECTOR('',#2791,10.);
#800=VECTOR('',#2792,10.);
#801=VECTOR('',#2795,10.);
#802=VECTOR('',#2796,10.);
#803=VECTOR('',#2799,10.);
#804=VECTOR('',#2804,10.);
#805=VECTOR('',#2811,10.);
#806=VECTOR('',#2818,2.79399999999999);
#807=VECTOR('',#2823,10.);
#808=VECTOR('',#2824,10.);
#809=VECTOR('',#2825,10.);
#810=VECTOR('',#2826,10.);
#811=VECTOR('',#2831,10.);
#812=VECTOR('',#2836,10.);
#813=VECTOR('',#2837,10.);
#814=VECTOR('',#2838,10.);
#815=VECTOR('',#2849,3.937);
#816=VECTOR('',#2856,10.);
#817=VECTOR('',#2861,10.);
#818=VECTOR('',#2862,10.);
#819=VECTOR('',#2863,10.);
#820=VECTOR('',#2868,10.);
#821=VECTOR('',#2873,10.);
#822=VECTOR('',#2874,10.);
#823=VECTOR('',#2875,10.);
#824=VECTOR('',#2880,10.);
#825=VECTOR('',#2885,10.);
#826=VECTOR('',#2886,10.);
#827=VECTOR('',#2903,3.937);
#828=VECTOR('',#2910,3.93699999999999);
#829=VECTOR('',#2917,10.);
#830=VECTOR('',#2920,10.);
#831=VECTOR('',#2923,10.);
#832=VECTOR('',#2924,10.);
#833=VECTOR('',#2925,10.);
#834=VECTOR('',#2932,10.);
#835=VECTOR('',#2935,10.);
#836=VECTOR('',#2936,10.);
#837=VECTOR('',#2947,3.937);
#838=VECTOR('',#2954,3.93699999999999);
#839=VECTOR('',#2961,10.);
#840=VECTOR('',#2964,10.);
#841=VECTOR('',#2967,10.);
#842=VECTOR('',#2968,10.);
#843=VECTOR('',#2969,10.);
#844=VECTOR('',#2974,10.);
#845=VECTOR('',#2979,10.);
#846=VECTOR('',#2980,10.);
#847=VECTOR('',#2995,10.);
#848=VECTOR('',#2998,10.);
#849=VECTOR('',#3005,10.);
#850=VECTOR('',#3006,10.);
#851=VECTOR('',#3009,10.);
#852=VECTOR('',#3010,10.);
#853=VECTOR('',#3013,10.);
#854=VECTOR('',#3014,10.);
#855=VECTOR('',#3019,10.);
#856=VECTOR('',#3020,10.);
#857=VECTOR('',#3025,10.);
#858=VECTOR('',#3026,10.);
#859=VECTOR('',#3029,10.);
#860=VECTOR('',#3036,10.);
#861=VECTOR('',#3051,10.);
#862=VECTOR('',#3054,2.24789999999999);
#863=VECTOR('',#3059,10.);
#864=VECTOR('',#3068,2.794);
#865=VECTOR('',#3073,10.);
#866=VECTOR('',#3100,10.);
#867=VECTOR('',#3101,10.);
#868=VECTOR('',#3108,5.);
#869=VECTOR('',#3115,2.24789999999999);
#870=B_SPLINE_CURVE_WITH_KNOTS('',3,(#3132,#3133,#3134,#3135,#3136,#3137,
#3138,#3139,#3140,#3141,#3142,#3143),.UNSPECIFIED.,.F.,.F.,(4,2,2,2,2,4),
(0.193028751483713,0.292479447259677,0.333304441559386,0.359680972263406,
0.372869237615416,0.386057502967426),.UNSPECIFIED.);
#871=B_SPLINE_CURVE_WITH_KNOTS('',3,(#3147,#3148,#3149,#3150,#3151,#3152,
#3153,#3154,#3155,#3156,#3157,#3158,#3159,#3160,#3161,#3162,#3163,#3164,
#3165,#3166,#3167,#3168,#3169,#3170,#3171,#3172,#3173),.UNSPECIFIED.,.F.,
 .F.,(4,2,2,2,2,2,3,2,2,2,2,2,4),(-0.672733728155365,-0.535897535642394,
-0.399061343129424,-0.332824380513955,-0.266587417898486,-0.133293708949243,
0.,0.133293708949243,0.266587417898487,0.332824380513955,0.399061343129424,
0.535897535642395,0.672733728155365),.UNSPECIFIED.);
#872=B_SPLINE_CURVE_WITH_KNOTS('',3,(#3176,#3177,#3178,#3179,#3180,#3181,
#3182,#3183,#3184,#3185,#3186,#3187),.UNSPECIFIED.,.F.,.F.,(4,2,2,2,2,4),
(0.386057502967426,0.399245768319436,0.412434033671446,0.438810564375466,
0.479635558675175,0.579086254451139),.UNSPECIFIED.);
#873=B_SPLINE_CURVE_WITH_KNOTS('',3,(#3249,#3250,#3251,#3252,#3253,#3254,
#3255,#3256,#3257,#3258,#3259,#3260,#3261,#3262,#3263,#3264,#3265,#3266,
#3267,#3268,#3269,#3270),.UNSPECIFIED.,.F.,.F.,(4,2,2,2,2,2,2,2,2,2,4),
(-0.395513363687103,-0.313836069563562,-0.272997422501791,-0.232158775440021,
-0.214957728641786,-0.197756681843551,-0.180555635045317,-0.163354588247082,
-0.122515941185312,-0.081677294123541,0.),.UNSPECIFIED.);
#874=B_SPLINE_CURVE_WITH_KNOTS('',3,(#3398,#3399,#3400,#3401,#3402,#3403,
#3404,#3405,#3406,#3407,#3408,#3409),.UNSPECIFIED.,.F.,.F.,(4,2,2,2,2,4),
(0.193028751483713,0.292479447259677,0.333304441559385,0.359680972263406,
0.372869237615416,0.386057502967426),.UNSPECIFIED.);
#875=B_SPLINE_CURVE_WITH_KNOTS('',3,(#3413,#3414,#3415,#3416,#3417,#3418,
#3419,#3420,#3421,#3422,#3423,#3424,#3425,#3426,#3427,#3428,#3429,#3430,
#3431,#3432,#3433,#3434,#3435,#3436,#3437,#3438,#3439),.UNSPECIFIED.,.F.,
 .F.,(4,2,2,2,2,2,3,2,2,2,2,2,4),(-0.672733728155365,-0.535897535642395,
-0.399061343129424,-0.332824380513955,-0.266587417898486,-0.133293708949243,
0.,0.133293708949243,0.266587417898487,0.332824380513955,0.399061343129424,
0.535897535642395,0.672733728155365),.UNSPECIFIED.);
#876=B_SPLINE_CURVE_WITH_KNOTS('',3,(#3442,#3443,#3444,#3445,#3446,#3447,
#3448,#3449,#3450,#3451,#3452,#3453),.UNSPECIFIED.,.F.,.F.,(4,2,2,2,2,4),
(0.386057502967426,0.399245768319436,0.412434033671446,0.438810564375466,
0.479635558675175,0.579086254451139),.UNSPECIFIED.);
#877=B_SPLINE_CURVE_WITH_KNOTS('',3,(#3515,#3516,#3517,#3518,#3519,#3520,
#3521,#3522,#3523,#3524,#3525,#3526,#3527,#3528,#3529,#3530,#3531,#3532,
#3533,#3534,#3535,#3536),.UNSPECIFIED.,.F.,.F.,(4,2,2,2,2,2,2,2,2,2,4),
(-0.395513363687103,-0.313836069563562,-0.272997422501791,-0.232158775440021,
-0.214957728641786,-0.197756681843551,-0.180555635045317,-0.163354588247082,
-0.122515941185312,-0.081677294123541,0.),.UNSPECIFIED.);
#878=B_SPLINE_CURVE_WITH_KNOTS('',3,(#3758,#3759,#3760,#3761,#3762,#3763,
#3764,#3765,#3766,#3767),.UNSPECIFIED.,.F.,.F.,(4,2,2,2,4),(0.413752265640441,
0.512131966207786,0.610511666775132,0.684203040951935,0.757894415128738),
 .UNSPECIFIED.);
#879=B_SPLINE_CURVE_WITH_KNOTS('',3,(#3771,#3772,#3773,#3774,#3775,#3776,
#3777,#3778,#3779,#3780),.UNSPECIFIED.,.F.,.F.,(4,2,2,2,4),(0.757894415128738,
0.831585789305541,0.905277163482343,1.00365686404969,1.10203656461703),
 .UNSPECIFIED.);
#880=B_SPLINE_CURVE_WITH_KNOTS('',3,(#3797,#3798,#3799,#3800,#3801,#3802),
 .UNSPECIFIED.,.F.,.F.,(4,2,4),(0.833642112214286,0.837777656947714,0.913759589987626),
 .UNSPECIFIED.);
#881=B_SPLINE_CURVE_WITH_KNOTS('',3,(#3805,#3806,#3807,#3808,#3809,#3810,
#3811,#3812,#3813,#3814,#3815,#3816,#3817,#3818),.UNSPECIFIED.,.F.,.F.,
(4,2,2,2,2,2,4),(1.28339406263685,1.31369713084619,1.36421783668486,1.41473854252353,
1.4634294146822,1.51212028684087,1.60950203115822),.UNSPECIFIED.);
#882=B_SPLINE_CURVE_WITH_KNOTS('',3,(#3836,#3837,#3838,#3839,#3840,#3841,
#3842,#3843,#3844,#3845,#3846,#3847,#3848,#3849),.UNSPECIFIED.,.F.,.F.,
(4,2,2,2,2,2,4),(0.536500677052739,0.633882421370081,0.682573293528752,
0.731264165687423,0.781784871526096,0.832305577364768,0.862608645574108),
 .UNSPECIFIED.);
#883=B_SPLINE_CURVE_WITH_KNOTS('',3,(#3852,#3853,#3854,#3855,#3856,#3857),
 .UNSPECIFIED.,.F.,.F.,(4,2,4),(0.3084072924438,0.384389225483712,0.388524770217141),
 .UNSPECIFIED.);
#884=B_SPLINE_CURVE_WITH_KNOTS('',3,(#3915,#3916,#3917,#3918,#3919),
 .UNSPECIFIED.,.F.,.F.,(4,1,4),(-4.74285036904679,-4.39547382525642,-4.13494141741364),
 .UNSPECIFIED.);
#885=B_SPLINE_CURVE_WITH_KNOTS('',3,(#3921,#3922,#3923,#3924,#3925,#3926,
#3927),.UNSPECIFIED.,.F.,.F.,(4,3,4),(0.,0.0558172105586647,0.111634421117329),
 .UNSPECIFIED.);
#886=B_SPLINE_CURVE_WITH_KNOTS('',3,(#3928,#3929,#3930,#3931,#3932),
 .UNSPECIFIED.,.F.,.F.,(4,1,4),(4.13494141741364,4.39547382525642,4.74285036904679),
 .UNSPECIFIED.);
#887=B_SPLINE_CURVE_WITH_KNOTS('',3,(#3974,#3975,#3976,#3977,#3978,#3979,
#3980,#3981),.UNSPECIFIED.,.F.,.F.,(4,1,1,2,4),(-0.562646609746494,-0.337587965847896,
-0.225058643898597,0.,0.00115089755253999),.UNSPECIFIED.);
#888=B_SPLINE_CURVE_WITH_KNOTS('',3,(#4012,#4013,#4014,#4015,#4016),
 .UNSPECIFIED.,.F.,.F.,(4,1,4),(4.69665734151364,5.04406609628327,5.30462266236049),
 .UNSPECIFIED.);
#889=B_SPLINE_CURVE_WITH_KNOTS('',3,(#4018,#4019,#4020,#4021,#4022,#4023,
#4024),.UNSPECIFIED.,.F.,.F.,(4,3,4),(0.,0.055817210558664,0.111634421117328),
 .UNSPECIFIED.);
#890=B_SPLINE_CURVE_WITH_KNOTS('',3,(#4025,#4026,#4027,#4028,#4029),
 .UNSPECIFIED.,.F.,.F.,(4,1,4),(-5.30462266236049,-5.04406609628327,-4.69665734151364),
 .UNSPECIFIED.);
#891=B_SPLINE_CURVE_WITH_KNOTS('',3,(#4063,#4064,#4065,#4066,#4067,#4068,
#4069,#4070),.UNSPECIFIED.,.F.,.F.,(4,2,1,1,4),(-2.6184210512047,-2.61727015365468,
-2.39221150975662,-2.27968218780759,-2.05462354390952),.UNSPECIFIED.);
#892=B_SPLINE_CURVE_WITH_KNOTS('',3,(#4136,#4137,#4138,#4139,#4140,#4141,
#4142,#4143,#4144,#4145),.UNSPECIFIED.,.F.,.F.,(4,3,3,4),(0.,0.167070629273907,
0.278451048789845,0.389831468305782),.UNSPECIFIED.);
#893=B_SPLINE_CURVE_WITH_KNOTS('',3,(#4147,#4148,#4149,#4150,#4151,#4152,
#4153,#4154,#4155,#4156,#4157,#4158,#4159,#4160,#4161,#4162,#4163,#4164,
#4165,#4166,#4167,#4168,#4169,#4170,#4171,#4172,#4173,#4174,#4175,#4176,
#4177,#4178,#4179,#4180,#4181,#4182,#4183,#4184,#4185,#4186,#4187,#4188,
#4189,#4190,#4191,#4192,#4193,#4194,#4195,#4196,#4197,#4198,#4199,#4200,
#4201,#4202,#4203,#4204,#4205,#4206,#4207,#4208,#4209,#4210,#4211,#4212,
#4213,#4214,#4215,#4216,#4217,#4218,#4219,#4220,#4221,#4222,#4223,#4224,
#4225,#4226,#4227,#4228,#4229,#4230,#4231,#4232,#4233,#4234),
 .UNSPECIFIED.,.F.,.F.,(4,3,3,3,3,3,3,3,3,3,3,3,3,3,3,3,3,3,3,3,3,3,3,3,
3,3,3,3,3,4),(-2.37684321994573,-2.36078766205503,-2.30392436485585,-2.24706106765667,
-2.24102054700682,-2.19210613914041,-2.14314549863041,-2.12648468164294,
-2.10519927328847,-2.05407065400223,-2.01154716255991,-1.96941036400832,
-1.91874466015106,-1.9014749630025,-1.85010273829069,-1.83344562727227,
-1.80983025126943,-1.77163651140055,-1.73278971317951,-1.71741602689658,
-1.68044300428453,-1.6435256084226,-1.60744594037906,-1.59813158406827,
-1.56190686875438,-1.51297410441824,-1.49399701148933,-1.48672454370211,
-1.45439485890324,-1.42610211865614),.UNSPECIFIED.);
#894=B_SPLINE_CURVE_WITH_KNOTS('',3,(#4236,#4237,#4238,#4239,#4240,#4241,
#4242,#4243,#4244,#4245),.UNSPECIFIED.,.F.,.F.,(4,3,3,4),(0.,0.111380419515937,
0.222760839031875,0.389831468305781),.UNSPECIFIED.);
#895=B_SPLINE_CURVE_WITH_KNOTS('',3,(#4246,#4247,#4248,#4249,#4250,#4251,
#4252,#4253,#4254,#4255),.UNSPECIFIED.,.F.,.F.,(4,1,1,1,1,1,1,4),(1.42610211865614,
1.49401219731968,1.56192227598323,1.8335625906374,1.96938274796448,2.10520290529156,
2.24102306261865,2.37684321994573),.UNSPECIFIED.);
#896=VERTEX_POINT('',#3130);
#897=VERTEX_POINT('',#3131);
#898=VERTEX_POINT('',#3144);
#899=VERTEX_POINT('',#3146);
#900=VERTEX_POINT('',#3174);
#901=VERTEX_POINT('',#3189);
#902=VERTEX_POINT('',#3191);
#903=VERTEX_POINT('',#3195);
#904=VERTEX_POINT('',#3199);
#905=VERTEX_POINT('',#3200);
#906=VERTEX_POINT('',#3202);
#907=VERTEX_POINT('',#3204);
#908=VERTEX_POINT('',#3208);
#909=VERTEX_POINT('',#3210);
#910=VERTEX_POINT('',#3214);
#911=VERTEX_POINT('',#3216);
#912=VERTEX_POINT('',#3223);
#913=VERTEX_POINT('',#3224);
#914=VERTEX_POINT('',#3226);
#915=VERTEX_POINT('',#3228);
#916=VERTEX_POINT('',#3232);
#917=VERTEX_POINT('',#3234);
#918=VERTEX_POINT('',#3238);
#919=VERTEX_POINT('',#3240);
#920=VERTEX_POINT('',#3247);
#921=VERTEX_POINT('',#3248);
#922=VERTEX_POINT('',#3271);
#923=VERTEX_POINT('',#3273);
#924=VERTEX_POINT('',#3275);
#925=VERTEX_POINT('',#3278);
#926=VERTEX_POINT('',#3282);
#927=VERTEX_POINT('',#3284);
#928=VERTEX_POINT('',#3286);
#929=VERTEX_POINT('',#3288);
#930=VERTEX_POINT('',#3296);
#931=VERTEX_POINT('',#3299);
#932=VERTEX_POINT('',#3303);
#933=VERTEX_POINT('',#3305);
#934=VERTEX_POINT('',#3309);
#935=VERTEX_POINT('',#3315);
#936=VERTEX_POINT('',#3324);
#937=VERTEX_POINT('',#3326);
#938=VERTEX_POINT('',#3330);
#939=VERTEX_POINT('',#3331);
#940=VERTEX_POINT('',#3333);
#941=VERTEX_POINT('',#3335);
#942=VERTEX_POINT('',#3339);
#943=VERTEX_POINT('',#3341);
#944=VERTEX_POINT('',#3345);
#945=VERTEX_POINT('',#3347);
#946=VERTEX_POINT('',#3354);
#947=VERTEX_POINT('',#3356);
#948=VERTEX_POINT('',#3360);
#949=VERTEX_POINT('',#3362);
#950=VERTEX_POINT('',#3366);
#951=VERTEX_POINT('',#3368);
#952=VERTEX_POINT('',#3372);
#953=VERTEX_POINT('',#3374);
#954=VERTEX_POINT('',#3378);
#955=VERTEX_POINT('',#3380);
#956=VERTEX_POINT('',#3384);
#957=VERTEX_POINT('',#3386);
#958=VERTEX_POINT('',#3396);
#959=VERTEX_POINT('',#3397);
#960=VERTEX_POINT('',#3410);
#961=VERTEX_POINT('',#3412);
#962=VERTEX_POINT('',#3440);
#963=VERTEX_POINT('',#3455);
#964=VERTEX_POINT('',#3457);
#965=VERTEX_POINT('',#3461);
#966=VERTEX_POINT('',#3465);
#967=VERTEX_POINT('',#3466);
#968=VERTEX_POINT('',#3468);
#969=VERTEX_POINT('',#3470);
#970=VERTEX_POINT('',#3474);
#971=VERTEX_POINT('',#3476);
#972=VERTEX_POINT('',#3480);
#973=VERTEX_POINT('',#3482);
#974=VERTEX_POINT('',#3489);
#975=VERTEX_POINT('',#3490);
#976=VERTEX_POINT('',#3492);
#977=VERTEX_POINT('',#3494);
#978=VERTEX_POINT('',#3498);
#979=VERTEX_POINT('',#3500);
#980=VERTEX_POINT('',#3504);
#981=VERTEX_POINT('',#3506);
#982=VERTEX_POINT('',#3513);
#983=VERTEX_POINT('',#3514);
#984=VERTEX_POINT('',#3537);
#985=VERTEX_POINT('',#3539);
#986=VERTEX_POINT('',#3541);
#987=VERTEX_POINT('',#3544);
#988=VERTEX_POINT('',#3548);
#989=VERTEX_POINT('',#3550);
#990=VERTEX_POINT('',#3552);
#991=VERTEX_POINT('',#3554);
#992=VERTEX_POINT('',#3562);
#993=VERTEX_POINT('',#3565);
#994=VERTEX_POINT('',#3569);
#995=VERTEX_POINT('',#3571);
#996=VERTEX_POINT('',#3575);
#997=VERTEX_POINT('',#3581);
#998=VERTEX_POINT('',#3590);
#999=VERTEX_POINT('',#3592);
#1000=VERTEX_POINT('',#3596);
#1001=VERTEX_POINT('',#3597);
#1002=VERTEX_POINT('',#3599);
#1003=VERTEX_POINT('',#3601);
#1004=VERTEX_POINT('',#3605);
#1005=VERTEX_POINT('',#3607);
#1006=VERTEX_POINT('',#3611);
#1007=VERTEX_POINT('',#3613);
#1008=VERTEX_POINT('',#3620);
#1009=VERTEX_POINT('',#3622);
#1010=VERTEX_POINT('',#3626);
#1011=VERTEX_POINT('',#3628);
#1012=VERTEX_POINT('',#3632);
#1013=VERTEX_POINT('',#3634);
#1014=VERTEX_POINT('',#3638);
#1015=VERTEX_POINT('',#3640);
#1016=VERTEX_POINT('',#3644);
#1017=VERTEX_POINT('',#3646);
#1018=VERTEX_POINT('',#3650);
#1019=VERTEX_POINT('',#3652);
#1020=VERTEX_POINT('',#3665);
#1021=VERTEX_POINT('',#3667);
#1022=VERTEX_POINT('',#3671);
#1023=VERTEX_POINT('',#3673);
#1024=VERTEX_POINT('',#3677);
#1025=VERTEX_POINT('',#3678);
#1026=VERTEX_POINT('',#3680);
#1027=VERTEX_POINT('',#3682);
#1028=VERTEX_POINT('',#3686);
#1029=VERTEX_POINT('',#3688);
#1030=VERTEX_POINT('',#3692);
#1031=VERTEX_POINT('',#3694);
#1032=VERTEX_POINT('',#3704);
#1033=VERTEX_POINT('',#3706);
#1034=VERTEX_POINT('',#3710);
#1035=VERTEX_POINT('',#3712);
#1036=VERTEX_POINT('',#3716);
#1037=VERTEX_POINT('',#3717);
#1038=VERTEX_POINT('',#3719);
#1039=VERTEX_POINT('',#3721);
#1040=VERTEX_POINT('',#3725);
#1041=VERTEX_POINT('',#3727);
#1042=VERTEX_POINT('',#3731);
#1043=VERTEX_POINT('',#3733);
#1044=VERTEX_POINT('',#3745);
#1045=VERTEX_POINT('',#3746);
#1046=VERTEX_POINT('',#3748);
#1047=VERTEX_POINT('',#3750);
#1048=VERTEX_POINT('',#3756);
#1049=VERTEX_POINT('',#3757);
#1050=VERTEX_POINT('',#3768);
#1051=VERTEX_POINT('',#3770);
#1052=VERTEX_POINT('',#3783);
#1053=VERTEX_POINT('',#3785);
#1054=VERTEX_POINT('',#3787);
#1055=VERTEX_POINT('',#3789);
#1056=VERTEX_POINT('',#3792);
#1057=VERTEX_POINT('',#3795);
#1058=VERTEX_POINT('',#3796);
#1059=VERTEX_POINT('',#3803);
#1060=VERTEX_POINT('',#3819);
#1061=VERTEX_POINT('',#3823);
#1062=VERTEX_POINT('',#3825);
#1063=VERTEX_POINT('',#3827);
#1064=VERTEX_POINT('',#3830);
#1065=VERTEX_POINT('',#3833);
#1066=VERTEX_POINT('',#3835);
#1067=VERTEX_POINT('',#3850);
#1068=VERTEX_POINT('',#3859);
#1069=VERTEX_POINT('',#3862);
#1070=VERTEX_POINT('',#3877);
#1071=VERTEX_POINT('',#3881);
#1072=VERTEX_POINT('',#3911);
#1073=VERTEX_POINT('',#3912);
#1074=VERTEX_POINT('',#3914);
#1075=VERTEX_POINT('',#3920);
#1076=VERTEX_POINT('',#3973);
#1077=VERTEX_POINT('',#4008);
#1078=VERTEX_POINT('',#4009);
#1079=VERTEX_POINT('',#4011);
#1080=VERTEX_POINT('',#4017);
#1081=VERTEX_POINT('',#4134);
#1082=VERTEX_POINT('',#4135);
#1083=VERTEX_POINT('',#4146);
#1084=VERTEX_POINT('',#4235);
#1085=VERTEX_POINT('',#4261);
#1086=VERTEX_POINT('',#4264);
#1087=VERTEX_POINT('',#4269);
#1088=EDGE_CURVE('',#896,#897,#870,.T.);
#1089=EDGE_CURVE('',#898,#896,#556,.T.);
#1090=EDGE_CURVE('',#899,#898,#871,.T.);
#1091=EDGE_CURVE('',#900,#899,#557,.T.);
#1092=EDGE_CURVE('',#897,#900,#872,.T.);
#1093=EDGE_CURVE('',#901,#898,#558,.T.);
#1094=EDGE_CURVE('',#902,#901,#177,.T.);
#1095=EDGE_CURVE('',#902,#899,#559,.T.);
#1096=EDGE_CURVE('',#896,#903,#178,.T.);
#1097=EDGE_CURVE('',#898,#903,#560,.T.);
#1098=EDGE_CURVE('',#904,#905,#561,.T.);
#1099=EDGE_CURVE('',#906,#904,#562,.T.);
#1100=EDGE_CURVE('',#907,#906,#563,.T.);
#1101=EDGE_CURVE('',#907,#905,#564,.T.);
#1102=EDGE_CURVE('',#905,#908,#179,.T.);
#1103=EDGE_CURVE('',#909,#907,#180,.T.);
#1104=EDGE_CURVE('',#909,#908,#565,.T.);
#1105=EDGE_CURVE('',#908,#910,#566,.T.);
#1106=EDGE_CURVE('',#911,#909,#567,.T.);
#1107=EDGE_CURVE('',#911,#910,#568,.T.);
#1108=EDGE_CURVE('',#910,#904,#181,.T.);
#1109=EDGE_CURVE('',#906,#911,#182,.T.);
#1110=EDGE_CURVE('',#912,#913,#569,.T.);
#1111=EDGE_CURVE('',#914,#912,#570,.T.);
#1112=EDGE_CURVE('',#915,#914,#571,.T.);
#1113=EDGE_CURVE('',#915,#913,#572,.T.);
#1114=EDGE_CURVE('',#913,#916,#183,.T.);
#1115=EDGE_CURVE('',#917,#915,#184,.T.);
#1116=EDGE_CURVE('',#917,#916,#573,.T.);
#1117=EDGE_CURVE('',#916,#918,#574,.T.);
#1118=EDGE_CURVE('',#919,#917,#575,.T.);
#1119=EDGE_CURVE('',#919,#918,#576,.T.);
#1120=EDGE_CURVE('',#918,#912,#185,.T.);
#1121=EDGE_CURVE('',#914,#919,#186,.T.);
#1122=EDGE_CURVE('',#920,#921,#873,.T.);
#1123=EDGE_CURVE('',#922,#920,#187,.T.);
#1124=EDGE_CURVE('',#923,#922,#188,.T.);
#1125=EDGE_CURVE('',#923,#924,#577,.T.);
#1126=EDGE_CURVE('',#924,#924,#113,.T.);
#1127=EDGE_CURVE('',#925,#923,#189,.T.);
#1128=EDGE_CURVE('',#921,#925,#190,.T.);
#1129=EDGE_CURVE('',#926,#921,#578,.T.);
#1130=EDGE_CURVE('',#927,#926,#191,.T.);
#1131=EDGE_CURVE('',#927,#928,#579,.T.);
#1132=EDGE_CURVE('',#929,#928,#192,.T.);
#1133=EDGE_CURVE('',#920,#929,#580,.T.);
#1134=EDGE_CURVE('',#926,#925,#581,.T.);
#1135=EDGE_CURVE('',#922,#929,#582,.T.);
#1136=EDGE_CURVE('',#897,#930,#583,.T.);
#1137=EDGE_CURVE('',#930,#930,#193,.T.);
#1138=EDGE_CURVE('',#931,#900,#194,.T.);
#1139=EDGE_CURVE('',#903,#931,#195,.T.);
#1140=EDGE_CURVE('',#932,#901,#584,.T.);
#1141=EDGE_CURVE('',#933,#932,#585,.T.);
#1142=EDGE_CURVE('',#933,#902,#586,.T.);
#1143=EDGE_CURVE('',#934,#931,#587,.T.);
#1144=EDGE_CURVE('',#903,#934,#588,.T.);
#1145=EDGE_CURVE('',#931,#899,#589,.T.);
#1146=EDGE_CURVE('',#935,#934,#196,.T.);
#1147=EDGE_CURVE('',#899,#926,#197,.T.);
#1148=EDGE_CURVE('',#925,#935,#590,.T.);
#1149=EDGE_CURVE('',#898,#929,#198,.T.);
#1150=EDGE_CURVE('',#935,#922,#591,.T.);
#1151=EDGE_CURVE('',#936,#936,#199,.T.);
#1152=EDGE_CURVE('',#936,#937,#592,.T.);
#1153=EDGE_CURVE('',#937,#937,#200,.T.);
#1154=EDGE_CURVE('',#938,#939,#593,.T.);
#1155=EDGE_CURVE('',#939,#940,#594,.T.);
#1156=EDGE_CURVE('',#941,#940,#595,.T.);
#1157=EDGE_CURVE('',#938,#941,#596,.T.);
#1158=EDGE_CURVE('',#942,#938,#201,.T.);
#1159=EDGE_CURVE('',#943,#941,#202,.T.);
#1160=EDGE_CURVE('',#942,#943,#597,.T.);
#1161=EDGE_CURVE('',#944,#942,#598,.T.);
#1162=EDGE_CURVE('',#945,#943,#599,.T.);
#1163=EDGE_CURVE('',#944,#945,#600,.T.);
#1164=EDGE_CURVE('',#939,#944,#203,.T.);
#1165=EDGE_CURVE('',#940,#945,#204,.T.);
#1166=EDGE_CURVE('',#946,#946,#205,.T.);
#1167=EDGE_CURVE('',#946,#947,#601,.T.);
#1168=EDGE_CURVE('',#947,#947,#206,.T.);
#1169=EDGE_CURVE('',#948,#933,#207,.T.);
#1170=EDGE_CURVE('',#949,#932,#208,.T.);
#1171=EDGE_CURVE('',#948,#949,#602,.T.);
#1172=EDGE_CURVE('',#948,#950,#603,.T.);
#1173=EDGE_CURVE('',#951,#949,#604,.T.);
#1174=EDGE_CURVE('',#950,#951,#605,.T.);
#1175=EDGE_CURVE('',#952,#950,#209,.T.);
#1176=EDGE_CURVE('',#953,#951,#210,.T.);
#1177=EDGE_CURVE('',#952,#953,#606,.T.);
#1178=EDGE_CURVE('',#952,#954,#607,.T.);
#1179=EDGE_CURVE('',#955,#953,#608,.T.);
#1180=EDGE_CURVE('',#954,#955,#609,.T.);
#1181=EDGE_CURVE('',#956,#954,#211,.T.);
#1182=EDGE_CURVE('',#957,#955,#212,.T.);
#1183=EDGE_CURVE('',#956,#957,#610,.T.);
#1184=EDGE_CURVE('',#927,#956,#611,.T.);
#1185=EDGE_CURVE('',#928,#957,#612,.T.);
#1186=EDGE_CURVE('',#958,#959,#874,.T.);
#1187=EDGE_CURVE('',#960,#958,#613,.T.);
#1188=EDGE_CURVE('',#961,#960,#875,.T.);
#1189=EDGE_CURVE('',#962,#961,#614,.T.);
#1190=EDGE_CURVE('',#959,#962,#876,.T.);
#1191=EDGE_CURVE('',#963,#960,#615,.T.);
#1192=EDGE_CURVE('',#963,#964,#213,.T.);
#1193=EDGE_CURVE('',#964,#961,#616,.T.);
#1194=EDGE_CURVE('',#965,#958,#214,.T.);
#1195=EDGE_CURVE('',#965,#960,#617,.T.);
#1196=EDGE_CURVE('',#966,#967,#618,.T.);
#1197=EDGE_CURVE('',#968,#967,#619,.T.);
#1198=EDGE_CURVE('',#968,#969,#620,.T.);
#1199=EDGE_CURVE('',#969,#966,#621,.T.);
#1200=EDGE_CURVE('',#967,#970,#215,.T.);
#1201=EDGE_CURVE('',#971,#970,#622,.T.);
#1202=EDGE_CURVE('',#971,#968,#216,.T.);
#1203=EDGE_CURVE('',#970,#972,#623,.T.);
#1204=EDGE_CURVE('',#973,#972,#624,.T.);
#1205=EDGE_CURVE('',#973,#971,#625,.T.);
#1206=EDGE_CURVE('',#972,#966,#217,.T.);
#1207=EDGE_CURVE('',#969,#973,#218,.T.);
#1208=EDGE_CURVE('',#974,#975,#626,.T.);
#1209=EDGE_CURVE('',#976,#975,#627,.T.);
#1210=EDGE_CURVE('',#976,#977,#628,.T.);
#1211=EDGE_CURVE('',#977,#974,#629,.T.);
#1212=EDGE_CURVE('',#975,#978,#219,.T.);
#1213=EDGE_CURVE('',#979,#978,#630,.T.);
#1214=EDGE_CURVE('',#979,#976,#220,.T.);
#1215=EDGE_CURVE('',#978,#980,#631,.T.);
#1216=EDGE_CURVE('',#981,#980,#632,.T.);
#1217=EDGE_CURVE('',#981,#979,#633,.T.);
#1218=EDGE_CURVE('',#980,#974,#221,.T.);
#1219=EDGE_CURVE('',#977,#981,#222,.T.);
#1220=EDGE_CURVE('',#982,#983,#877,.T.);
#1221=EDGE_CURVE('',#983,#984,#223,.T.);
#1222=EDGE_CURVE('',#984,#985,#224,.T.);
#1223=EDGE_CURVE('',#985,#986,#634,.T.);
#1224=EDGE_CURVE('',#986,#986,#114,.T.);
#1225=EDGE_CURVE('',#985,#987,#225,.T.);
#1226=EDGE_CURVE('',#987,#982,#226,.T.);
#1227=EDGE_CURVE('',#982,#988,#635,.T.);
#1228=EDGE_CURVE('',#988,#989,#227,.T.);
#1229=EDGE_CURVE('',#990,#989,#636,.T.);
#1230=EDGE_CURVE('',#990,#991,#228,.T.);
#1231=EDGE_CURVE('',#991,#983,#637,.T.);
#1232=EDGE_CURVE('',#991,#984,#638,.T.);
#1233=EDGE_CURVE('',#987,#988,#639,.T.);
#1234=EDGE_CURVE('',#959,#992,#640,.T.);
#1235=EDGE_CURVE('',#992,#992,#229,.T.);
#1236=EDGE_CURVE('',#962,#993,#230,.T.);
#1237=EDGE_CURVE('',#993,#965,#231,.T.);
#1238=EDGE_CURVE('',#994,#963,#641,.T.);
#1239=EDGE_CURVE('',#994,#995,#642,.T.);
#1240=EDGE_CURVE('',#995,#964,#643,.T.);
#1241=EDGE_CURVE('',#993,#996,#644,.T.);
#1242=EDGE_CURVE('',#996,#965,#645,.T.);
#1243=EDGE_CURVE('',#961,#993,#646,.T.);
#1244=EDGE_CURVE('',#997,#996,#232,.T.);
#1245=EDGE_CURVE('',#984,#997,#647,.T.);
#1246=EDGE_CURVE('',#960,#991,#233,.T.);
#1247=EDGE_CURVE('',#961,#988,#234,.T.);
#1248=EDGE_CURVE('',#997,#987,#648,.T.);
#1249=EDGE_CURVE('',#998,#998,#235,.T.);
#1250=EDGE_CURVE('',#998,#999,#649,.T.);
#1251=EDGE_CURVE('',#999,#999,#236,.T.);
#1252=EDGE_CURVE('',#1000,#1001,#650,.T.);
#1253=EDGE_CURVE('',#1000,#1002,#651,.T.);
#1254=EDGE_CURVE('',#1002,#1003,#652,.T.);
#1255=EDGE_CURVE('',#1001,#1003,#653,.T.);
#1256=EDGE_CURVE('',#1004,#1000,#237,.T.);
#1257=EDGE_CURVE('',#1004,#1005,#654,.T.);
#1258=EDGE_CURVE('',#1005,#1002,#238,.T.);
#1259=EDGE_CURVE('',#1006,#1004,#655,.T.);
#1260=EDGE_CURVE('',#1006,#1007,#656,.T.);
#1261=EDGE_CURVE('',#1007,#1005,#657,.T.);
#1262=EDGE_CURVE('',#1001,#1006,#239,.T.);
#1263=EDGE_CURVE('',#1003,#1007,#240,.T.);
#1264=EDGE_CURVE('',#1008,#1008,#241,.T.);
#1265=EDGE_CURVE('',#1008,#1009,#658,.T.);
#1266=EDGE_CURVE('',#1009,#1009,#242,.T.);
#1267=EDGE_CURVE('',#1010,#994,#243,.T.);
#1268=EDGE_CURVE('',#1010,#1011,#659,.T.);
#1269=EDGE_CURVE('',#1011,#995,#244,.T.);
#1270=EDGE_CURVE('',#1010,#1012,#660,.T.);
#1271=EDGE_CURVE('',#1012,#1013,#661,.T.);
#1272=EDGE_CURVE('',#1013,#1011,#662,.T.);
#1273=EDGE_CURVE('',#1014,#1012,#245,.T.);
#1274=EDGE_CURVE('',#1014,#1015,#663,.T.);
#1275=EDGE_CURVE('',#1015,#1013,#246,.T.);
#1276=EDGE_CURVE('',#1014,#1016,#664,.T.);
#1277=EDGE_CURVE('',#1016,#1017,#665,.T.);
#1278=EDGE_CURVE('',#1017,#1015,#666,.T.);
#1279=EDGE_CURVE('',#1018,#1016,#247,.T.);
#1280=EDGE_CURVE('',#1018,#1019,#667,.T.);
#1281=EDGE_CURVE('',#1019,#1017,#248,.T.);
#1282=EDGE_CURVE('',#990,#1018,#668,.T.);
#1283=EDGE_CURVE('',#989,#1019,#669,.T.);
#1284=EDGE_CURVE('',#1020,#1020,#249,.T.);
#1285=EDGE_CURVE('',#1020,#1021,#670,.T.);
#1286=EDGE_CURVE('',#1021,#1021,#250,.T.);
#1287=EDGE_CURVE('',#1022,#1022,#251,.T.);
#1288=EDGE_CURVE('',#1022,#1023,#671,.T.);
#1289=EDGE_CURVE('',#1023,#1023,#252,.T.);
#1290=EDGE_CURVE('',#1024,#1025,#253,.T.);
#1291=EDGE_CURVE('',#1025,#1026,#672,.T.);
#1292=EDGE_CURVE('',#1027,#1026,#254,.T.);
#1293=EDGE_CURVE('',#1024,#1027,#673,.T.);
#1294=EDGE_CURVE('',#1024,#1028,#674,.T.);
#1295=EDGE_CURVE('',#1029,#1027,#675,.T.);
#1296=EDGE_CURVE('',#1028,#1029,#676,.T.);
#1297=EDGE_CURVE('',#1030,#1028,#255,.T.);
#1298=EDGE_CURVE('',#1031,#1029,#256,.T.);
#1299=EDGE_CURVE('',#1030,#1031,#677,.T.);
#1300=EDGE_CURVE('',#1025,#1030,#678,.T.);
#1301=EDGE_CURVE('',#1026,#1031,#679,.T.);
#1302=EDGE_CURVE('',#1032,#1032,#257,.T.);
#1303=EDGE_CURVE('',#1032,#1033,#680,.T.);
#1304=EDGE_CURVE('',#1033,#1033,#258,.T.);
#1305=EDGE_CURVE('',#1034,#1034,#259,.T.);
#1306=EDGE_CURVE('',#1034,#1035,#681,.T.);
#1307=EDGE_CURVE('',#1035,#1035,#260,.T.);
#1308=EDGE_CURVE('',#1036,#1037,#261,.T.);
#1309=EDGE_CURVE('',#1036,#1038,#682,.T.);
#1310=EDGE_CURVE('',#1038,#1039,#262,.T.);
#1311=EDGE_CURVE('',#1037,#1039,#683,.T.);
#1312=EDGE_CURVE('',#1036,#1040,#684,.T.);
#1313=EDGE_CURVE('',#1040,#1041,#685,.T.);
#1314=EDGE_CURVE('',#1041,#1038,#686,.T.);
#1315=EDGE_CURVE('',#1042,#1040,#263,.T.);
#1316=EDGE_CURVE('',#1042,#1043,#687,.T.);
#1317=EDGE_CURVE('',#1043,#1041,#264,.T.);
#1318=EDGE_CURVE('',#1037,#1042,#688,.T.);
#1319=EDGE_CURVE('',#1039,#1043,#689,.T.);
#1320=EDGE_CURVE('',#1044,#1045,#115,.F.);
#1321=EDGE_CURVE('',#1045,#1046,#690,.T.);
#1322=EDGE_CURVE('',#1046,#1047,#116,.F.);
#1323=EDGE_CURVE('',#1047,#1044,#691,.T.);
#1324=EDGE_CURVE('',#1045,#1046,#265,.T.);
#1325=EDGE_CURVE('',#1048,#1049,#878,.T.);
#1326=EDGE_CURVE('',#1049,#1050,#692,.T.);
#1327=EDGE_CURVE('',#1050,#1051,#879,.T.);
#1328=EDGE_CURVE('',#1051,#1048,#693,.T.);
#1329=EDGE_CURVE('',#1049,#1052,#694,.T.);
#1330=EDGE_CURVE('',#1052,#1053,#695,.T.);
#1331=EDGE_CURVE('',#1053,#1054,#266,.T.);
#1332=EDGE_CURVE('',#1054,#1055,#696,.T.);
#1333=EDGE_CURVE('',#1055,#1050,#697,.T.);
#1334=EDGE_CURVE('',#1056,#1056,#267,.T.);
#1335=EDGE_CURVE('',#1057,#1058,#880,.F.);
#1336=EDGE_CURVE('',#1057,#1059,#698,.T.);
#1337=EDGE_CURVE('',#1044,#1059,#881,.F.);
#1338=EDGE_CURVE('',#1044,#1060,#699,.T.);
#1339=EDGE_CURVE('',#1060,#1058,#117,.T.);
#1340=EDGE_CURVE('',#1061,#1047,#700,.T.);
#1341=EDGE_CURVE('',#1062,#1061,#701,.T.);
#1342=EDGE_CURVE('',#1063,#1062,#268,.T.);
#1343=EDGE_CURVE('',#1060,#1063,#702,.T.);
#1344=EDGE_CURVE('',#1064,#1064,#269,.T.);
#1345=EDGE_CURVE('',#1061,#1065,#118,.F.);
#1346=EDGE_CURVE('',#1047,#1066,#882,.T.);
#1347=EDGE_CURVE('',#1066,#1067,#703,.T.);
#1348=EDGE_CURVE('',#1067,#1065,#883,.T.);
#1349=EDGE_CURVE('',#1057,#1068,#270,.T.);
#1350=EDGE_CURVE('',#1068,#1067,#271,.T.);
#1351=EDGE_CURVE('',#1066,#1069,#272,.T.);
#1352=EDGE_CURVE('',#1069,#1059,#273,.T.);
#1353=EDGE_CURVE('',#1052,#1058,#119,.T.);
#1354=EDGE_CURVE('',#1063,#1053,#704,.T.);
#1355=EDGE_CURVE('',#1056,#1064,#705,.T.);
#1356=EDGE_CURVE('',#1065,#1055,#120,.F.);
#1357=EDGE_CURVE('',#1062,#1054,#706,.T.);
#1358=EDGE_CURVE('',#1051,#1048,#274,.T.);
#1359=EDGE_CURVE('',#1069,#1070,#707,.T.);
#1360=EDGE_CURVE('',#1070,#1070,#275,.T.);
#1361=EDGE_CURVE('',#1068,#1071,#708,.T.);
#1362=EDGE_CURVE('',#1071,#1071,#276,.T.);
#1363=EDGE_CURVE('',#1072,#1073,#277,.T.);
#1364=EDGE_CURVE('',#1073,#1074,#884,.T.);
#1365=EDGE_CURVE('',#1074,#1075,#885,.T.);
#1366=EDGE_CURVE('',#1075,#1072,#886,.T.);
#1367=EDGE_CURVE('',#1072,#1076,#887,.T.);
#1368=EDGE_CURVE('',#1073,#1076,#278,.T.);
#1369=EDGE_CURVE('',#1077,#1078,#279,.T.);
#1370=EDGE_CURVE('',#1078,#1079,#888,.T.);
#1371=EDGE_CURVE('',#1079,#1080,#889,.T.);
#1372=EDGE_CURVE('',#1080,#1077,#890,.T.);
#1373=EDGE_CURVE('',#1076,#1077,#280,.T.);
#1374=EDGE_CURVE('',#1076,#1078,#891,.T.);
#1375=EDGE_CURVE('',#1077,#1073,#281,.T.);
#1376=EDGE_CURVE('',#1080,#1074,#282,.T.);
#1377=EDGE_CURVE('',#1081,#1082,#892,.T.);
#1378=EDGE_CURVE('',#1081,#1083,#893,.T.);
#1379=EDGE_CURVE('',#1083,#1084,#894,.F.);
#1380=EDGE_CURVE('',#1084,#1082,#895,.T.);
#1381=EDGE_CURVE('',#1084,#1082,#283,.T.);
#1382=EDGE_CURVE('',#1079,#1081,#709,.T.);
#1383=EDGE_CURVE('',#1083,#1075,#710,.T.);
#1384=EDGE_CURVE('',#1085,#1085,#284,.T.);
#1385=EDGE_CURVE('',#1086,#1086,#285,.T.);
#1386=EDGE_CURVE('',#1086,#1076,#711,.T.);
#1387=EDGE_CURVE('',#1087,#1087,#286,.T.);
#1388=EDGE_CURVE('',#1087,#1085,#712,.T.);
#1389=ORIENTED_EDGE('',*,*,#1088,.F.);
#1390=ORIENTED_EDGE('',*,*,#1089,.F.);
#1391=ORIENTED_EDGE('',*,*,#1090,.F.);
#1392=ORIENTED_EDGE('',*,*,#1091,.F.);
#1393=ORIENTED_EDGE('',*,*,#1092,.F.);
#1394=ORIENTED_EDGE('',*,*,#1090,.T.);
#1395=ORIENTED_EDGE('',*,*,#1093,.F.);
#1396=ORIENTED_EDGE('',*,*,#1094,.F.);
#1397=ORIENTED_EDGE('',*,*,#1095,.T.);
#1398=ORIENTED_EDGE('',*,*,#1089,.T.);
#1399=ORIENTED_EDGE('',*,*,#1096,.T.);
#1400=ORIENTED_EDGE('',*,*,#1097,.F.);
#1401=ORIENTED_EDGE('',*,*,#1098,.F.);
#1402=ORIENTED_EDGE('',*,*,#1099,.F.);
#1403=ORIENTED_EDGE('',*,*,#1100,.F.);
#1404=ORIENTED_EDGE('',*,*,#1101,.T.);
#1405=ORIENTED_EDGE('',*,*,#1102,.F.);
#1406=ORIENTED_EDGE('',*,*,#1101,.F.);
#1407=ORIENTED_EDGE('',*,*,#1103,.F.);
#1408=ORIENTED_EDGE('',*,*,#1104,.T.);
#1409=ORIENTED_EDGE('',*,*,#1105,.F.);
#1410=ORIENTED_EDGE('',*,*,#1104,.F.);
#1411=ORIENTED_EDGE('',*,*,#1106,.F.);
#1412=ORIENTED_EDGE('',*,*,#1107,.T.);
#1413=ORIENTED_EDGE('',*,*,#1108,.F.);
#1414=ORIENTED_EDGE('',*,*,#1107,.F.);
#1415=ORIENTED_EDGE('',*,*,#1109,.F.);
#1416=ORIENTED_EDGE('',*,*,#1099,.T.);
#1417=ORIENTED_EDGE('',*,*,#1110,.F.);
#1418=ORIENTED_EDGE('',*,*,#1111,.F.);
#1419=ORIENTED_EDGE('',*,*,#1112,.F.);
#1420=ORIENTED_EDGE('',*,*,#1113,.T.);
#1421=ORIENTED_EDGE('',*,*,#1114,.F.);
#1422=ORIENTED_EDGE('',*,*,#1113,.F.);
#1423=ORIENTED_EDGE('',*,*,#1115,.F.);
#1424=ORIENTED_EDGE('',*,*,#1116,.T.);
#1425=ORIENTED_EDGE('',*,*,#1117,.F.);
#1426=ORIENTED_EDGE('',*,*,#1116,.F.);
#1427=ORIENTED_EDGE('',*,*,#1118,.F.);
#1428=ORIENTED_EDGE('',*,*,#1119,.T.);
#1429=ORIENTED_EDGE('',*,*,#1120,.F.);
#1430=ORIENTED_EDGE('',*,*,#1119,.F.);
#1431=ORIENTED_EDGE('',*,*,#1121,.F.);
#1432=ORIENTED_EDGE('',*,*,#1111,.T.);
#1433=ORIENTED_EDGE('',*,*,#1122,.F.);
#1434=ORIENTED_EDGE('',*,*,#1123,.F.);
#1435=ORIENTED_EDGE('',*,*,#1124,.F.);
#1436=ORIENTED_EDGE('',*,*,#1125,.T.);
#1437=ORIENTED_EDGE('',*,*,#1126,.F.);
#1438=ORIENTED_EDGE('',*,*,#1125,.F.);
#1439=ORIENTED_EDGE('',*,*,#1127,.F.);
#1440=ORIENTED_EDGE('',*,*,#1128,.F.);
#1441=ORIENTED_EDGE('',*,*,#1122,.T.);
#1442=ORIENTED_EDGE('',*,*,#1129,.F.);
#1443=ORIENTED_EDGE('',*,*,#1130,.F.);
#1444=ORIENTED_EDGE('',*,*,#1131,.T.);
#1445=ORIENTED_EDGE('',*,*,#1132,.F.);
#1446=ORIENTED_EDGE('',*,*,#1133,.F.);
#1447=ORIENTED_EDGE('',*,*,#1128,.T.);
#1448=ORIENTED_EDGE('',*,*,#1134,.F.);
#1449=ORIENTED_EDGE('',*,*,#1129,.T.);
#1450=ORIENTED_EDGE('',*,*,#1123,.T.);
#1451=ORIENTED_EDGE('',*,*,#1133,.T.);
#1452=ORIENTED_EDGE('',*,*,#1135,.F.);
#1453=ORIENTED_EDGE('',*,*,#1088,.T.);
#1454=ORIENTED_EDGE('',*,*,#1136,.T.);
#1455=ORIENTED_EDGE('',*,*,#1137,.F.);
#1456=ORIENTED_EDGE('',*,*,#1136,.F.);
#1457=ORIENTED_EDGE('',*,*,#1092,.T.);
#1458=ORIENTED_EDGE('',*,*,#1138,.F.);
#1459=ORIENTED_EDGE('',*,*,#1139,.F.);
#1460=ORIENTED_EDGE('',*,*,#1096,.F.);
#1461=ORIENTED_EDGE('',*,*,#1094,.T.);
#1462=ORIENTED_EDGE('',*,*,#1140,.F.);
#1463=ORIENTED_EDGE('',*,*,#1141,.F.);
#1464=ORIENTED_EDGE('',*,*,#1142,.T.);
#1465=ORIENTED_EDGE('',*,*,#1137,.T.);
#1466=ORIENTED_EDGE('',*,*,#1139,.T.);
#1467=ORIENTED_EDGE('',*,*,#1143,.F.);
#1468=ORIENTED_EDGE('',*,*,#1144,.F.);
#1469=ORIENTED_EDGE('',*,*,#1091,.T.);
#1470=ORIENTED_EDGE('',*,*,#1145,.F.);
#1471=ORIENTED_EDGE('',*,*,#1138,.T.);
#1472=ORIENTED_EDGE('',*,*,#1146,.T.);
#1473=ORIENTED_EDGE('',*,*,#1143,.T.);
#1474=ORIENTED_EDGE('',*,*,#1145,.T.);
#1475=ORIENTED_EDGE('',*,*,#1147,.T.);
#1476=ORIENTED_EDGE('',*,*,#1134,.T.);
#1477=ORIENTED_EDGE('',*,*,#1148,.T.);
#1478=ORIENTED_EDGE('',*,*,#1149,.F.);
#1479=ORIENTED_EDGE('',*,*,#1097,.T.);
#1480=ORIENTED_EDGE('',*,*,#1144,.T.);
#1481=ORIENTED_EDGE('',*,*,#1146,.F.);
#1482=ORIENTED_EDGE('',*,*,#1150,.T.);
#1483=ORIENTED_EDGE('',*,*,#1135,.T.);
#1484=ORIENTED_EDGE('',*,*,#1127,.T.);
#1485=ORIENTED_EDGE('',*,*,#1124,.T.);
#1486=ORIENTED_EDGE('',*,*,#1150,.F.);
#1487=ORIENTED_EDGE('',*,*,#1148,.F.);
#1488=ORIENTED_EDGE('',*,*,#1151,.F.);
#1489=ORIENTED_EDGE('',*,*,#1152,.T.);
#1490=ORIENTED_EDGE('',*,*,#1153,.T.);
#1491=ORIENTED_EDGE('',*,*,#1152,.F.);
#1492=ORIENTED_EDGE('',*,*,#1154,.T.);
#1493=ORIENTED_EDGE('',*,*,#1155,.T.);
#1494=ORIENTED_EDGE('',*,*,#1156,.F.);
#1495=ORIENTED_EDGE('',*,*,#1157,.F.);
#1496=ORIENTED_EDGE('',*,*,#1158,.T.);
#1497=ORIENTED_EDGE('',*,*,#1157,.T.);
#1498=ORIENTED_EDGE('',*,*,#1159,.F.);
#1499=ORIENTED_EDGE('',*,*,#1160,.F.);
#1500=ORIENTED_EDGE('',*,*,#1161,.T.);
#1501=ORIENTED_EDGE('',*,*,#1160,.T.);
#1502=ORIENTED_EDGE('',*,*,#1162,.F.);
#1503=ORIENTED_EDGE('',*,*,#1163,.F.);
#1504=ORIENTED_EDGE('',*,*,#1164,.T.);
#1505=ORIENTED_EDGE('',*,*,#1163,.T.);
#1506=ORIENTED_EDGE('',*,*,#1165,.F.);
#1507=ORIENTED_EDGE('',*,*,#1155,.F.);
#1508=ORIENTED_EDGE('',*,*,#1166,.F.);
#1509=ORIENTED_EDGE('',*,*,#1167,.T.);
#1510=ORIENTED_EDGE('',*,*,#1168,.T.);
#1511=ORIENTED_EDGE('',*,*,#1167,.F.);
#1512=ORIENTED_EDGE('',*,*,#1169,.T.);
#1513=ORIENTED_EDGE('',*,*,#1141,.T.);
#1514=ORIENTED_EDGE('',*,*,#1170,.F.);
#1515=ORIENTED_EDGE('',*,*,#1171,.F.);
#1516=ORIENTED_EDGE('',*,*,#1172,.F.);
#1517=ORIENTED_EDGE('',*,*,#1171,.T.);
#1518=ORIENTED_EDGE('',*,*,#1173,.F.);
#1519=ORIENTED_EDGE('',*,*,#1174,.F.);
#1520=ORIENTED_EDGE('',*,*,#1126,.T.);
#1521=ORIENTED_EDGE('',*,*,#1175,.T.);
#1522=ORIENTED_EDGE('',*,*,#1174,.T.);
#1523=ORIENTED_EDGE('',*,*,#1176,.F.);
#1524=ORIENTED_EDGE('',*,*,#1177,.F.);
#1525=ORIENTED_EDGE('',*,*,#1178,.F.);
#1526=ORIENTED_EDGE('',*,*,#1177,.T.);
#1527=ORIENTED_EDGE('',*,*,#1179,.F.);
#1528=ORIENTED_EDGE('',*,*,#1180,.F.);
#1529=ORIENTED_EDGE('',*,*,#1181,.T.);
#1530=ORIENTED_EDGE('',*,*,#1180,.T.);
#1531=ORIENTED_EDGE('',*,*,#1182,.F.);
#1532=ORIENTED_EDGE('',*,*,#1183,.F.);
#1533=ORIENTED_EDGE('',*,*,#1184,.T.);
#1534=ORIENTED_EDGE('',*,*,#1183,.T.);
#1535=ORIENTED_EDGE('',*,*,#1185,.F.);
#1536=ORIENTED_EDGE('',*,*,#1131,.F.);
#1537=ORIENTED_EDGE('',*,*,#1140,.T.);
#1538=ORIENTED_EDGE('',*,*,#1093,.T.);
#1539=ORIENTED_EDGE('',*,*,#1149,.T.);
#1540=ORIENTED_EDGE('',*,*,#1132,.T.);
#1541=ORIENTED_EDGE('',*,*,#1185,.T.);
#1542=ORIENTED_EDGE('',*,*,#1182,.T.);
#1543=ORIENTED_EDGE('',*,*,#1179,.T.);
#1544=ORIENTED_EDGE('',*,*,#1176,.T.);
#1545=ORIENTED_EDGE('',*,*,#1173,.T.);
#1546=ORIENTED_EDGE('',*,*,#1170,.T.);
#1547=ORIENTED_EDGE('',*,*,#1106,.T.);
#1548=ORIENTED_EDGE('',*,*,#1103,.T.);
#1549=ORIENTED_EDGE('',*,*,#1100,.T.);
#1550=ORIENTED_EDGE('',*,*,#1109,.T.);
#1551=ORIENTED_EDGE('',*,*,#1118,.T.);
#1552=ORIENTED_EDGE('',*,*,#1115,.T.);
#1553=ORIENTED_EDGE('',*,*,#1112,.T.);
#1554=ORIENTED_EDGE('',*,*,#1121,.T.);
#1555=ORIENTED_EDGE('',*,*,#1166,.T.);
#1556=ORIENTED_EDGE('',*,*,#1165,.T.);
#1557=ORIENTED_EDGE('',*,*,#1162,.T.);
#1558=ORIENTED_EDGE('',*,*,#1159,.T.);
#1559=ORIENTED_EDGE('',*,*,#1156,.T.);
#1560=ORIENTED_EDGE('',*,*,#1151,.T.);
#1561=ORIENTED_EDGE('',*,*,#1142,.F.);
#1562=ORIENTED_EDGE('',*,*,#1169,.F.);
#1563=ORIENTED_EDGE('',*,*,#1172,.T.);
#1564=ORIENTED_EDGE('',*,*,#1175,.F.);
#1565=ORIENTED_EDGE('',*,*,#1178,.T.);
#1566=ORIENTED_EDGE('',*,*,#1181,.F.);
#1567=ORIENTED_EDGE('',*,*,#1184,.F.);
#1568=ORIENTED_EDGE('',*,*,#1130,.T.);
#1569=ORIENTED_EDGE('',*,*,#1147,.F.);
#1570=ORIENTED_EDGE('',*,*,#1095,.F.);
#1571=ORIENTED_EDGE('',*,*,#1105,.T.);
#1572=ORIENTED_EDGE('',*,*,#1108,.T.);
#1573=ORIENTED_EDGE('',*,*,#1098,.T.);
#1574=ORIENTED_EDGE('',*,*,#1102,.T.);
#1575=ORIENTED_EDGE('',*,*,#1117,.T.);
#1576=ORIENTED_EDGE('',*,*,#1120,.T.);
#1577=ORIENTED_EDGE('',*,*,#1110,.T.);
#1578=ORIENTED_EDGE('',*,*,#1114,.T.);
#1579=ORIENTED_EDGE('',*,*,#1168,.F.);
#1580=ORIENTED_EDGE('',*,*,#1164,.F.);
#1581=ORIENTED_EDGE('',*,*,#1154,.F.);
#1582=ORIENTED_EDGE('',*,*,#1158,.F.);
#1583=ORIENTED_EDGE('',*,*,#1161,.F.);
#1584=ORIENTED_EDGE('',*,*,#1153,.F.);
#1585=ORIENTED_EDGE('',*,*,#1186,.F.);
#1586=ORIENTED_EDGE('',*,*,#1187,.F.);
#1587=ORIENTED_EDGE('',*,*,#1188,.F.);
#1588=ORIENTED_EDGE('',*,*,#1189,.F.);
#1589=ORIENTED_EDGE('',*,*,#1190,.F.);
#1590=ORIENTED_EDGE('',*,*,#1188,.T.);
#1591=ORIENTED_EDGE('',*,*,#1191,.F.);
#1592=ORIENTED_EDGE('',*,*,#1192,.T.);
#1593=ORIENTED_EDGE('',*,*,#1193,.T.);
#1594=ORIENTED_EDGE('',*,*,#1187,.T.);
#1595=ORIENTED_EDGE('',*,*,#1194,.F.);
#1596=ORIENTED_EDGE('',*,*,#1195,.T.);
#1597=ORIENTED_EDGE('',*,*,#1196,.T.);
#1598=ORIENTED_EDGE('',*,*,#1197,.F.);
#1599=ORIENTED_EDGE('',*,*,#1198,.T.);
#1600=ORIENTED_EDGE('',*,*,#1199,.T.);
#1601=ORIENTED_EDGE('',*,*,#1200,.T.);
#1602=ORIENTED_EDGE('',*,*,#1201,.F.);
#1603=ORIENTED_EDGE('',*,*,#1202,.T.);
#1604=ORIENTED_EDGE('',*,*,#1197,.T.);
#1605=ORIENTED_EDGE('',*,*,#1203,.T.);
#1606=ORIENTED_EDGE('',*,*,#1204,.F.);
#1607=ORIENTED_EDGE('',*,*,#1205,.T.);
#1608=ORIENTED_EDGE('',*,*,#1201,.T.);
#1609=ORIENTED_EDGE('',*,*,#1206,.T.);
#1610=ORIENTED_EDGE('',*,*,#1199,.F.);
#1611=ORIENTED_EDGE('',*,*,#1207,.T.);
#1612=ORIENTED_EDGE('',*,*,#1204,.T.);
#1613=ORIENTED_EDGE('',*,*,#1208,.T.);
#1614=ORIENTED_EDGE('',*,*,#1209,.F.);
#1615=ORIENTED_EDGE('',*,*,#1210,.T.);
#1616=ORIENTED_EDGE('',*,*,#1211,.T.);
#1617=ORIENTED_EDGE('',*,*,#1212,.T.);
#1618=ORIENTED_EDGE('',*,*,#1213,.F.);
#1619=ORIENTED_EDGE('',*,*,#1214,.T.);
#1620=ORIENTED_EDGE('',*,*,#1209,.T.);
#1621=ORIENTED_EDGE('',*,*,#1215,.T.);
#1622=ORIENTED_EDGE('',*,*,#1216,.F.);
#1623=ORIENTED_EDGE('',*,*,#1217,.T.);
#1624=ORIENTED_EDGE('',*,*,#1213,.T.);
#1625=ORIENTED_EDGE('',*,*,#1218,.T.);
#1626=ORIENTED_EDGE('',*,*,#1211,.F.);
#1627=ORIENTED_EDGE('',*,*,#1219,.T.);
#1628=ORIENTED_EDGE('',*,*,#1216,.T.);
#1629=ORIENTED_EDGE('',*,*,#1220,.T.);
#1630=ORIENTED_EDGE('',*,*,#1221,.T.);
#1631=ORIENTED_EDGE('',*,*,#1222,.T.);
#1632=ORIENTED_EDGE('',*,*,#1223,.T.);
#1633=ORIENTED_EDGE('',*,*,#1224,.T.);
#1634=ORIENTED_EDGE('',*,*,#1223,.F.);
#1635=ORIENTED_EDGE('',*,*,#1225,.T.);
#1636=ORIENTED_EDGE('',*,*,#1226,.T.);
#1637=ORIENTED_EDGE('',*,*,#1220,.F.);
#1638=ORIENTED_EDGE('',*,*,#1227,.T.);
#1639=ORIENTED_EDGE('',*,*,#1228,.T.);
#1640=ORIENTED_EDGE('',*,*,#1229,.F.);
#1641=ORIENTED_EDGE('',*,*,#1230,.T.);
#1642=ORIENTED_EDGE('',*,*,#1231,.T.);
#1643=ORIENTED_EDGE('',*,*,#1221,.F.);
#1644=ORIENTED_EDGE('',*,*,#1231,.F.);
#1645=ORIENTED_EDGE('',*,*,#1232,.T.);
#1646=ORIENTED_EDGE('',*,*,#1226,.F.);
#1647=ORIENTED_EDGE('',*,*,#1233,.T.);
#1648=ORIENTED_EDGE('',*,*,#1227,.F.);
#1649=ORIENTED_EDGE('',*,*,#1186,.T.);
#1650=ORIENTED_EDGE('',*,*,#1234,.T.);
#1651=ORIENTED_EDGE('',*,*,#1235,.T.);
#1652=ORIENTED_EDGE('',*,*,#1234,.F.);
#1653=ORIENTED_EDGE('',*,*,#1190,.T.);
#1654=ORIENTED_EDGE('',*,*,#1236,.T.);
#1655=ORIENTED_EDGE('',*,*,#1237,.T.);
#1656=ORIENTED_EDGE('',*,*,#1194,.T.);
#1657=ORIENTED_EDGE('',*,*,#1192,.F.);
#1658=ORIENTED_EDGE('',*,*,#1238,.F.);
#1659=ORIENTED_EDGE('',*,*,#1239,.T.);
#1660=ORIENTED_EDGE('',*,*,#1240,.T.);
#1661=ORIENTED_EDGE('',*,*,#1235,.F.);
#1662=ORIENTED_EDGE('',*,*,#1237,.F.);
#1663=ORIENTED_EDGE('',*,*,#1241,.T.);
#1664=ORIENTED_EDGE('',*,*,#1242,.T.);
#1665=ORIENTED_EDGE('',*,*,#1189,.T.);
#1666=ORIENTED_EDGE('',*,*,#1243,.T.);
#1667=ORIENTED_EDGE('',*,*,#1236,.F.);
#1668=ORIENTED_EDGE('',*,*,#1244,.F.);
#1669=ORIENTED_EDGE('',*,*,#1245,.F.);
#1670=ORIENTED_EDGE('',*,*,#1232,.F.);
#1671=ORIENTED_EDGE('',*,*,#1246,.F.);
#1672=ORIENTED_EDGE('',*,*,#1195,.F.);
#1673=ORIENTED_EDGE('',*,*,#1242,.F.);
#1674=ORIENTED_EDGE('',*,*,#1247,.T.);
#1675=ORIENTED_EDGE('',*,*,#1233,.F.);
#1676=ORIENTED_EDGE('',*,*,#1248,.F.);
#1677=ORIENTED_EDGE('',*,*,#1244,.T.);
#1678=ORIENTED_EDGE('',*,*,#1241,.F.);
#1679=ORIENTED_EDGE('',*,*,#1243,.F.);
#1680=ORIENTED_EDGE('',*,*,#1222,.F.);
#1681=ORIENTED_EDGE('',*,*,#1245,.T.);
#1682=ORIENTED_EDGE('',*,*,#1248,.T.);
#1683=ORIENTED_EDGE('',*,*,#1225,.F.);
#1684=ORIENTED_EDGE('',*,*,#1249,.T.);
#1685=ORIENTED_EDGE('',*,*,#1250,.T.);
#1686=ORIENTED_EDGE('',*,*,#1251,.F.);
#1687=ORIENTED_EDGE('',*,*,#1250,.F.);
#1688=ORIENTED_EDGE('',*,*,#1252,.F.);
#1689=ORIENTED_EDGE('',*,*,#1253,.T.);
#1690=ORIENTED_EDGE('',*,*,#1254,.T.);
#1691=ORIENTED_EDGE('',*,*,#1255,.F.);
#1692=ORIENTED_EDGE('',*,*,#1256,.F.);
#1693=ORIENTED_EDGE('',*,*,#1257,.T.);
#1694=ORIENTED_EDGE('',*,*,#1258,.T.);
#1695=ORIENTED_EDGE('',*,*,#1253,.F.);
#1696=ORIENTED_EDGE('',*,*,#1259,.F.);
#1697=ORIENTED_EDGE('',*,*,#1260,.T.);
#1698=ORIENTED_EDGE('',*,*,#1261,.T.);
#1699=ORIENTED_EDGE('',*,*,#1257,.F.);
#1700=ORIENTED_EDGE('',*,*,#1262,.F.);
#1701=ORIENTED_EDGE('',*,*,#1255,.T.);
#1702=ORIENTED_EDGE('',*,*,#1263,.T.);
#1703=ORIENTED_EDGE('',*,*,#1260,.F.);
#1704=ORIENTED_EDGE('',*,*,#1264,.T.);
#1705=ORIENTED_EDGE('',*,*,#1265,.T.);
#1706=ORIENTED_EDGE('',*,*,#1266,.F.);
#1707=ORIENTED_EDGE('',*,*,#1265,.F.);
#1708=ORIENTED_EDGE('',*,*,#1267,.F.);
#1709=ORIENTED_EDGE('',*,*,#1268,.T.);
#1710=ORIENTED_EDGE('',*,*,#1269,.T.);
#1711=ORIENTED_EDGE('',*,*,#1239,.F.);
#1712=ORIENTED_EDGE('',*,*,#1270,.T.);
#1713=ORIENTED_EDGE('',*,*,#1271,.T.);
#1714=ORIENTED_EDGE('',*,*,#1272,.T.);
#1715=ORIENTED_EDGE('',*,*,#1268,.F.);
#1716=ORIENTED_EDGE('',*,*,#1224,.F.);
#1717=ORIENTED_EDGE('',*,*,#1273,.F.);
#1718=ORIENTED_EDGE('',*,*,#1274,.T.);
#1719=ORIENTED_EDGE('',*,*,#1275,.T.);
#1720=ORIENTED_EDGE('',*,*,#1271,.F.);
#1721=ORIENTED_EDGE('',*,*,#1276,.T.);
#1722=ORIENTED_EDGE('',*,*,#1277,.T.);
#1723=ORIENTED_EDGE('',*,*,#1278,.T.);
#1724=ORIENTED_EDGE('',*,*,#1274,.F.);
#1725=ORIENTED_EDGE('',*,*,#1279,.F.);
#1726=ORIENTED_EDGE('',*,*,#1280,.T.);
#1727=ORIENTED_EDGE('',*,*,#1281,.T.);
#1728=ORIENTED_EDGE('',*,*,#1277,.F.);
#1729=ORIENTED_EDGE('',*,*,#1282,.F.);
#1730=ORIENTED_EDGE('',*,*,#1229,.T.);
#1731=ORIENTED_EDGE('',*,*,#1283,.T.);
#1732=ORIENTED_EDGE('',*,*,#1280,.F.);
#1733=ORIENTED_EDGE('',*,*,#1240,.F.);
#1734=ORIENTED_EDGE('',*,*,#1269,.F.);
#1735=ORIENTED_EDGE('',*,*,#1272,.F.);
#1736=ORIENTED_EDGE('',*,*,#1275,.F.);
#1737=ORIENTED_EDGE('',*,*,#1278,.F.);
#1738=ORIENTED_EDGE('',*,*,#1281,.F.);
#1739=ORIENTED_EDGE('',*,*,#1283,.F.);
#1740=ORIENTED_EDGE('',*,*,#1228,.F.);
#1741=ORIENTED_EDGE('',*,*,#1247,.F.);
#1742=ORIENTED_EDGE('',*,*,#1193,.F.);
#1743=ORIENTED_EDGE('',*,*,#1205,.F.);
#1744=ORIENTED_EDGE('',*,*,#1207,.F.);
#1745=ORIENTED_EDGE('',*,*,#1198,.F.);
#1746=ORIENTED_EDGE('',*,*,#1202,.F.);
#1747=ORIENTED_EDGE('',*,*,#1217,.F.);
#1748=ORIENTED_EDGE('',*,*,#1219,.F.);
#1749=ORIENTED_EDGE('',*,*,#1210,.F.);
#1750=ORIENTED_EDGE('',*,*,#1214,.F.);
#1751=ORIENTED_EDGE('',*,*,#1264,.F.);
#1752=ORIENTED_EDGE('',*,*,#1263,.F.);
#1753=ORIENTED_EDGE('',*,*,#1254,.F.);
#1754=ORIENTED_EDGE('',*,*,#1258,.F.);
#1755=ORIENTED_EDGE('',*,*,#1261,.F.);
#1756=ORIENTED_EDGE('',*,*,#1249,.F.);
#1757=ORIENTED_EDGE('',*,*,#1238,.T.);
#1758=ORIENTED_EDGE('',*,*,#1191,.T.);
#1759=ORIENTED_EDGE('',*,*,#1246,.T.);
#1760=ORIENTED_EDGE('',*,*,#1230,.F.);
#1761=ORIENTED_EDGE('',*,*,#1282,.T.);
#1762=ORIENTED_EDGE('',*,*,#1279,.T.);
#1763=ORIENTED_EDGE('',*,*,#1276,.F.);
#1764=ORIENTED_EDGE('',*,*,#1273,.T.);
#1765=ORIENTED_EDGE('',*,*,#1270,.F.);
#1766=ORIENTED_EDGE('',*,*,#1267,.T.);
#1767=ORIENTED_EDGE('',*,*,#1203,.F.);
#1768=ORIENTED_EDGE('',*,*,#1200,.F.);
#1769=ORIENTED_EDGE('',*,*,#1196,.F.);
#1770=ORIENTED_EDGE('',*,*,#1206,.F.);
#1771=ORIENTED_EDGE('',*,*,#1215,.F.);
#1772=ORIENTED_EDGE('',*,*,#1212,.F.);
#1773=ORIENTED_EDGE('',*,*,#1208,.F.);
#1774=ORIENTED_EDGE('',*,*,#1218,.F.);
#1775=ORIENTED_EDGE('',*,*,#1266,.T.);
#1776=ORIENTED_EDGE('',*,*,#1262,.T.);
#1777=ORIENTED_EDGE('',*,*,#1259,.T.);
#1778=ORIENTED_EDGE('',*,*,#1256,.T.);
#1779=ORIENTED_EDGE('',*,*,#1252,.T.);
#1780=ORIENTED_EDGE('',*,*,#1251,.T.);
#1781=ORIENTED_EDGE('',*,*,#1284,.F.);
#1782=ORIENTED_EDGE('',*,*,#1285,.T.);
#1783=ORIENTED_EDGE('',*,*,#1286,.T.);
#1784=ORIENTED_EDGE('',*,*,#1285,.F.);
#1785=ORIENTED_EDGE('',*,*,#1287,.F.);
#1786=ORIENTED_EDGE('',*,*,#1288,.T.);
#1787=ORIENTED_EDGE('',*,*,#1289,.T.);
#1788=ORIENTED_EDGE('',*,*,#1288,.F.);
#1789=ORIENTED_EDGE('',*,*,#1290,.T.);
#1790=ORIENTED_EDGE('',*,*,#1291,.T.);
#1791=ORIENTED_EDGE('',*,*,#1292,.F.);
#1792=ORIENTED_EDGE('',*,*,#1293,.F.);
#1793=ORIENTED_EDGE('',*,*,#1294,.F.);
#1794=ORIENTED_EDGE('',*,*,#1293,.T.);
#1795=ORIENTED_EDGE('',*,*,#1295,.F.);
#1796=ORIENTED_EDGE('',*,*,#1296,.F.);
#1797=ORIENTED_EDGE('',*,*,#1297,.T.);
#1798=ORIENTED_EDGE('',*,*,#1296,.T.);
#1799=ORIENTED_EDGE('',*,*,#1298,.F.);
#1800=ORIENTED_EDGE('',*,*,#1299,.F.);
#1801=ORIENTED_EDGE('',*,*,#1300,.T.);
#1802=ORIENTED_EDGE('',*,*,#1299,.T.);
#1803=ORIENTED_EDGE('',*,*,#1301,.F.);
#1804=ORIENTED_EDGE('',*,*,#1291,.F.);
#1805=ORIENTED_EDGE('',*,*,#1301,.T.);
#1806=ORIENTED_EDGE('',*,*,#1298,.T.);
#1807=ORIENTED_EDGE('',*,*,#1295,.T.);
#1808=ORIENTED_EDGE('',*,*,#1292,.T.);
#1809=ORIENTED_EDGE('',*,*,#1287,.T.);
#1810=ORIENTED_EDGE('',*,*,#1284,.T.);
#1811=ORIENTED_EDGE('',*,*,#1300,.F.);
#1812=ORIENTED_EDGE('',*,*,#1290,.F.);
#1813=ORIENTED_EDGE('',*,*,#1294,.T.);
#1814=ORIENTED_EDGE('',*,*,#1297,.F.);
#1815=ORIENTED_EDGE('',*,*,#1289,.F.);
#1816=ORIENTED_EDGE('',*,*,#1286,.F.);
#1817=ORIENTED_EDGE('',*,*,#1302,.T.);
#1818=ORIENTED_EDGE('',*,*,#1303,.T.);
#1819=ORIENTED_EDGE('',*,*,#1304,.F.);
#1820=ORIENTED_EDGE('',*,*,#1303,.F.);
#1821=ORIENTED_EDGE('',*,*,#1305,.T.);
#1822=ORIENTED_EDGE('',*,*,#1306,.T.);
#1823=ORIENTED_EDGE('',*,*,#1307,.F.);
#1824=ORIENTED_EDGE('',*,*,#1306,.F.);
#1825=ORIENTED_EDGE('',*,*,#1308,.F.);
#1826=ORIENTED_EDGE('',*,*,#1309,.T.);
#1827=ORIENTED_EDGE('',*,*,#1310,.T.);
#1828=ORIENTED_EDGE('',*,*,#1311,.F.);
#1829=ORIENTED_EDGE('',*,*,#1312,.T.);
#1830=ORIENTED_EDGE('',*,*,#1313,.T.);
#1831=ORIENTED_EDGE('',*,*,#1314,.T.);
#1832=ORIENTED_EDGE('',*,*,#1309,.F.);
#1833=ORIENTED_EDGE('',*,*,#1315,.F.);
#1834=ORIENTED_EDGE('',*,*,#1316,.T.);
#1835=ORIENTED_EDGE('',*,*,#1317,.T.);
#1836=ORIENTED_EDGE('',*,*,#1313,.F.);
#1837=ORIENTED_EDGE('',*,*,#1318,.F.);
#1838=ORIENTED_EDGE('',*,*,#1311,.T.);
#1839=ORIENTED_EDGE('',*,*,#1319,.T.);
#1840=ORIENTED_EDGE('',*,*,#1316,.F.);
#1841=ORIENTED_EDGE('',*,*,#1319,.F.);
#1842=ORIENTED_EDGE('',*,*,#1310,.F.);
#1843=ORIENTED_EDGE('',*,*,#1314,.F.);
#1844=ORIENTED_EDGE('',*,*,#1317,.F.);
#1845=ORIENTED_EDGE('',*,*,#1305,.F.);
#1846=ORIENTED_EDGE('',*,*,#1302,.F.);
#1847=ORIENTED_EDGE('',*,*,#1318,.T.);
#1848=ORIENTED_EDGE('',*,*,#1315,.T.);
#1849=ORIENTED_EDGE('',*,*,#1312,.F.);
#1850=ORIENTED_EDGE('',*,*,#1308,.T.);
#1851=ORIENTED_EDGE('',*,*,#1307,.T.);
#1852=ORIENTED_EDGE('',*,*,#1304,.T.);
#1853=ORIENTED_EDGE('',*,*,#1320,.T.);
#1854=ORIENTED_EDGE('',*,*,#1321,.T.);
#1855=ORIENTED_EDGE('',*,*,#1322,.T.);
#1856=ORIENTED_EDGE('',*,*,#1323,.T.);
#1857=ORIENTED_EDGE('',*,*,#1321,.F.);
#1858=ORIENTED_EDGE('',*,*,#1324,.T.);
#1859=ORIENTED_EDGE('',*,*,#1325,.T.);
#1860=ORIENTED_EDGE('',*,*,#1326,.T.);
#1861=ORIENTED_EDGE('',*,*,#1327,.T.);
#1862=ORIENTED_EDGE('',*,*,#1328,.T.);
#1863=ORIENTED_EDGE('',*,*,#1326,.F.);
#1864=ORIENTED_EDGE('',*,*,#1329,.T.);
#1865=ORIENTED_EDGE('',*,*,#1330,.T.);
#1866=ORIENTED_EDGE('',*,*,#1331,.T.);
#1867=ORIENTED_EDGE('',*,*,#1332,.T.);
#1868=ORIENTED_EDGE('',*,*,#1333,.T.);
#1869=ORIENTED_EDGE('',*,*,#1334,.T.);
#1870=ORIENTED_EDGE('',*,*,#1335,.F.);
#1871=ORIENTED_EDGE('',*,*,#1336,.T.);
#1872=ORIENTED_EDGE('',*,*,#1337,.F.);
#1873=ORIENTED_EDGE('',*,*,#1338,.T.);
#1874=ORIENTED_EDGE('',*,*,#1339,.T.);
#1875=ORIENTED_EDGE('',*,*,#1323,.F.);
#1876=ORIENTED_EDGE('',*,*,#1340,.F.);
#1877=ORIENTED_EDGE('',*,*,#1341,.F.);
#1878=ORIENTED_EDGE('',*,*,#1342,.F.);
#1879=ORIENTED_EDGE('',*,*,#1343,.F.);
#1880=ORIENTED_EDGE('',*,*,#1338,.F.);
#1881=ORIENTED_EDGE('',*,*,#1344,.F.);
#1882=ORIENTED_EDGE('',*,*,#1345,.F.);
#1883=ORIENTED_EDGE('',*,*,#1340,.T.);
#1884=ORIENTED_EDGE('',*,*,#1346,.T.);
#1885=ORIENTED_EDGE('',*,*,#1347,.T.);
#1886=ORIENTED_EDGE('',*,*,#1348,.T.);
#1887=ORIENTED_EDGE('',*,*,#1336,.F.);
#1888=ORIENTED_EDGE('',*,*,#1349,.T.);
#1889=ORIENTED_EDGE('',*,*,#1350,.T.);
#1890=ORIENTED_EDGE('',*,*,#1347,.F.);
#1891=ORIENTED_EDGE('',*,*,#1351,.T.);
#1892=ORIENTED_EDGE('',*,*,#1352,.T.);
#1893=ORIENTED_EDGE('',*,*,#1353,.T.);
#1894=ORIENTED_EDGE('',*,*,#1339,.F.);
#1895=ORIENTED_EDGE('',*,*,#1343,.T.);
#1896=ORIENTED_EDGE('',*,*,#1354,.T.);
#1897=ORIENTED_EDGE('',*,*,#1330,.F.);
#1898=ORIENTED_EDGE('',*,*,#1334,.F.);
#1899=ORIENTED_EDGE('',*,*,#1355,.T.);
#1900=ORIENTED_EDGE('',*,*,#1344,.T.);
#1901=ORIENTED_EDGE('',*,*,#1355,.F.);
#1902=ORIENTED_EDGE('',*,*,#1356,.T.);
#1903=ORIENTED_EDGE('',*,*,#1332,.F.);
#1904=ORIENTED_EDGE('',*,*,#1357,.F.);
#1905=ORIENTED_EDGE('',*,*,#1341,.T.);
#1906=ORIENTED_EDGE('',*,*,#1345,.T.);
#1907=ORIENTED_EDGE('',*,*,#1342,.T.);
#1908=ORIENTED_EDGE('',*,*,#1357,.T.);
#1909=ORIENTED_EDGE('',*,*,#1331,.F.);
#1910=ORIENTED_EDGE('',*,*,#1354,.F.);
#1911=ORIENTED_EDGE('',*,*,#1328,.F.);
#1912=ORIENTED_EDGE('',*,*,#1358,.T.);
#1913=ORIENTED_EDGE('',*,*,#1320,.F.);
#1914=ORIENTED_EDGE('',*,*,#1337,.T.);
#1915=ORIENTED_EDGE('',*,*,#1352,.F.);
#1916=ORIENTED_EDGE('',*,*,#1359,.T.);
#1917=ORIENTED_EDGE('',*,*,#1360,.T.);
#1918=ORIENTED_EDGE('',*,*,#1359,.F.);
#1919=ORIENTED_EDGE('',*,*,#1351,.F.);
#1920=ORIENTED_EDGE('',*,*,#1346,.F.);
#1921=ORIENTED_EDGE('',*,*,#1322,.F.);
#1922=ORIENTED_EDGE('',*,*,#1324,.F.);
#1923=ORIENTED_EDGE('',*,*,#1353,.F.);
#1924=ORIENTED_EDGE('',*,*,#1329,.F.);
#1925=ORIENTED_EDGE('',*,*,#1325,.F.);
#1926=ORIENTED_EDGE('',*,*,#1358,.F.);
#1927=ORIENTED_EDGE('',*,*,#1327,.F.);
#1928=ORIENTED_EDGE('',*,*,#1333,.F.);
#1929=ORIENTED_EDGE('',*,*,#1356,.F.);
#1930=ORIENTED_EDGE('',*,*,#1348,.F.);
#1931=ORIENTED_EDGE('',*,*,#1350,.F.);
#1932=ORIENTED_EDGE('',*,*,#1361,.T.);
#1933=ORIENTED_EDGE('',*,*,#1362,.T.);
#1934=ORIENTED_EDGE('',*,*,#1361,.F.);
#1935=ORIENTED_EDGE('',*,*,#1349,.F.);
#1936=ORIENTED_EDGE('',*,*,#1335,.T.);
#1937=ORIENTED_EDGE('',*,*,#1362,.F.);
#1938=ORIENTED_EDGE('',*,*,#1360,.F.);
#1939=ORIENTED_EDGE('',*,*,#1363,.T.);
#1940=ORIENTED_EDGE('',*,*,#1364,.T.);
#1941=ORIENTED_EDGE('',*,*,#1365,.T.);
#1942=ORIENTED_EDGE('',*,*,#1366,.T.);
#1943=ORIENTED_EDGE('',*,*,#1363,.F.);
#1944=ORIENTED_EDGE('',*,*,#1367,.T.);
#1945=ORIENTED_EDGE('',*,*,#1368,.F.);
#1946=ORIENTED_EDGE('',*,*,#1369,.T.);
#1947=ORIENTED_EDGE('',*,*,#1370,.T.);
#1948=ORIENTED_EDGE('',*,*,#1371,.T.);
#1949=ORIENTED_EDGE('',*,*,#1372,.T.);
#1950=ORIENTED_EDGE('',*,*,#1369,.F.);
#1951=ORIENTED_EDGE('',*,*,#1373,.F.);
#1952=ORIENTED_EDGE('',*,*,#1374,.T.);
#1953=ORIENTED_EDGE('',*,*,#1364,.F.);
#1954=ORIENTED_EDGE('',*,*,#1375,.F.);
#1955=ORIENTED_EDGE('',*,*,#1372,.F.);
#1956=ORIENTED_EDGE('',*,*,#1376,.T.);
#1957=ORIENTED_EDGE('',*,*,#1377,.F.);
#1958=ORIENTED_EDGE('',*,*,#1378,.T.);
#1959=ORIENTED_EDGE('',*,*,#1379,.T.);
#1960=ORIENTED_EDGE('',*,*,#1380,.T.);
#1961=ORIENTED_EDGE('',*,*,#1380,.F.);
#1962=ORIENTED_EDGE('',*,*,#1381,.T.);
#1963=ORIENTED_EDGE('',*,*,#1371,.F.);
#1964=ORIENTED_EDGE('',*,*,#1382,.T.);
#1965=ORIENTED_EDGE('',*,*,#1377,.T.);
#1966=ORIENTED_EDGE('',*,*,#1381,.F.);
#1967=ORIENTED_EDGE('',*,*,#1379,.F.);
#1968=ORIENTED_EDGE('',*,*,#1383,.T.);
#1969=ORIENTED_EDGE('',*,*,#1365,.F.);
#1970=ORIENTED_EDGE('',*,*,#1376,.F.);
#1971=ORIENTED_EDGE('',*,*,#1384,.F.);
#1972=ORIENTED_EDGE('',*,*,#1385,.F.);
#1973=ORIENTED_EDGE('',*,*,#1386,.T.);
#1974=ORIENTED_EDGE('',*,*,#1367,.F.);
#1975=ORIENTED_EDGE('',*,*,#1366,.F.);
#1976=ORIENTED_EDGE('',*,*,#1383,.F.);
#1977=ORIENTED_EDGE('',*,*,#1378,.F.);
#1978=ORIENTED_EDGE('',*,*,#1382,.F.);
#1979=ORIENTED_EDGE('',*,*,#1370,.F.);
#1980=ORIENTED_EDGE('',*,*,#1374,.F.);
#1981=ORIENTED_EDGE('',*,*,#1386,.F.);
#1982=ORIENTED_EDGE('',*,*,#1385,.T.);
#1983=ORIENTED_EDGE('',*,*,#1387,.F.);
#1984=ORIENTED_EDGE('',*,*,#1388,.T.);
#1985=ORIENTED_EDGE('',*,*,#1384,.T.);
#1986=ORIENTED_EDGE('',*,*,#1388,.F.);
#1987=ORIENTED_EDGE('',*,*,#1373,.T.);
#1988=ORIENTED_EDGE('',*,*,#1375,.T.);
#1989=ORIENTED_EDGE('',*,*,#1368,.T.);
#1990=ORIENTED_EDGE('',*,*,#1387,.T.);
#1991=CYLINDRICAL_SURFACE('',#2234,5.);
#1992=CYLINDRICAL_SURFACE('',#2235,3.28854813152145);
#1993=CYLINDRICAL_SURFACE('',#2240,1.5);
#1994=CYLINDRICAL_SURFACE('',#2244,1.49999999999999);
#1995=CYLINDRICAL_SURFACE('',#2248,1.49999999999463);
#1996=CYLINDRICAL_SURFACE('',#2252,1.49999999999327);
#1997=CYLINDRICAL_SURFACE('',#2255,0.999999999999996);
#1998=CYLINDRICAL_SURFACE('',#2261,4.99999999972959);
#1999=CYLINDRICAL_SURFACE('',#2266,0.999999999999996);
#2000=CYLINDRICAL_SURFACE('',#2279,2.79399999999999);
#2001=CYLINDRICAL_SURFACE('',#2283,13.937);
#2002=CYLINDRICAL_SURFACE('',#2287,40.);
#2003=CYLINDRICAL_SURFACE('',#2290,3.937);
#2004=CYLINDRICAL_SURFACE('',#2293,13.9370000000035);
#2005=CYLINDRICAL_SURFACE('',#2297,14.999999999716);
#2006=CYLINDRICAL_SURFACE('',#2301,10.);
#2007=CYLINDRICAL_SURFACE('',#2308,5.);
#2008=CYLINDRICAL_SURFACE('',#2309,3.28854813152145);
#2009=CYLINDRICAL_SURFACE('',#2314,1.5);
#2010=CYLINDRICAL_SURFACE('',#2318,1.49999999999999);
#2011=CYLINDRICAL_SURFACE('',#2322,1.49999999999463);
#2012=CYLINDRICAL_SURFACE('',#2326,1.49999999999327);
#2013=CYLINDRICAL_SURFACE('',#2329,0.999999999999996);
#2014=CYLINDRICAL_SURFACE('',#2335,4.99999999972959);
#2015=CYLINDRICAL_SURFACE('',#2340,0.999999999999996);
#2016=CYLINDRICAL_SURFACE('',#2353,2.79399999999999);
#2017=CYLINDRICAL_SURFACE('',#2357,13.937);
#2018=CYLINDRICAL_SURFACE('',#2361,40.);
#2019=CYLINDRICAL_SURFACE('',#2364,3.937);
#2020=CYLINDRICAL_SURFACE('',#2367,13.9370000000035);
#2021=CYLINDRICAL_SURFACE('',#2371,14.999999999716);
#2022=CYLINDRICAL_SURFACE('',#2375,10.);
#2023=CYLINDRICAL_SURFACE('',#2385,3.937);
#2024=CYLINDRICAL_SURFACE('',#2388,3.93699999999999);
#2025=CYLINDRICAL_SURFACE('',#2391,10.);
#2026=CYLINDRICAL_SURFACE('',#2395,10.);
#2027=CYLINDRICAL_SURFACE('',#2402,3.937);
#2028=CYLINDRICAL_SURFACE('',#2405,3.93699999999999);
#2029=CYLINDRICAL_SURFACE('',#2408,10.);
#2030=CYLINDRICAL_SURFACE('',#2412,10.);
#2031=CYLINDRICAL_SURFACE('',#2426,2.);
#2032=CYLINDRICAL_SURFACE('',#2430,2.);
#2033=CYLINDRICAL_SURFACE('',#2435,2.);
#2034=CYLINDRICAL_SURFACE('',#2444,2.24789999999999);
#2035=CYLINDRICAL_SURFACE('',#2447,5.24789999999999);
#2036=CYLINDRICAL_SURFACE('',#2450,2.794);
#2037=CYLINDRICAL_SURFACE('',#2452,10.);
#2038=CYLINDRICAL_SURFACE('',#2460,6.24790000000001);
#2039=CYLINDRICAL_SURFACE('',#2463,6.24790000000001);
#2040=CYLINDRICAL_SURFACE('',#2467,5.);
#2041=CYLINDRICAL_SURFACE('',#2470,2.24789999999999);
#2042=ADVANCED_FACE('',(#287),#1991,.F.);
#2043=ADVANCED_FACE('',(#288),#1992,.T.);
#2044=ADVANCED_FACE('',(#289),#121,.T.);
#2045=ADVANCED_FACE('',(#290),#122,.F.);
#2046=ADVANCED_FACE('',(#291),#1993,.F.);
#2047=ADVANCED_FACE('',(#292),#123,.F.);
#2048=ADVANCED_FACE('',(#293),#1994,.F.);
#2049=ADVANCED_FACE('',(#294),#124,.F.);
#2050=ADVANCED_FACE('',(#295),#1995,.F.);
#2051=ADVANCED_FACE('',(#296),#125,.F.);
#2052=ADVANCED_FACE('',(#297),#1996,.F.);
#2053=ADVANCED_FACE('',(#298),#1997,.F.);
#2054=ADVANCED_FACE('',(#299),#1998,.F.);
#2055=ADVANCED_FACE('',(#300),#126,.F.);
#2056=ADVANCED_FACE('',(#301),#127,.F.);
#2057=ADVANCED_FACE('',(#302),#1999,.F.);
#2058=ADVANCED_FACE('',(#303,#76),#128,.T.);
#2059=ADVANCED_FACE('',(#304),#129,.T.);
#2060=ADVANCED_FACE('',(#305),#130,.T.);
#2061=ADVANCED_FACE('',(#306),#72,.T.);
#2062=ADVANCED_FACE('',(#307),#73,.T.);
#2063=ADVANCED_FACE('',(#308),#131,.F.);
#2064=ADVANCED_FACE('',(#309),#2000,.F.);
#2065=ADVANCED_FACE('',(#310),#132,.T.);
#2066=ADVANCED_FACE('',(#311),#2001,.T.);
#2067=ADVANCED_FACE('',(#312),#133,.T.);
#2068=ADVANCED_FACE('',(#313),#2002,.F.);
#2069=ADVANCED_FACE('',(#314),#2003,.F.);
#2070=ADVANCED_FACE('',(#315),#2004,.T.);
#2071=ADVANCED_FACE('',(#316,#77),#134,.T.);
#2072=ADVANCED_FACE('',(#317),#2005,.T.);
#2073=ADVANCED_FACE('',(#318),#135,.T.);
#2074=ADVANCED_FACE('',(#319),#2006,.T.);
#2075=ADVANCED_FACE('',(#320),#136,.T.);
#2076=ADVANCED_FACE('',(#321,#78,#79,#80,#81,#82),#137,.T.);
#2077=ADVANCED_FACE('',(#322,#83,#84,#85,#86,#87),#138,.F.);
#2078=ADVANCED_FACE('',(#323),#2007,.F.);
#2079=ADVANCED_FACE('',(#324),#2008,.T.);
#2080=ADVANCED_FACE('',(#325),#139,.F.);
#2081=ADVANCED_FACE('',(#326),#140,.T.);
#2082=ADVANCED_FACE('',(#327),#2009,.F.);
#2083=ADVANCED_FACE('',(#328),#141,.T.);
#2084=ADVANCED_FACE('',(#329),#2010,.F.);
#2085=ADVANCED_FACE('',(#330),#142,.T.);
#2086=ADVANCED_FACE('',(#331),#2011,.F.);
#2087=ADVANCED_FACE('',(#332),#143,.T.);
#2088=ADVANCED_FACE('',(#333),#2012,.F.);
#2089=ADVANCED_FACE('',(#334),#2013,.F.);
#2090=ADVANCED_FACE('',(#335),#2014,.F.);
#2091=ADVANCED_FACE('',(#336),#144,.T.);
#2092=ADVANCED_FACE('',(#337),#145,.T.);
#2093=ADVANCED_FACE('',(#338),#2015,.F.);
#2094=ADVANCED_FACE('',(#339,#88),#146,.F.);
#2095=ADVANCED_FACE('',(#340),#147,.F.);
#2096=ADVANCED_FACE('',(#341),#148,.F.);
#2097=ADVANCED_FACE('',(#342),#74,.T.);
#2098=ADVANCED_FACE('',(#343),#75,.T.);
#2099=ADVANCED_FACE('',(#344),#149,.T.);
#2100=ADVANCED_FACE('',(#345),#2016,.F.);
#2101=ADVANCED_FACE('',(#346),#150,.F.);
#2102=ADVANCED_FACE('',(#347),#2017,.T.);
#2103=ADVANCED_FACE('',(#348),#151,.F.);
#2104=ADVANCED_FACE('',(#349),#2018,.F.);
#2105=ADVANCED_FACE('',(#350),#2019,.F.);
#2106=ADVANCED_FACE('',(#351),#2020,.T.);
#2107=ADVANCED_FACE('',(#352,#89),#152,.F.);
#2108=ADVANCED_FACE('',(#353),#2021,.T.);
#2109=ADVANCED_FACE('',(#354),#153,.F.);
#2110=ADVANCED_FACE('',(#355),#2022,.T.);
#2111=ADVANCED_FACE('',(#356),#154,.F.);
#2112=ADVANCED_FACE('',(#357,#90,#91,#92,#93,#94),#155,.F.);
#2113=ADVANCED_FACE('',(#358,#95,#96,#97,#98,#99),#156,.T.);
#2114=ADVANCED_FACE('',(#359),#2023,.F.);
#2115=ADVANCED_FACE('',(#360),#2024,.F.);
#2116=ADVANCED_FACE('',(#361),#2025,.T.);
#2117=ADVANCED_FACE('',(#362),#157,.T.);
#2118=ADVANCED_FACE('',(#363),#2026,.T.);
#2119=ADVANCED_FACE('',(#364),#158,.T.);
#2120=ADVANCED_FACE('',(#365,#100,#101),#159,.T.);
#2121=ADVANCED_FACE('',(#366,#102,#103),#160,.F.);
#2122=ADVANCED_FACE('',(#367),#2027,.F.);
#2123=ADVANCED_FACE('',(#368),#2028,.F.);
#2124=ADVANCED_FACE('',(#369),#2029,.T.);
#2125=ADVANCED_FACE('',(#370),#161,.F.);
#2126=ADVANCED_FACE('',(#371),#2030,.T.);
#2127=ADVANCED_FACE('',(#372),#162,.F.);
#2128=ADVANCED_FACE('',(#373,#104,#105),#163,.F.);
#2129=ADVANCED_FACE('',(#374,#106,#107),#164,.T.);
#2130=ADVANCED_FACE('',(#375),#165,.T.);
#2131=ADVANCED_FACE('',(#376),#166,.T.);
#2132=ADVANCED_FACE('',(#377),#2031,.F.);
#2133=ADVANCED_FACE('',(#378,#108),#167,.T.);
#2134=ADVANCED_FACE('',(#379),#2032,.F.);
#2135=ADVANCED_FACE('',(#380,#109),#168,.F.);
#2136=ADVANCED_FACE('',(#381),#2033,.F.);
#2137=ADVANCED_FACE('',(#382),#169,.T.);
#2138=ADVANCED_FACE('',(#383),#170,.T.);
#2139=ADVANCED_FACE('',(#384),#2034,.F.);
#2140=ADVANCED_FACE('',(#385),#171,.T.);
#2141=ADVANCED_FACE('',(#386),#2035,.T.);
#2142=ADVANCED_FACE('',(#387),#172,.T.);
#2143=ADVANCED_FACE('',(#388),#2036,.F.);
#2144=ADVANCED_FACE('',(#389),#2037,.T.);
#2145=ADVANCED_FACE('',(#390,#110),#173,.F.);
#2146=ADVANCED_FACE('',(#391),#11,.T.);
#2147=ADVANCED_FACE('',(#392),#12,.T.);
#2148=ADVANCED_FACE('',(#393),#13,.T.);
#2149=ADVANCED_FACE('',(#394),#14,.T.);
#2150=ADVANCED_FACE('',(#395),#2038,.T.);
#2151=ADVANCED_FACE('',(#396),#15,.F.);
#2152=ADVANCED_FACE('',(#397),#2039,.F.);
#2153=ADVANCED_FACE('',(#398,#111),#174,.F.);
#2154=ADVANCED_FACE('',(#399),#2040,.T.);
#2155=ADVANCED_FACE('',(#400),#175,.T.);
#2156=ADVANCED_FACE('',(#401),#2041,.F.);
#2157=ADVANCED_FACE('',(#402,#112),#176,.T.);
#2158=CLOSED_SHELL('',(#2042,#2043,#2044,#2045,#2046,#2047,#2048,#2049,
#2050,#2051,#2052,#2053,#2054,#2055,#2056,#2057,#2058,#2059,#2060,#2061,
#2062,#2063,#2064,#2065,#2066,#2067,#2068,#2069,#2070,#2071,#2072,#2073,
#2074,#2075,#2076,#2077));
#2159=CLOSED_SHELL('',(#2078,#2079,#2080,#2081,#2082,#2083,#2084,#2085,
#2086,#2087,#2088,#2089,#2090,#2091,#2092,#2093,#2094,#2095,#2096,#2097,
#2098,#2099,#2100,#2101,#2102,#2103,#2104,#2105,#2106,#2107,#2108,#2109,
#2110,#2111,#2112,#2113));
#2160=CLOSED_SHELL('',(#2114,#2115,#2116,#2117,#2118,#2119,#2120,#2121));
#2161=CLOSED_SHELL('',(#2122,#2123,#2124,#2125,#2126,#2127,#2128,#2129));
#2162=CLOSED_SHELL('',(#2130,#2131,#2132,#2133,#2134,#2135,#2136,#2137,
#2138,#2139,#2140,#2141,#2142,#2143,#2144,#2145));
#2163=CLOSED_SHELL('',(#2146,#2147,#2148,#2149,#2150,#2151,#2152,#2153,
#2154,#2155,#2156,#2157));
#2164=DERIVED_UNIT_ELEMENT(#2176,1.);
#2165=DERIVED_UNIT_ELEMENT(#4298,-3.);
#2166=DERIVED_UNIT_ELEMENT(#2176,1.);
#2167=DERIVED_UNIT_ELEMENT(#4298,-3.);
#2168=DERIVED_UNIT_ELEMENT(#2176,1.);
#2169=DERIVED_UNIT_ELEMENT(#4298,-3.);
#2170=DERIVED_UNIT_ELEMENT(#2176,1.);
#2171=DERIVED_UNIT_ELEMENT(#4298,-3.);
#2172=DERIVED_UNIT_ELEMENT(#2176,1.);
#2173=DERIVED_UNIT_ELEMENT(#4298,-3.);
#2174=DERIVED_UNIT_ELEMENT(#2176,1.);
#2175=DERIVED_UNIT_ELEMENT(#4298,-3.);
#2176=(
MASS_UNIT()
NAMED_UNIT(*)
SI_UNIT(.KILO.,.GRAM.)
);
#2177=DERIVED_UNIT((#2164,#2165));
#2178=DERIVED_UNIT((#2166,#2167));
#2179=DERIVED_UNIT((#2168,#2169));
#2180=DERIVED_UNIT((#2170,#2171));
#2181=DERIVED_UNIT((#2172,#2173));
#2182=DERIVED_UNIT((#2174,#2175));
#2183=MEASURE_REPRESENTATION_ITEM('density measure',
POSITIVE_RATIO_MEASURE(7850.),#2177);
#2184=MEASURE_REPRESENTATION_ITEM('density measure',
POSITIVE_RATIO_MEASURE(7850.),#2178);
#2185=MEASURE_REPRESENTATION_ITEM('density measure',
POSITIVE_RATIO_MEASURE(7850.),#2179);
#2186=MEASURE_REPRESENTATION_ITEM('density measure',
POSITIVE_RATIO_MEASURE(7850.),#2180);
#2187=MEASURE_REPRESENTATION_ITEM('density measure',
POSITIVE_RATIO_MEASURE(7850.),#2181);
#2188=MEASURE_REPRESENTATION_ITEM('density measure',
POSITIVE_RATIO_MEASURE(7850.),#2182);
#2189=PROPERTY_DEFINITION_REPRESENTATION(#2219,#2201);
#2190=PROPERTY_DEFINITION_REPRESENTATION(#2220,#2202);
#2191=PROPERTY_DEFINITION_REPRESENTATION(#2221,#2203);
#2192=PROPERTY_DEFINITION_REPRESENTATION(#2222,#2204);
#2193=PROPERTY_DEFINITION_REPRESENTATION(#2223,#2205);
#2194=PROPERTY_DEFINITION_REPRESENTATION(#2224,#2206);
#2195=PROPERTY_DEFINITION_REPRESENTATION(#2225,#2207);
#2196=PROPERTY_DEFINITION_REPRESENTATION(#2226,#2208);
#2197=PROPERTY_DEFINITION_REPRESENTATION(#2227,#2209);
#2198=PROPERTY_DEFINITION_REPRESENTATION(#2228,#2210);
#2199=PROPERTY_DEFINITION_REPRESENTATION(#2229,#2211);
#2200=PROPERTY_DEFINITION_REPRESENTATION(#2230,#2212);
#2201=REPRESENTATION('material name',(#2213),#4289);
#2202=REPRESENTATION('density',(#2183),#4289);
#2203=REPRESENTATION('material name',(#2214),#4290);
#2204=REPRESENTATION('density',(#2184),#4290);
#2205=REPRESENTATION('material name',(#2215),#4292);
#2206=REPRESENTATION('density',(#2185),#4292);
#2207=REPRESENTATION('material name',(#2216),#4293);
#2208=REPRESENTATION('density',(#2186),#4293);
#2209=REPRESENTATION('material name',(#2217),#4294);
#2210=REPRESENTATION('density',(#2187),#4294);
#2211=REPRESENTATION('material name',(#2218),#4295);
#2212=REPRESENTATION('density',(#2188),#4295);
#2213=DESCRIPTIVE_REPRESENTATION_ITEM('Steel','Steel');
#2214=DESCRIPTIVE_REPRESENTATION_ITEM('Steel','Steel');
#2215=DESCRIPTIVE_REPRESENTATION_ITEM('Steel','Steel');
#2216=DESCRIPTIVE_REPRESENTATION_ITEM('Steel','Steel');
#2217=DESCRIPTIVE_REPRESENTATION_ITEM('Steel','Steel');
#2218=DESCRIPTIVE_REPRESENTATION_ITEM('Steel','Steel');
#2219=PROPERTY_DEFINITION('material property','material name',#4339);
#2220=PROPERTY_DEFINITION('material property','density of part',#4339);
#2221=PROPERTY_DEFINITION('material property','material name',#4340);
#2222=PROPERTY_DEFINITION('material property','density of part',#4340);
#2223=PROPERTY_DEFINITION('material property','material name',#4342);
#2224=PROPERTY_DEFINITION('material property','density of part',#4342);
#2225=PROPERTY_DEFINITION('material property','material name',#4343);
#2226=PROPERTY_DEFINITION('material property','density of part',#4343);
#2227=PROPERTY_DEFINITION('material property','material name',#4344);
#2228=PROPERTY_DEFINITION('material property','density of part',#4344);
#2229=PROPERTY_DEFINITION('material property','material name',#4345);
#2230=PROPERTY_DEFINITION('material property','density of part',#4345);
#2231=AXIS2_PLACEMENT_3D('',#3126,#2477,#2478);
#2232=AXIS2_PLACEMENT_3D('',#3127,#2479,#2480);
#2233=AXIS2_PLACEMENT_3D('',#3128,#2481,#2482);
#2234=AXIS2_PLACEMENT_3D('',#3129,#2483,#2484);
#2235=AXIS2_PLACEMENT_3D('',#3188,#2487,#2488);
#2236=AXIS2_PLACEMENT_3D('',#3192,#2490,#2491);
#2237=AXIS2_PLACEMENT_3D('',#3194,#2493,#2494);
#2238=AXIS2_PLACEMENT_3D('',#3196,#2495,#2496);
#2239=AXIS2_PLACEMENT_3D('',#3198,#2498,#2499);
#2240=AXIS2_PLACEMENT_3D('',#3207,#2504,#2505);
#2241=AXIS2_PLACEMENT_3D('',#3209,#2506,#2507);
#2242=AXIS2_PLACEMENT_3D('',#3211,#2508,#2509);
#2243=AXIS2_PLACEMENT_3D('',#3213,#2511,#2512);
#2244=AXIS2_PLACEMENT_3D('',#3219,#2516,#2517);
#2245=AXIS2_PLACEMENT_3D('',#3220,#2518,#2519);
#2246=AXIS2_PLACEMENT_3D('',#3221,#2520,#2521);
#2247=AXIS2_PLACEMENT_3D('',#3222,#2522,#2523);
#2248=AXIS2_PLACEMENT_3D('',#3231,#2528,#2529);
#2249=AXIS2_PLACEMENT_3D('',#3233,#2530,#2531);
#2250=AXIS2_PLACEMENT_3D('',#3235,#2532,#2533);
#2251=AXIS2_PLACEMENT_3D('',#3237,#2535,#2536);
#2252=AXIS2_PLACEMENT_3D('',#3243,#2540,#2541);
#2253=AXIS2_PLACEMENT_3D('',#3244,#2542,#2543);
#2254=AXIS2_PLACEMENT_3D('',#3245,#2544,#2545);
#2255=AXIS2_PLACEMENT_3D('',#3246,#2546,#2547);
#2256=AXIS2_PLACEMENT_3D('',#3272,#2548,#2549);
#2257=AXIS2_PLACEMENT_3D('',#3274,#2550,#2551);
#2258=AXIS2_PLACEMENT_3D('',#3277,#2553,#2554);
#2259=AXIS2_PLACEMENT_3D('',#3279,#2555,#2556);
#2260=AXIS2_PLACEMENT_3D('',#3280,#2557,#2558);
#2261=AXIS2_PLACEMENT_3D('',#3281,#2559,#2560);
#2262=AXIS2_PLACEMENT_3D('',#3285,#2562,#2563);
#2263=AXIS2_PLACEMENT_3D('',#3289,#2565,#2566);
#2264=AXIS2_PLACEMENT_3D('',#3291,#2568,#2569);
#2265=AXIS2_PLACEMENT_3D('',#3293,#2571,#2572);
#2266=AXIS2_PLACEMENT_3D('',#3295,#2574,#2575);
#2267=AXIS2_PLACEMENT_3D('',#3298,#2577,#2578);
#2268=AXIS2_PLACEMENT_3D('',#3300,#2579,#2580);
#2269=AXIS2_PLACEMENT_3D('',#3301,#2581,#2582);
#2270=AXIS2_PLACEMENT_3D('',#3302,#2583,#2584);
#2271=AXIS2_PLACEMENT_3D('',#3308,#2588,#2589);
#2272=AXIS2_PLACEMENT_3D('',#3312,#2592,#2593);
#2273=AXIS2_PLACEMENT_3D('',#3314,#2595,#2596);
#2274=AXIS2_PLACEMENT_3D('',#3316,#2597,#2598);
#2275=AXIS2_PLACEMENT_3D('',#3317,#2599,#2600);
#2276=AXIS2_PLACEMENT_3D('',#3319,#2602,#2603);
#2277=AXIS2_PLACEMENT_3D('',#3320,#2604,#2605);
#2278=AXIS2_PLACEMENT_3D('',#3322,#2607,#2608);
#2279=AXIS2_PLACEMENT_3D('',#3323,#2609,#2610);
#2280=AXIS2_PLACEMENT_3D('',#3325,#2611,#2612);
#2281=AXIS2_PLACEMENT_3D('',#3328,#2614,#2615);
#2282=AXIS2_PLACEMENT_3D('',#3329,#2616,#2617);
#2283=AXIS2_PLACEMENT_3D('',#3338,#2622,#2623);
#2284=AXIS2_PLACEMENT_3D('',#3340,#2624,#2625);
#2285=AXIS2_PLACEMENT_3D('',#3342,#2626,#2627);
#2286=AXIS2_PLACEMENT_3D('',#3344,#2629,#2630);
#2287=AXIS2_PLACEMENT_3D('',#3350,#2634,#2635);
#2288=AXIS2_PLACEMENT_3D('',#3351,#2636,#2637);
#2289=AXIS2_PLACEMENT_3D('',#3352,#2638,#2639);
#2290=AXIS2_PLACEMENT_3D('',#3353,#2640,#2641);
#2291=AXIS2_PLACEMENT_3D('',#3355,#2642,#2643);
#2292=AXIS2_PLACEMENT_3D('',#3358,#2645,#2646);
#2293=AXIS2_PLACEMENT_3D('',#3359,#2647,#2648);
#2294=AXIS2_PLACEMENT_3D('',#3361,#2649,#2650);
#2295=AXIS2_PLACEMENT_3D('',#3363,#2651,#2652);
#2296=AXIS2_PLACEMENT_3D('',#3365,#2654,#2655);
#2297=AXIS2_PLACEMENT_3D('',#3371,#2659,#2660);
#2298=AXIS2_PLACEMENT_3D('',#3373,#2661,#2662);
#2299=AXIS2_PLACEMENT_3D('',#3375,#2663,#2664);
#2300=AXIS2_PLACEMENT_3D('',#3377,#2666,#2667);
#2301=AXIS2_PLACEMENT_3D('',#3383,#2671,#2672);
#2302=AXIS2_PLACEMENT_3D('',#3385,#2673,#2674);
#2303=AXIS2_PLACEMENT_3D('',#3387,#2675,#2676);
#2304=AXIS2_PLACEMENT_3D('',#3389,#2678,#2679);
#2305=AXIS2_PLACEMENT_3D('',#3392,#2682,#2683);
#2306=AXIS2_PLACEMENT_3D('',#3393,#2684,#2685);
#2307=AXIS2_PLACEMENT_3D('',#3394,#2686,#2687);
#2308=AXIS2_PLACEMENT_3D('',#3395,#2688,#2689);
#2309=AXIS2_PLACEMENT_3D('',#3454,#2692,#2693);
#2310=AXIS2_PLACEMENT_3D('',#3458,#2695,#2696);
#2311=AXIS2_PLACEMENT_3D('',#3460,#2698,#2699);
#2312=AXIS2_PLACEMENT_3D('',#3462,#2700,#2701);
#2313=AXIS2_PLACEMENT_3D('',#3464,#2703,#2704);
#2314=AXIS2_PLACEMENT_3D('',#3473,#2709,#2710);
#2315=AXIS2_PLACEMENT_3D('',#3475,#2711,#2712);
#2316=AXIS2_PLACEMENT_3D('',#3478,#2714,#2715);
#2317=AXIS2_PLACEMENT_3D('',#3479,#2716,#2717);
#2318=AXIS2_PLACEMENT_3D('',#3485,#2721,#2722);
#2319=AXIS2_PLACEMENT_3D('',#3486,#2723,#2724);
#2320=AXIS2_PLACEMENT_3D('',#3487,#2725,#2726);
#2321=AXIS2_PLACEMENT_3D('',#3488,#2727,#2728);
#2322=AXIS2_PLACEMENT_3D('',#3497,#2733,#2734);
#2323=AXIS2_PLACEMENT_3D('',#3499,#2735,#2736);
#2324=AXIS2_PLACEMENT_3D('',#3502,#2738,#2739);
#2325=AXIS2_PLACEMENT_3D('',#3503,#2740,#2741);
#2326=AXIS2_PLACEMENT_3D('',#3509,#2745,#2746);
#2327=AXIS2_PLACEMENT_3D('',#3510,#2747,#2748);
#2328=AXIS2_PLACEMENT_3D('',#3511,#2749,#2750);
#2329=AXIS2_PLACEMENT_3D('',#3512,#2751,#2752);
#2330=AXIS2_PLACEMENT_3D('',#3538,#2753,#2754);
#2331=AXIS2_PLACEMENT_3D('',#3540,#2755,#2756);
#2332=AXIS2_PLACEMENT_3D('',#3543,#2758,#2759);
#2333=AXIS2_PLACEMENT_3D('',#3545,#2760,#2761);
#2334=AXIS2_PLACEMENT_3D('',#3546,#2762,#2763);
#2335=AXIS2_PLACEMENT_3D('',#3547,#2764,#2765);
#2336=AXIS2_PLACEMENT_3D('',#3551,#2767,#2768);
#2337=AXIS2_PLACEMENT_3D('',#3555,#2770,#2771);
#2338=AXIS2_PLACEMENT_3D('',#3557,#2773,#2774);
#2339=AXIS2_PLACEMENT_3D('',#3559,#2776,#2777);
#2340=AXIS2_PLACEMENT_3D('',#3561,#2779,#2780);
#2341=AXIS2_PLACEMENT_3D('',#3564,#2782,#2783);
#2342=AXIS2_PLACEMENT_3D('',#3566,#2784,#2785);
#2343=AXIS2_PLACEMENT_3D('',#3567,#2786,#2787);
#2344=AXIS2_PLACEMENT_3D('',#3568,#2788,#2789);
#2345=AXIS2_PLACEMENT_3D('',#3574,#2793,#2794);
#2346=AXIS2_PLACEMENT_3D('',#3578,#2797,#2798);
#2347=AXIS2_PLACEMENT_3D('',#3580,#2800,#2801);
#2348=AXIS2_PLACEMENT_3D('',#3582,#2802,#2803);
#2349=AXIS2_PLACEMENT_3D('',#3584,#2805,#2806);
#2350=AXIS2_PLACEMENT_3D('',#3585,#2807,#2808);
#2351=AXIS2_PLACEMENT_3D('',#3586,#2809,#2810);
#2352=AXIS2_PLACEMENT_3D('',#3588,#2812,#2813);
#2353=AXIS2_PLACEMENT_3D('',#3589,#2814,#2815);
#2354=AXIS2_PLACEMENT_3D('',#3591,#2816,#2817);
#2355=AXIS2_PLACEMENT_3D('',#3594,#2819,#2820);
#2356=AXIS2_PLACEMENT_3D('',#3595,#2821,#2822);
#2357=AXIS2_PLACEMENT_3D('',#3604,#2827,#2828);
#2358=AXIS2_PLACEMENT_3D('',#3606,#2829,#2830);
#2359=AXIS2_PLACEMENT_3D('',#3609,#2832,#2833);
#2360=AXIS2_PLACEMENT_3D('',#3610,#2834,#2835);
#2361=AXIS2_PLACEMENT_3D('',#3616,#2839,#2840);
#2362=AXIS2_PLACEMENT_3D('',#3617,#2841,#2842);
#2363=AXIS2_PLACEMENT_3D('',#3618,#2843,#2844);
#2364=AXIS2_PLACEMENT_3D('',#3619,#2845,#2846);
#2365=AXIS2_PLACEMENT_3D('',#3621,#2847,#2848);
#2366=AXIS2_PLACEMENT_3D('',#3624,#2850,#2851);
#2367=AXIS2_PLACEMENT_3D('',#3625,#2852,#2853);
#2368=AXIS2_PLACEMENT_3D('',#3627,#2854,#2855);
#2369=AXIS2_PLACEMENT_3D('',#3630,#2857,#2858);
#2370=AXIS2_PLACEMENT_3D('',#3631,#2859,#2860);
#2371=AXIS2_PLACEMENT_3D('',#3637,#2864,#2865);
#2372=AXIS2_PLACEMENT_3D('',#3639,#2866,#2867);
#2373=AXIS2_PLACEMENT_3D('',#3642,#2869,#2870);
#2374=AXIS2_PLACEMENT_3D('',#3643,#2871,#2872);
#2375=AXIS2_PLACEMENT_3D('',#3649,#2876,#2877);
#2376=AXIS2_PLACEMENT_3D('',#3651,#2878,#2879);
#2377=AXIS2_PLACEMENT_3D('',#3654,#2881,#2882);
#2378=AXIS2_PLACEMENT_3D('',#3655,#2883,#2884);
#2379=AXIS2_PLACEMENT_3D('',#3658,#2887,#2888);
#2380=AXIS2_PLACEMENT_3D('',#3659,#2889,#2890);
#2381=AXIS2_PLACEMENT_3D('',#3660,#2891,#2892);
#2382=AXIS2_PLACEMENT_3D('',#3661,#2893,#2894);
#2383=AXIS2_PLACEMENT_3D('',#3662,#2895,#2896);
#2384=AXIS2_PLACEMENT_3D('',#3663,#2897,#2898);
#2385=AXIS2_PLACEMENT_3D('',#3664,#2899,#2900);
#2386=AXIS2_PLACEMENT_3D('',#3666,#2901,#2902);
#2387=AXIS2_PLACEMENT_3D('',#3669,#2904,#2905);
#2388=AXIS2_PLACEMENT_3D('',#3670,#2906,#2907);
#2389=AXIS2_PLACEMENT_3D('',#3672,#2908,#2909);
#2390=AXIS2_PLACEMENT_3D('',#3675,#2911,#2912);
#2391=AXIS2_PLACEMENT_3D('',#3676,#2913,#2914);
#2392=AXIS2_PLACEMENT_3D('',#3679,#2915,#2916);
#2393=AXIS2_PLACEMENT_3D('',#3683,#2918,#2919);
#2394=AXIS2_PLACEMENT_3D('',#3685,#2921,#2922);
#2395=AXIS2_PLACEMENT_3D('',#3691,#2926,#2927);
#2396=AXIS2_PLACEMENT_3D('',#3693,#2928,#2929);
#2397=AXIS2_PLACEMENT_3D('',#3695,#2930,#2931);
#2398=AXIS2_PLACEMENT_3D('',#3697,#2933,#2934);
#2399=AXIS2_PLACEMENT_3D('',#3700,#2937,#2938);
#2400=AXIS2_PLACEMENT_3D('',#3701,#2939,#2940);
#2401=AXIS2_PLACEMENT_3D('',#3702,#2941,#2942);
#2402=AXIS2_PLACEMENT_3D('',#3703,#2943,#2944);
#2403=AXIS2_PLACEMENT_3D('',#3705,#2945,#2946);
#2404=AXIS2_PLACEMENT_3D('',#3708,#2948,#2949);
#2405=AXIS2_PLACEMENT_3D('',#3709,#2950,#2951);
#2406=AXIS2_PLACEMENT_3D('',#3711,#2952,#2953);
#2407=AXIS2_PLACEMENT_3D('',#3714,#2955,#2956);
#2408=AXIS2_PLACEMENT_3D('',#3715,#2957,#2958);
#2409=AXIS2_PLACEMENT_3D('',#3718,#2959,#2960);
#2410=AXIS2_PLACEMENT_3D('',#3722,#2962,#2963);
#2411=AXIS2_PLACEMENT_3D('',#3724,#2965,#2966);
#2412=AXIS2_PLACEMENT_3D('',#3730,#2970,#2971);
#2413=AXIS2_PLACEMENT_3D('',#3732,#2972,#2973);
#2414=AXIS2_PLACEMENT_3D('',#3735,#2975,#2976);
#2415=AXIS2_PLACEMENT_3D('',#3736,#2977,#2978);
#2416=AXIS2_PLACEMENT_3D('',#3739,#2981,#2982);
#2417=AXIS2_PLACEMENT_3D('',#3740,#2983,#2984);
#2418=AXIS2_PLACEMENT_3D('',#3741,#2985,#2986);
#2419=AXIS2_PLACEMENT_3D('',#3742,#2987,#2988);
#2420=AXIS2_PLACEMENT_3D('',#3743,#2989,#2990);
#2421=AXIS2_PLACEMENT_3D('',#3744,#2991,#2992);
#2422=AXIS2_PLACEMENT_3D('',#3747,#2993,#2994);
#2423=AXIS2_PLACEMENT_3D('',#3751,#2996,#2997);
#2424=AXIS2_PLACEMENT_3D('',#3753,#2999,#3000);
#2425=AXIS2_PLACEMENT_3D('',#3754,#3001,#3002);
#2426=AXIS2_PLACEMENT_3D('',#3755,#3003,#3004);
#2427=AXIS2_PLACEMENT_3D('',#3782,#3007,#3008);
#2428=AXIS2_PLACEMENT_3D('',#3788,#3011,#3012);
#2429=AXIS2_PLACEMENT_3D('',#3793,#3015,#3016);
#2430=AXIS2_PLACEMENT_3D('',#3794,#3017,#3018);
#2431=AXIS2_PLACEMENT_3D('',#3821,#3021,#3022);
#2432=AXIS2_PLACEMENT_3D('',#3822,#3023,#3024);
#2433=AXIS2_PLACEMENT_3D('',#3828,#3027,#3028);
#2434=AXIS2_PLACEMENT_3D('',#3831,#3030,#3031);
#2435=AXIS2_PLACEMENT_3D('',#3832,#3032,#3033);
#2436=AXIS2_PLACEMENT_3D('',#3834,#3034,#3035);
#2437=AXIS2_PLACEMENT_3D('',#3858,#3037,#3038);
#2438=AXIS2_PLACEMENT_3D('',#3860,#3039,#3040);
#2439=AXIS2_PLACEMENT_3D('',#3861,#3041,#3042);
#2440=AXIS2_PLACEMENT_3D('',#3863,#3043,#3044);
#2441=AXIS2_PLACEMENT_3D('',#3864,#3045,#3046);
#2442=AXIS2_PLACEMENT_3D('',#3865,#3047,#3048);
#2443=AXIS2_PLACEMENT_3D('',#3866,#3049,#3050);
#2444=AXIS2_PLACEMENT_3D('',#3868,#3052,#3053);
#2445=AXIS2_PLACEMENT_3D('',#3870,#3055,#3056);
#2446=AXIS2_PLACEMENT_3D('',#3871,#3057,#3058);
#2447=AXIS2_PLACEMENT_3D('',#3873,#3060,#3061);
#2448=AXIS2_PLACEMENT_3D('',#3874,#3062,#3063);
#2449=AXIS2_PLACEMENT_3D('',#3875,#3064,#3065);
#2450=AXIS2_PLACEMENT_3D('',#3876,#3066,#3067);
#2451=AXIS2_PLACEMENT_3D('',#3879,#3069,#3070);
#2452=AXIS2_PLACEMENT_3D('',#3880,#3071,#3072);
#2453=AXIS2_PLACEMENT_3D('',#3883,#3074,#3075);
#2454=AXIS2_PLACEMENT_3D('',#3884,#3076,#3077);
#2455=AXIS2_PLACEMENT_3D('',#3885,#3078,#3079);
#2456=AXIS2_PLACEMENT_3D('',#3913,#3080,#3081);
#2457=AXIS2_PLACEMENT_3D('',#3982,#3082,#3083);
#2458=AXIS2_PLACEMENT_3D('',#4010,#3084,#3085);
#2459=AXIS2_PLACEMENT_3D('',#4062,#3086,#3087);
#2460=AXIS2_PLACEMENT_3D('',#4071,#3088,#3089);
#2461=AXIS2_PLACEMENT_3D('',#4072,#3090,#3091);
#2462=AXIS2_PLACEMENT_3D('',#4073,#3092,#3093);
#2463=AXIS2_PLACEMENT_3D('',#4256,#3094,#3095);
#2464=AXIS2_PLACEMENT_3D('',#4257,#3096,#3097);
#2465=AXIS2_PLACEMENT_3D('',#4258,#3098,#3099);
#2466=AXIS2_PLACEMENT_3D('',#4262,#3102,#3103);
#2467=AXIS2_PLACEMENT_3D('',#4263,#3104,#3105);
#2468=AXIS2_PLACEMENT_3D('',#4265,#3106,#3107);
#2469=AXIS2_PLACEMENT_3D('',#4267,#3109,#3110);
#2470=AXIS2_PLACEMENT_3D('',#4268,#3111,#3112);
#2471=AXIS2_PLACEMENT_3D('',#4270,#3113,#3114);
#2472=AXIS2_PLACEMENT_3D('',#4272,#3116,#3117);
#2473=AXIS2_PLACEMENT_3D('',#4273,#3118,#3119);
#2474=AXIS2_PLACEMENT_3D('',#4274,#3120,#3121);
#2475=AXIS2_PLACEMENT_3D('',#4275,#3122,#3123);
#2476=AXIS2_PLACEMENT_3D('',#4276,#3124,#3125);
#2477=DIRECTION('axis',(0.,0.,1.));
#2478=DIRECTION('refdir',(1.,0.,0.));
#2479=DIRECTION('axis',(0.,0.,1.));
#2480=DIRECTION('refdir',(1.,0.,0.));
#2481=DIRECTION('axis',(0.,0.,1.));
#2482=DIRECTION('refdir',(1.,0.,0.));
#2483=DIRECTION('center_axis',(0.,0.,-1.));
#2484=DIRECTION('ref_axis',(-1.,0.,0.));
#2485=DIRECTION('',(0.,0.,-1.));
#2486=DIRECTION('',(0.,0.,-1.));
#2487=DIRECTION('center_axis',(-0.5,0.866025403784439,0.));
#2488=DIRECTION('ref_axis',(-0.184443096388351,-0.106488271349982,0.977057312679031));
#2489=DIRECTION('',(0.499999999999999,-0.866025403784439,0.));
#2490=DIRECTION('center_axis',(-0.5,0.866025403784439,-1.91807781333888E-32));
#2491=DIRECTION('ref_axis',(-0.184443096388351,-0.106488271349982,0.977057312679031));
#2492=DIRECTION('',(0.499999999999999,-0.866025403784439,0.));
#2493=DIRECTION('center_axis',(0.5,-0.866025403784439,0.));
#2494=DIRECTION('ref_axis',(0.866025403784439,0.5,0.));
#2495=DIRECTION('center_axis',(-0.5,0.866025403784439,0.));
#2496=DIRECTION('ref_axis',(0.866025403784439,0.5,0.));
#2497=DIRECTION('',(0.433012701892221,0.250000000000001,-0.866025403784437));
#2498=DIRECTION('center_axis',(-0.5,0.866025403784439,0.));
#2499=DIRECTION('ref_axis',(0.866025403784439,0.5,0.));
#2500=DIRECTION('',(-0.866025403784439,-0.5,0.));
#2501=DIRECTION('',(0.,0.,-1.));
#2502=DIRECTION('',(0.866025403784439,0.5,0.));
#2503=DIRECTION('',(0.,0.,-1.));
#2504=DIRECTION('center_axis',(0.,0.,-1.));
#2505=DIRECTION('ref_axis',(-0.500000000000041,0.866025403784415,0.));
#2506=DIRECTION('center_axis',(0.,0.,1.));
#2507=DIRECTION('ref_axis',(-0.500000000000041,0.866025403784415,0.));
#2508=DIRECTION('center_axis',(0.,0.,-1.));
#2509=DIRECTION('ref_axis',(-0.500000000000041,0.866025403784415,0.));
#2510=DIRECTION('',(0.,0.,-1.));
#2511=DIRECTION('center_axis',(0.5,-0.866025403784439,0.));
#2512=DIRECTION('ref_axis',(-0.866025403784439,-0.5,0.));
#2513=DIRECTION('',(0.866025403784439,0.5,0.));
#2514=DIRECTION('',(-0.866025403784439,-0.5,0.));
#2515=DIRECTION('',(0.,0.,-1.));
#2516=DIRECTION('center_axis',(0.,0.,-1.));
#2517=DIRECTION('ref_axis',(0.500000000000002,-0.866025403784438,0.));
#2518=DIRECTION('center_axis',(0.,0.,1.));
#2519=DIRECTION('ref_axis',(0.500000000000002,-0.866025403784438,0.));
#2520=DIRECTION('center_axis',(0.,0.,-1.));
#2521=DIRECTION('ref_axis',(0.500000000000002,-0.866025403784438,0.));
#2522=DIRECTION('center_axis',(-0.516644514573148,0.856200003247767,0.));
#2523=DIRECTION('ref_axis',(0.856200003247767,0.516644514573148,0.));
#2524=DIRECTION('',(-0.856200003247767,-0.516644514573148,0.));
#2525=DIRECTION('',(0.,0.,-1.));
#2526=DIRECTION('',(0.856200003247767,0.516644514573148,0.));
#2527=DIRECTION('',(0.,0.,-1.));
#2528=DIRECTION('center_axis',(0.,0.,-1.));
#2529=DIRECTION('ref_axis',(-0.516644514573401,0.856200003247614,0.));
#2530=DIRECTION('center_axis',(0.,0.,1.));
#2531=DIRECTION('ref_axis',(-0.516644514573401,0.856200003247614,0.));
#2532=DIRECTION('center_axis',(0.,0.,-1.));
#2533=DIRECTION('ref_axis',(-0.516644514573401,0.856200003247614,0.));
#2534=DIRECTION('',(0.,0.,-1.));
#2535=DIRECTION('center_axis',(0.516644514573148,-0.856200003247767,0.));
#2536=DIRECTION('ref_axis',(-0.856200003247767,-0.516644514573148,0.));
#2537=DIRECTION('',(0.856200003247767,0.516644514573148,0.));
#2538=DIRECTION('',(-0.856200003247767,-0.516644514573148,0.));
#2539=DIRECTION('',(0.,0.,-1.));
#2540=DIRECTION('center_axis',(0.,0.,-1.));
#2541=DIRECTION('ref_axis',(0.516644514573403,-0.856200003247613,0.));
#2542=DIRECTION('center_axis',(0.,0.,1.));
#2543=DIRECTION('ref_axis',(0.516644514573403,-0.856200003247613,0.));
#2544=DIRECTION('center_axis',(0.,0.,-1.));
#2545=DIRECTION('ref_axis',(0.516644514573403,-0.856200003247613,0.));
#2546=DIRECTION('center_axis',(-0.5,0.866025403784439,0.));
#2547=DIRECTION('ref_axis',(0.866025403784439,0.5,0.));
#2548=DIRECTION('center_axis',(-0.5,0.866025403784439,0.));
#2549=DIRECTION('ref_axis',(0.866025403784439,0.5,0.));
#2550=DIRECTION('center_axis',(-0.5,0.866025403784439,0.));
#2551=DIRECTION('ref_axis',(0.866025403784439,0.5,0.));
#2552=DIRECTION('',(-0.5,0.866025403784439,0.));
#2553=DIRECTION('center_axis',(0.516644514572894,-0.85620000324792,0.));
#2554=DIRECTION('ref_axis',(0.85620000324792,0.516644514572894,0.));
#2555=DIRECTION('center_axis',(-0.5,0.866025403784439,0.));
#2556=DIRECTION('ref_axis',(0.866025403784439,0.5,0.));
#2557=DIRECTION('center_axis',(-0.5,0.866025403784439,0.));
#2558=DIRECTION('ref_axis',(0.866025403784439,0.5,0.));
#2559=DIRECTION('center_axis',(0.,0.,1.));
#2560=DIRECTION('ref_axis',(-0.295047931797835,0.955482452974318,0.));
#2561=DIRECTION('',(0.,0.,1.));
#2562=DIRECTION('center_axis',(0.,0.,1.));
#2563=DIRECTION('ref_axis',(-0.295047931797835,0.955482452974318,0.));
#2564=DIRECTION('',(0.,0.,1.));
#2565=DIRECTION('center_axis',(0.,0.,-1.));
#2566=DIRECTION('ref_axis',(-0.295047931797835,0.955482452974318,0.));
#2567=DIRECTION('',(0.,0.,1.));
#2568=DIRECTION('center_axis',(-0.5,0.866025403784439,0.));
#2569=DIRECTION('ref_axis',(-0.866025403784439,-0.5,0.));
#2570=DIRECTION('',(-0.43301270189222,-0.25,0.866025403784438));
#2571=DIRECTION('center_axis',(-0.5,0.866025403784439,0.));
#2572=DIRECTION('ref_axis',(-0.866025403784439,-0.5,0.));
#2573=DIRECTION('',(0.433012701892221,0.250000000000001,0.866025403784437));
#2574=DIRECTION('center_axis',(-0.5,0.866025403784439,0.));
#2575=DIRECTION('ref_axis',(0.866025403784439,0.5,0.));
#2576=DIRECTION('',(-0.5,0.866025403784439,0.));
#2577=DIRECTION('center_axis',(0.5,-0.866025403784439,0.));
#2578=DIRECTION('ref_axis',(0.866025403784439,0.5,0.));
#2579=DIRECTION('center_axis',(-0.5,0.866025403784439,0.));
#2580=DIRECTION('ref_axis',(0.866025403784439,0.5,0.));
#2581=DIRECTION('center_axis',(-0.5,0.866025403784439,0.));
#2582=DIRECTION('ref_axis',(0.866025403784439,0.5,0.));
#2583=DIRECTION('center_axis',(-0.5,0.866025403784439,0.));
#2584=DIRECTION('ref_axis',(-0.866025403784439,-0.5,0.));
#2585=DIRECTION('',(-0.866025403784439,-0.5,0.));
#2586=DIRECTION('',(0.,0.,1.));
#2587=DIRECTION('',(-0.866025403784439,-0.5,0.));
#2588=DIRECTION('center_axis',(0.5,-0.866025403784439,0.));
#2589=DIRECTION('ref_axis',(0.866025403784439,0.5,0.));
#2590=DIRECTION('',(-0.43301270189222,-0.25,-0.866025403784438));
#2591=DIRECTION('',(0.433012701892221,0.250000000000001,-0.866025403784437));
#2592=DIRECTION('center_axis',(0.5,-0.866025403784439,0.));
#2593=DIRECTION('ref_axis',(0.866025403784439,0.5,0.));
#2594=DIRECTION('',(-0.43301270189222,-0.25,-0.866025403784438));
#2595=DIRECTION('center_axis',(0.,0.,-1.));
#2596=DIRECTION('ref_axis',(0.,-1.,0.));
#2597=DIRECTION('center_axis',(0.,0.,-1.));
#2598=DIRECTION('ref_axis',(-1.1068812613146E-15,-1.,0.));
#2599=DIRECTION('center_axis',(0.,0.,1.));
#2600=DIRECTION('ref_axis',(-0.866025403784439,-0.5,0.));
#2601=DIRECTION('',(-0.43301270189222,-0.25,0.866025403784438));
#2602=DIRECTION('center_axis',(0.,0.,1.));
#2603=DIRECTION('ref_axis',(0.,-1.,0.));
#2604=DIRECTION('center_axis',(0.,0.,1.));
#2605=DIRECTION('ref_axis',(-0.866025403784439,-0.5,0.));
#2606=DIRECTION('',(0.433012701892221,0.250000000000001,0.866025403784437));
#2607=DIRECTION('center_axis',(-0.5,0.866025403784439,0.));
#2608=DIRECTION('ref_axis',(-0.866025403784439,-0.5,0.));
#2609=DIRECTION('center_axis',(0.,0.,1.));
#2610=DIRECTION('ref_axis',(1.,0.,0.));
#2611=DIRECTION('center_axis',(0.,0.,-1.));
#2612=DIRECTION('ref_axis',(1.,0.,0.));
#2613=DIRECTION('',(0.,0.,-1.));
#2614=DIRECTION('center_axis',(0.,0.,-1.));
#2615=DIRECTION('ref_axis',(1.,0.,0.));
#2616=DIRECTION('center_axis',(0.5,-0.866025403784439,0.));
#2617=DIRECTION('ref_axis',(0.866025403784439,0.5,0.));
#2618=DIRECTION('',(0.866025403784439,0.5,0.));
#2619=DIRECTION('',(0.,0.,1.));
#2620=DIRECTION('',(0.866025403784439,0.5,0.));
#2621=DIRECTION('',(0.,0.,1.));
#2622=DIRECTION('center_axis',(0.,0.,1.));
#2623=DIRECTION('ref_axis',(-0.866025403784438,-0.5,0.));
#2624=DIRECTION('center_axis',(0.,0.,1.));
#2625=DIRECTION('ref_axis',(-0.866025403784438,-0.5,0.));
#2626=DIRECTION('center_axis',(0.,0.,1.));
#2627=DIRECTION('ref_axis',(-0.866025403784438,-0.5,0.));
#2628=DIRECTION('',(0.,0.,1.));
#2629=DIRECTION('center_axis',(0.5,-0.866025403784439,0.));
#2630=DIRECTION('ref_axis',(0.866025403784439,0.5,0.));
#2631=DIRECTION('',(0.866025403784439,0.5,0.));
#2632=DIRECTION('',(0.866025403784439,0.5,0.));
#2633=DIRECTION('',(0.,0.,1.));
#2634=DIRECTION('center_axis',(0.,0.,1.));
#2635=DIRECTION('ref_axis',(-0.866025403784439,-0.5,0.));
#2636=DIRECTION('center_axis',(0.,0.,-1.));
#2637=DIRECTION('ref_axis',(-0.866025403784439,-0.5,0.));
#2638=DIRECTION('center_axis',(0.,0.,-1.));
#2639=DIRECTION('ref_axis',(-0.866025403784439,-0.5,0.));
#2640=DIRECTION('center_axis',(0.,0.,1.));
#2641=DIRECTION('ref_axis',(1.,0.,0.));
#2642=DIRECTION('center_axis',(0.,0.,-1.));
#2643=DIRECTION('ref_axis',(1.,0.,0.));
#2644=DIRECTION('',(0.,0.,-1.));
#2645=DIRECTION('center_axis',(0.,0.,-1.));
#2646=DIRECTION('ref_axis',(1.,0.,0.));
#2647=DIRECTION('center_axis',(0.,0.,1.));
#2648=DIRECTION('ref_axis',(-0.516644514572895,0.85620000324792,0.));
#2649=DIRECTION('center_axis',(0.,0.,1.));
#2650=DIRECTION('ref_axis',(-0.516644514572895,0.85620000324792,0.));
#2651=DIRECTION('center_axis',(0.,0.,1.));
#2652=DIRECTION('ref_axis',(-0.516644514572895,0.85620000324792,0.));
#2653=DIRECTION('',(0.,0.,1.));
#2654=DIRECTION('center_axis',(-0.516644514572894,0.85620000324792,0.));
#2655=DIRECTION('ref_axis',(-0.85620000324792,-0.516644514572894,0.));
#2656=DIRECTION('',(0.85620000324792,0.516644514572894,0.));
#2657=DIRECTION('',(-0.85620000324792,-0.516644514572894,0.));
#2658=DIRECTION('',(0.,0.,1.));
#2659=DIRECTION('center_axis',(0.,0.,1.));
#2660=DIRECTION('ref_axis',(-0.295047931798175,0.955482452974213,0.));
#2661=DIRECTION('center_axis',(0.,0.,1.));
#2662=DIRECTION('ref_axis',(-0.295047931798175,0.955482452974213,0.));
#2663=DIRECTION('center_axis',(0.,0.,1.));
#2664=DIRECTION('ref_axis',(-0.295047931798175,0.955482452974213,0.));
#2665=DIRECTION('',(0.,0.,1.));
#2666=DIRECTION('center_axis',(-0.29504793179805,0.955482452974252,0.));
#2667=DIRECTION('ref_axis',(-0.955482452974252,-0.29504793179805,0.));
#2668=DIRECTION('',(0.955482452974252,0.29504793179805,0.));
#2669=DIRECTION('',(-0.955482452974252,-0.29504793179805,0.));
#2670=DIRECTION('',(0.,0.,1.));
#2671=DIRECTION('center_axis',(0.,0.,1.));
#2672=DIRECTION('ref_axis',(0.95548245297406,0.295047931798671,0.));
#2673=DIRECTION('center_axis',(0.,0.,1.));
#2674=DIRECTION('ref_axis',(-0.679948111246164,-0.733260230759022,0.));
#2675=DIRECTION('center_axis',(0.,0.,1.));
#2676=DIRECTION('ref_axis',(-0.679948111246164,-0.733260230759022,0.));
#2677=DIRECTION('',(0.,0.,1.));
#2678=DIRECTION('center_axis',(0.295047931797485,-0.955482452974426,0.));
#2679=DIRECTION('ref_axis',(0.955482452974426,0.295047931797485,0.));
#2680=DIRECTION('',(0.955482452974426,0.295047931797485,0.));
#2681=DIRECTION('',(0.955482452974426,0.295047931797485,0.));
#2682=DIRECTION('center_axis',(0.,0.,1.));
#2683=DIRECTION('ref_axis',(1.,0.,0.));
#2684=DIRECTION('center_axis',(0.,0.,1.));
#2685=DIRECTION('ref_axis',(1.,0.,0.));
#2686=DIRECTION('axis',(0.,0.,1.));
#2687=DIRECTION('refdir',(1.,0.,0.));
#2688=DIRECTION('center_axis',(0.,0.,1.));
#2689=DIRECTION('ref_axis',(1.,0.,0.));
#2690=DIRECTION('',(0.,0.,1.));
#2691=DIRECTION('',(0.,0.,1.));
#2692=DIRECTION('center_axis',(-0.5,-0.866025403784439,0.));
#2693=DIRECTION('ref_axis',(0.184443096388351,-0.106488271349982,0.977057312679031));
#2694=DIRECTION('',(-0.499999999999999,-0.866025403784439,0.));
#2695=DIRECTION('center_axis',(-0.5,-0.866025403784439,1.91807781333888E-32));
#2696=DIRECTION('ref_axis',(0.184443096388351,-0.106488271349982,0.977057312679031));
#2697=DIRECTION('',(-0.499999999999999,-0.866025403784439,0.));
#2698=DIRECTION('center_axis',(0.5,0.866025403784439,0.));
#2699=DIRECTION('ref_axis',(-0.866025403784439,0.5,0.));
#2700=DIRECTION('center_axis',(-0.5,-0.866025403784439,0.));
#2701=DIRECTION('ref_axis',(-0.866025403784439,0.5,0.));
#2702=DIRECTION('',(0.43301270189222,-0.25,-0.866025403784438));
#2703=DIRECTION('center_axis',(-0.5,-0.866025403784439,0.));
#2704=DIRECTION('ref_axis',(-0.866025403784439,0.5,0.));
#2705=DIRECTION('',(0.866025403784439,-0.5,0.));
#2706=DIRECTION('',(0.,0.,-1.));
#2707=DIRECTION('',(-0.866025403784439,0.5,0.));
#2708=DIRECTION('',(0.,0.,-1.));
#2709=DIRECTION('center_axis',(0.,0.,1.));
#2710=DIRECTION('ref_axis',(0.500000000000041,0.866025403784415,0.));
#2711=DIRECTION('center_axis',(0.,0.,-1.));
#2712=DIRECTION('ref_axis',(0.500000000000041,0.866025403784415,0.));
#2713=DIRECTION('',(0.,0.,-1.));
#2714=DIRECTION('center_axis',(0.,0.,1.));
#2715=DIRECTION('ref_axis',(0.500000000000041,0.866025403784415,0.));
#2716=DIRECTION('center_axis',(0.5,0.866025403784439,0.));
#2717=DIRECTION('ref_axis',(0.866025403784439,-0.5,0.));
#2718=DIRECTION('',(-0.866025403784439,0.5,0.));
#2719=DIRECTION('',(0.,0.,-1.));
#2720=DIRECTION('',(0.866025403784439,-0.5,0.));
#2721=DIRECTION('center_axis',(0.,0.,1.));
#2722=DIRECTION('ref_axis',(-0.500000000000002,-0.866025403784438,0.));
#2723=DIRECTION('center_axis',(0.,0.,-1.));
#2724=DIRECTION('ref_axis',(-0.500000000000002,-0.866025403784438,0.));
#2725=DIRECTION('center_axis',(0.,0.,1.));
#2726=DIRECTION('ref_axis',(-0.500000000000002,-0.866025403784438,0.));
#2727=DIRECTION('center_axis',(-0.516644514573148,-0.856200003247767,0.));
#2728=DIRECTION('ref_axis',(-0.856200003247767,0.516644514573148,0.));
#2729=DIRECTION('',(0.856200003247767,-0.516644514573148,0.));
#2730=DIRECTION('',(0.,0.,-1.));
#2731=DIRECTION('',(-0.856200003247767,0.516644514573148,0.));
#2732=DIRECTION('',(0.,0.,-1.));
#2733=DIRECTION('center_axis',(0.,0.,1.));
#2734=DIRECTION('ref_axis',(0.516644514573401,0.856200003247614,0.));
#2735=DIRECTION('center_axis',(0.,0.,-1.));
#2736=DIRECTION('ref_axis',(0.516644514573401,0.856200003247614,0.));
#2737=DIRECTION('',(0.,0.,-1.));
#2738=DIRECTION('center_axis',(0.,0.,1.));
#2739=DIRECTION('ref_axis',(0.516644514573401,0.856200003247614,0.));
#2740=DIRECTION('center_axis',(0.516644514573148,0.856200003247767,0.));
#2741=DIRECTION('ref_axis',(0.856200003247767,-0.516644514573148,0.));
#2742=DIRECTION('',(-0.856200003247767,0.516644514573148,0.));
#2743=DIRECTION('',(0.,0.,-1.));
#2744=DIRECTION('',(0.856200003247767,-0.516644514573148,0.));
#2745=DIRECTION('center_axis',(0.,0.,1.));
#2746=DIRECTION('ref_axis',(-0.516644514573403,-0.856200003247613,0.));
#2747=DIRECTION('center_axis',(0.,0.,-1.));
#2748=DIRECTION('ref_axis',(-0.516644514573403,-0.856200003247613,0.));
#2749=DIRECTION('center_axis',(0.,0.,1.));
#2750=DIRECTION('ref_axis',(-0.516644514573403,-0.856200003247613,0.));
#2751=DIRECTION('center_axis',(-0.5,-0.866025403784439,0.));
#2752=DIRECTION('ref_axis',(-0.866025403784439,0.5,0.));
#2753=DIRECTION('center_axis',(-0.5,-0.866025403784439,0.));
#2754=DIRECTION('ref_axis',(-0.866025403784439,0.5,0.));
#2755=DIRECTION('center_axis',(-0.5,-0.866025403784439,0.));
#2756=DIRECTION('ref_axis',(-0.866025403784439,0.5,0.));
#2757=DIRECTION('',(0.5,0.866025403784439,0.));
#2758=DIRECTION('center_axis',(0.516644514572894,0.85620000324792,0.));
#2759=DIRECTION('ref_axis',(-0.85620000324792,0.516644514572894,0.));
#2760=DIRECTION('center_axis',(-0.5,-0.866025403784439,0.));
#2761=DIRECTION('ref_axis',(-0.866025403784439,0.5,0.));
#2762=DIRECTION('center_axis',(-0.5,-0.866025403784439,0.));
#2763=DIRECTION('ref_axis',(-0.866025403784439,0.5,0.));
#2764=DIRECTION('center_axis',(0.,0.,-1.));
#2765=DIRECTION('ref_axis',(0.295047931797835,0.955482452974318,0.));
#2766=DIRECTION('',(0.,0.,1.));
#2767=DIRECTION('center_axis',(0.,0.,1.));
#2768=DIRECTION('ref_axis',(0.295047931797835,0.955482452974318,0.));
#2769=DIRECTION('',(0.,0.,1.));
#2770=DIRECTION('center_axis',(0.,0.,-1.));
#2771=DIRECTION('ref_axis',(0.295047931797835,0.955482452974318,0.));
#2772=DIRECTION('',(0.,0.,1.));
#2773=DIRECTION('center_axis',(-0.5,-0.866025403784439,0.));
#2774=DIRECTION('ref_axis',(0.866025403784439,-0.5,0.));
#2775=DIRECTION('',(0.43301270189222,-0.25,0.866025403784438));
#2776=DIRECTION('center_axis',(-0.5,-0.866025403784439,0.));
#2777=DIRECTION('ref_axis',(0.866025403784439,-0.5,0.));
#2778=DIRECTION('',(-0.433012701892221,0.250000000000001,0.866025403784437));
#2779=DIRECTION('center_axis',(-0.5,-0.866025403784439,0.));
#2780=DIRECTION('ref_axis',(-0.866025403784439,0.5,0.));
#2781=DIRECTION('',(0.5,0.866025403784439,0.));
#2782=DIRECTION('center_axis',(0.5,0.866025403784439,0.));
#2783=DIRECTION('ref_axis',(-0.866025403784439,0.5,0.));
#2784=DIRECTION('center_axis',(-0.5,-0.866025403784439,0.));
#2785=DIRECTION('ref_axis',(-0.866025403784439,0.5,0.));
#2786=DIRECTION('center_axis',(-0.5,-0.866025403784439,0.));
#2787=DIRECTION('ref_axis',(-0.866025403784439,0.5,0.));
#2788=DIRECTION('center_axis',(-0.5,-0.866025403784439,0.));
#2789=DIRECTION('ref_axis',(0.866025403784439,-0.5,0.));
#2790=DIRECTION('',(0.866025403784439,-0.5,0.));
#2791=DIRECTION('',(0.,0.,1.));
#2792=DIRECTION('',(0.866025403784439,-0.5,0.));
#2793=DIRECTION('center_axis',(0.5,0.866025403784439,0.));
#2794=DIRECTION('ref_axis',(-0.866025403784439,0.5,0.));
#2795=DIRECTION('',(-0.433012701892221,0.250000000000001,-0.866025403784437));
#2796=DIRECTION('',(0.43301270189222,-0.25,-0.866025403784438));
#2797=DIRECTION('center_axis',(0.5,0.866025403784439,0.));
#2798=DIRECTION('ref_axis',(-0.866025403784439,0.5,0.));
#2799=DIRECTION('',(-0.433012701892221,0.250000000000001,-0.866025403784437));
#2800=DIRECTION('center_axis',(0.,0.,-1.));
#2801=DIRECTION('ref_axis',(0.,-1.,0.));
#2802=DIRECTION('center_axis',(0.,0.,1.));
#2803=DIRECTION('ref_axis',(1.1068812613146E-15,-1.,0.));
#2804=DIRECTION('',(0.43301270189222,-0.25,0.866025403784438));
#2805=DIRECTION('center_axis',(0.,0.,-1.));
#2806=DIRECTION('ref_axis',(0.866025403784439,-0.5,0.));
#2807=DIRECTION('center_axis',(0.,0.,1.));
#2808=DIRECTION('ref_axis',(0.,-1.,0.));
#2809=DIRECTION('center_axis',(0.,0.,-1.));
#2810=DIRECTION('ref_axis',(0.866025403784439,-0.5,0.));
#2811=DIRECTION('',(-0.433012701892221,0.250000000000001,0.866025403784437));
#2812=DIRECTION('center_axis',(-0.5,-0.866025403784439,0.));
#2813=DIRECTION('ref_axis',(0.866025403784439,-0.5,0.));
#2814=DIRECTION('center_axis',(0.,0.,-1.));
#2815=DIRECTION('ref_axis',(-1.,0.,0.));
#2816=DIRECTION('center_axis',(0.,0.,1.));
#2817=DIRECTION('ref_axis',(-1.,0.,0.));
#2818=DIRECTION('',(0.,0.,-1.));
#2819=DIRECTION('center_axis',(0.,0.,1.));
#2820=DIRECTION('ref_axis',(-1.,0.,0.));
#2821=DIRECTION('center_axis',(0.5,0.866025403784439,0.));
#2822=DIRECTION('ref_axis',(-0.866025403784439,0.5,0.));
#2823=DIRECTION('',(-0.866025403784439,0.5,0.));
#2824=DIRECTION('',(0.,0.,1.));
#2825=DIRECTION('',(-0.866025403784439,0.5,0.));
#2826=DIRECTION('',(0.,0.,1.));
#2827=DIRECTION('center_axis',(0.,0.,-1.));
#2828=DIRECTION('ref_axis',(0.866025403784438,-0.5,0.));
#2829=DIRECTION('center_axis',(0.,0.,-1.));
#2830=DIRECTION('ref_axis',(0.866025403784438,-0.5,0.));
#2831=DIRECTION('',(0.,0.,1.));
#2832=DIRECTION('center_axis',(0.,0.,-1.));
#2833=DIRECTION('ref_axis',(0.866025403784438,-0.5,0.));
#2834=DIRECTION('center_axis',(0.5,0.866025403784439,0.));
#2835=DIRECTION('ref_axis',(-0.866025403784439,0.5,0.));
#2836=DIRECTION('',(-0.866025403784439,0.5,0.));
#2837=DIRECTION('',(0.,0.,1.));
#2838=DIRECTION('',(-0.866025403784439,0.5,0.));
#2839=DIRECTION('center_axis',(0.,0.,-1.));
#2840=DIRECTION('ref_axis',(0.866025403784439,-0.5,0.));
#2841=DIRECTION('center_axis',(0.,0.,1.));
#2842=DIRECTION('ref_axis',(0.866025403784439,-0.5,0.));
#2843=DIRECTION('center_axis',(0.,0.,1.));
#2844=DIRECTION('ref_axis',(0.866025403784439,-0.5,0.));
#2845=DIRECTION('center_axis',(0.,0.,-1.));
#2846=DIRECTION('ref_axis',(-1.,0.,0.));
#2847=DIRECTION('center_axis',(0.,0.,1.));
#2848=DIRECTION('ref_axis',(-1.,0.,0.));
#2849=DIRECTION('',(0.,0.,-1.));
#2850=DIRECTION('center_axis',(0.,0.,1.));
#2851=DIRECTION('ref_axis',(-1.,0.,0.));
#2852=DIRECTION('center_axis',(0.,0.,-1.));
#2853=DIRECTION('ref_axis',(0.516644514572895,0.85620000324792,0.));
#2854=DIRECTION('center_axis',(0.,0.,-1.));
#2855=DIRECTION('ref_axis',(0.516644514572895,0.85620000324792,0.));
#2856=DIRECTION('',(0.,0.,1.));
#2857=DIRECTION('center_axis',(0.,0.,-1.));
#2858=DIRECTION('ref_axis',(0.516644514572895,0.85620000324792,0.));
#2859=DIRECTION('center_axis',(-0.516644514572894,-0.85620000324792,0.));
#2860=DIRECTION('ref_axis',(0.85620000324792,-0.516644514572894,0.));
#2861=DIRECTION('',(-0.85620000324792,0.516644514572894,0.));
#2862=DIRECTION('',(0.,0.,1.));
#2863=DIRECTION('',(0.85620000324792,-0.516644514572894,0.));
#2864=DIRECTION('center_axis',(0.,0.,-1.));
#2865=DIRECTION('ref_axis',(0.295047931798175,0.955482452974213,0.));
#2866=DIRECTION('center_axis',(0.,0.,-1.));
#2867=DIRECTION('ref_axis',(0.295047931798175,0.955482452974213,0.));
#2868=DIRECTION('',(0.,0.,1.));
#2869=DIRECTION('center_axis',(0.,0.,-1.));
#2870=DIRECTION('ref_axis',(0.295047931798175,0.955482452974213,0.));
#2871=DIRECTION('center_axis',(-0.29504793179805,-0.955482452974252,0.));
#2872=DIRECTION('ref_axis',(0.955482452974252,-0.29504793179805,0.));
#2873=DIRECTION('',(-0.955482452974252,0.29504793179805,0.));
#2874=DIRECTION('',(0.,0.,1.));
#2875=DIRECTION('',(0.955482452974252,-0.29504793179805,0.));
#2876=DIRECTION('center_axis',(0.,0.,-1.));
#2877=DIRECTION('ref_axis',(-0.95548245297406,0.295047931798671,0.));
#2878=DIRECTION('center_axis',(0.,0.,-1.));
#2879=DIRECTION('ref_axis',(0.679948111246164,-0.733260230759022,0.));
#2880=DIRECTION('',(0.,0.,1.));
#2881=DIRECTION('center_axis',(0.,0.,-1.));
#2882=DIRECTION('ref_axis',(0.679948111246164,-0.733260230759022,0.));
#2883=DIRECTION('center_axis',(0.295047931797485,0.955482452974426,0.));
#2884=DIRECTION('ref_axis',(-0.955482452974426,0.295047931797485,0.));
#2885=DIRECTION('',(-0.955482452974426,0.295047931797485,0.));
#2886=DIRECTION('',(-0.955482452974426,0.295047931797485,0.));
#2887=DIRECTION('center_axis',(0.,0.,-1.));
#2888=DIRECTION('ref_axis',(-1.,0.,0.));
#2889=DIRECTION('center_axis',(0.,0.,-1.));
#2890=DIRECTION('ref_axis',(-1.,0.,0.));
#2891=DIRECTION('',(0.,0.,1.));
#2892=DIRECTION('',(1.,0.,0.));
#2893=DIRECTION('',(0.,0.,1.));
#2894=DIRECTION('',(1.,0.,0.));
#2895=DIRECTION('axis',(0.,0.,1.));
#2896=DIRECTION('refdir',(1.,0.,0.));
#2897=DIRECTION('axis',(0.,0.,1.));
#2898=DIRECTION('refdir',(1.,0.,0.));
#2899=DIRECTION('center_axis',(0.,0.,1.));
#2900=DIRECTION('ref_axis',(1.,0.,0.));
#2901=DIRECTION('center_axis',(0.,0.,-1.));
#2902=DIRECTION('ref_axis',(1.,0.,0.));
#2903=DIRECTION('',(0.,0.,-1.));
#2904=DIRECTION('center_axis',(0.,0.,-1.));
#2905=DIRECTION('ref_axis',(1.,0.,0.));
#2906=DIRECTION('center_axis',(0.,0.,1.));
#2907=DIRECTION('ref_axis',(1.,0.,0.));
#2908=DIRECTION('center_axis',(0.,0.,-1.));
#2909=DIRECTION('ref_axis',(1.,0.,0.));
#2910=DIRECTION('',(0.,0.,-1.));
#2911=DIRECTION('center_axis',(0.,0.,-1.));
#2912=DIRECTION('ref_axis',(1.,0.,0.));
#2913=DIRECTION('center_axis',(0.,0.,1.));
#2914=DIRECTION('ref_axis',(0.866025403784443,-0.499999999999992,0.));
#2915=DIRECTION('center_axis',(0.,0.,1.));
#2916=DIRECTION('ref_axis',(-1.,-9.76996261670138E-15,0.));
#2917=DIRECTION('',(0.,0.,1.));
#2918=DIRECTION('center_axis',(0.,0.,1.));
#2919=DIRECTION('ref_axis',(-1.,-9.76996261670138E-15,0.));
#2920=DIRECTION('',(0.,0.,1.));
#2921=DIRECTION('center_axis',(-0.5,-0.866025403784439,0.));
#2922=DIRECTION('ref_axis',(0.866025403784439,-0.5,0.));
#2923=DIRECTION('',(-0.866025403784439,0.5,0.));
#2924=DIRECTION('',(0.866025403784439,-0.5,0.));
#2925=DIRECTION('',(0.,0.,1.));
#2926=DIRECTION('center_axis',(0.,0.,1.));
#2927=DIRECTION('ref_axis',(-0.866025403784432,0.500000000000012,0.));
#2928=DIRECTION('center_axis',(0.,0.,1.));
#2929=DIRECTION('ref_axis',(1.,0.,0.));
#2930=DIRECTION('center_axis',(0.,0.,1.));
#2931=DIRECTION('ref_axis',(1.,0.,0.));
#2932=DIRECTION('',(0.,0.,1.));
#2933=DIRECTION('center_axis',(0.499999999999999,0.866025403784439,0.));
#2934=DIRECTION('ref_axis',(-0.866025403784439,0.499999999999999,0.));
#2935=DIRECTION('',(-0.866025403784439,0.499999999999999,0.));
#2936=DIRECTION('',(-0.866025403784439,0.499999999999999,0.));
#2937=DIRECTION('center_axis',(0.,0.,1.));
#2938=DIRECTION('ref_axis',(1.,0.,0.));
#2939=DIRECTION('center_axis',(0.,0.,1.));
#2940=DIRECTION('ref_axis',(1.,0.,0.));
#2941=DIRECTION('axis',(0.,0.,1.));
#2942=DIRECTION('refdir',(1.,0.,0.));
#2943=DIRECTION('center_axis',(0.,0.,-1.));
#2944=DIRECTION('ref_axis',(-1.,0.,0.));
#2945=DIRECTION('center_axis',(0.,0.,1.));
#2946=DIRECTION('ref_axis',(-1.,0.,0.));
#2947=DIRECTION('',(0.,0.,-1.));
#2948=DIRECTION('center_axis',(0.,0.,1.));
#2949=DIRECTION('ref_axis',(-1.,0.,0.));
#2950=DIRECTION('center_axis',(0.,0.,-1.));
#2951=DIRECTION('ref_axis',(-1.,0.,0.));
#2952=DIRECTION('center_axis',(0.,0.,1.));
#2953=DIRECTION('ref_axis',(-1.,0.,0.));
#2954=DIRECTION('',(0.,0.,-1.));
#2955=DIRECTION('center_axis',(0.,0.,1.));
#2956=DIRECTION('ref_axis',(-1.,0.,0.));
#2957=DIRECTION('center_axis',(0.,0.,-1.));
#2958=DIRECTION('ref_axis',(-0.866025403784443,-0.499999999999992,0.));
#2959=DIRECTION('center_axis',(0.,0.,-1.));
#2960=DIRECTION('ref_axis',(1.,-9.76996261670138E-15,0.));
#2961=DIRECTION('',(0.,0.,1.));
#2962=DIRECTION('center_axis',(0.,0.,-1.));
#2963=DIRECTION('ref_axis',(1.,-9.76996261670138E-15,0.));
#2964=DIRECTION('',(0.,0.,1.));
#2965=DIRECTION('center_axis',(-0.5,0.866025403784439,0.));
#2966=DIRECTION('ref_axis',(-0.866025403784439,-0.5,0.));
#2967=DIRECTION('',(0.866025403784439,0.5,0.));
#2968=DIRECTION('',(0.,0.,1.));
#2969=DIRECTION('',(-0.866025403784439,-0.5,0.));
#2970=DIRECTION('center_axis',(0.,0.,-1.));
#2971=DIRECTION('ref_axis',(0.866025403784432,0.500000000000012,0.));
#2972=DIRECTION('center_axis',(0.,0.,-1.));
#2973=DIRECTION('ref_axis',(-1.,0.,0.));
#2974=DIRECTION('',(0.,0.,1.));
#2975=DIRECTION('center_axis',(0.,0.,-1.));
#2976=DIRECTION('ref_axis',(-1.,0.,0.));
#2977=DIRECTION('center_axis',(0.499999999999999,-0.866025403784439,0.));
#2978=DIRECTION('ref_axis',(0.866025403784439,0.499999999999999,0.));
#2979=DIRECTION('',(0.866025403784439,0.499999999999999,0.));
#2980=DIRECTION('',(0.866025403784439,0.499999999999999,0.));
#2981=DIRECTION('center_axis',(0.,0.,-1.));
#2982=DIRECTION('ref_axis',(-1.,0.,0.));
#2983=DIRECTION('center_axis',(0.,0.,-1.));
#2984=DIRECTION('ref_axis',(-1.,0.,0.));
#2985=DIRECTION('',(0.,0.,1.));
#2986=DIRECTION('',(1.,0.,0.));
#2987=DIRECTION('',(0.,0.,1.));
#2988=DIRECTION('',(1.,0.,0.));
#2989=DIRECTION('axis',(0.,0.,1.));
#2990=DIRECTION('refdir',(1.,0.,0.));
#2991=DIRECTION('center_axis',(-0.707106781186547,0.,-0.707106781186548));
#2992=DIRECTION('ref_axis',(-0.707106781186548,0.,0.707106781186547));
#2993=DIRECTION('center_axis',(0.707106781186547,0.,0.707106781186548));
#2994=DIRECTION('ref_axis',(0.707106781186548,0.,-0.707106781186547));
#2995=DIRECTION('',(0.,-1.,0.));
#2996=DIRECTION('center_axis',(0.707106781186547,0.,0.707106781186548));
#2997=DIRECTION('ref_axis',(0.707106781186548,0.,-0.707106781186547));
#2998=DIRECTION('',(0.,1.,0.));
#2999=DIRECTION('center_axis',(0.,0.,-1.));
#3000=DIRECTION('ref_axis',(0.,1.,0.));
#3001=DIRECTION('center_axis',(0.,0.,-1.));
#3002=DIRECTION('ref_axis',(1.,0.,0.));
#3003=DIRECTION('center_axis',(0.,-1.,0.));
#3004=DIRECTION('ref_axis',(-0.707106781186548,0.,-0.707106781186548));
#3005=DIRECTION('',(0.,-1.,0.));
#3006=DIRECTION('',(0.,1.,0.));
#3007=DIRECTION('center_axis',(1.,0.,0.));
#3008=DIRECTION('ref_axis',(0.,1.,0.));
#3009=DIRECTION('',(0.,0.,1.));
#3010=DIRECTION('',(0.,-0.394224268659547,0.919014268659549));
#3011=DIRECTION('center_axis',(1.,0.,0.));
#3012=DIRECTION('ref_axis',(0.,1.,0.));
#3013=DIRECTION('',(0.,-0.394224268659548,-0.919014268659548));
#3014=DIRECTION('',(0.,0.,-1.));
#3015=DIRECTION('center_axis',(-1.,0.,0.));
#3016=DIRECTION('ref_axis',(0.,1.,0.));
#3017=DIRECTION('center_axis',(0.,1.,0.));
#3018=DIRECTION('ref_axis',(0.707106781186548,0.,-0.707106781186547));
#3019=DIRECTION('',(0.,-1.,0.));
#3020=DIRECTION('',(0.,1.,0.));
#3021=DIRECTION('center_axis',(0.,0.919014268659549,0.394224268659547));
#3022=DIRECTION('ref_axis',(2.5507770025622E-16,0.394224268659547,-0.919014268659549));
#3023=DIRECTION('center_axis',(1.,0.,0.));
#3024=DIRECTION('ref_axis',(0.,1.,0.));
#3025=DIRECTION('',(0.,1.,0.));
#3026=DIRECTION('',(0.,-0.394224268659548,-0.919014268659548));
#3027=DIRECTION('center_axis',(1.,0.,0.));
#3028=DIRECTION('ref_axis',(0.,1.,0.));
#3029=DIRECTION('',(0.,-0.394224268659547,0.919014268659549));
#3030=DIRECTION('center_axis',(-1.,0.,0.));
#3031=DIRECTION('ref_axis',(0.,1.,0.));
#3032=DIRECTION('center_axis',(0.,1.,0.));
#3033=DIRECTION('ref_axis',(0.707106781186548,0.,-0.707106781186547));
#3034=DIRECTION('center_axis',(0.,-0.919014268659548,0.394224268659548));
#3035=DIRECTION('ref_axis',(2.5507770025622E-16,-0.394224268659548,-0.919014268659548));
#3036=DIRECTION('',(0.,-1.,0.));
#3037=DIRECTION('center_axis',(0.,0.,1.));
#3038=DIRECTION('ref_axis',(1.,0.,0.));
#3039=DIRECTION('center_axis',(0.,0.,1.));
#3040=DIRECTION('ref_axis',(1.,0.,0.));
#3041=DIRECTION('center_axis',(0.,0.,1.));
#3042=DIRECTION('ref_axis',(1.,0.,0.));
#3043=DIRECTION('center_axis',(0.,0.,-1.));
#3044=DIRECTION('ref_axis',(1.,0.,0.));
#3045=DIRECTION('center_axis',(0.,0.,-1.));
#3046=DIRECTION('ref_axis',(1.,0.,0.));
#3047=DIRECTION('center_axis',(0.,0.919014268659549,0.394224268659547));
#3048=DIRECTION('ref_axis',(0.,-0.394224268659547,0.919014268659549));
#3049=DIRECTION('center_axis',(0.,0.919014268659549,0.394224268659547));
#3050=DIRECTION('ref_axis',(0.,0.394224268659547,-0.919014268659549));
#3051=DIRECTION('',(1.,0.,0.));
#3052=DIRECTION('center_axis',(1.,0.,0.));
#3053=DIRECTION('ref_axis',(0.,1.,0.));
#3054=DIRECTION('',(-1.,0.,0.));
#3055=DIRECTION('center_axis',(0.,-0.919014268659548,0.394224268659548));
#3056=DIRECTION('ref_axis',(0.,-0.394224268659548,-0.919014268659548));
#3057=DIRECTION('center_axis',(0.,0.919014268659548,-0.394224268659548));
#3058=DIRECTION('ref_axis',(0.,0.394224268659548,0.919014268659548));
#3059=DIRECTION('',(1.,0.,0.));
#3060=DIRECTION('center_axis',(1.,0.,0.));
#3061=DIRECTION('ref_axis',(0.,1.,0.));
#3062=DIRECTION('center_axis',(0.,0.,1.));
#3063=DIRECTION('ref_axis',(1.,0.,0.));
#3064=DIRECTION('center_axis',(0.,0.,1.));
#3065=DIRECTION('ref_axis',(1.,0.,0.));
#3066=DIRECTION('center_axis',(0.,0.,1.));
#3067=DIRECTION('ref_axis',(1.,0.,0.));
#3068=DIRECTION('',(0.,0.,-1.));
#3069=DIRECTION('center_axis',(0.,0.,-1.));
#3070=DIRECTION('ref_axis',(1.,0.,0.));
#3071=DIRECTION('center_axis',(0.,0.,1.));
#3072=DIRECTION('ref_axis',(1.,0.,0.));
#3073=DIRECTION('',(0.,0.,-1.));
#3074=DIRECTION('center_axis',(0.,0.,1.));
#3075=DIRECTION('ref_axis',(1.,0.,0.));
#3076=DIRECTION('center_axis',(0.,0.,1.));
#3077=DIRECTION('ref_axis',(1.,0.,0.));
#3078=DIRECTION('axis',(0.,0.,1.));
#3079=DIRECTION('refdir',(1.,0.,0.));
#3080=DIRECTION('center_axis',(-0.619045060930906,0.631810219609067,0.466475142890372));
#3081=DIRECTION('ref_axis',(0.714285714283619,0.699854212225904,0.));
#3082=DIRECTION('center_axis',(-1.,0.,0.));
#3083=DIRECTION('ref_axis',(0.,-1.,0.));
#3084=DIRECTION('center_axis',(-0.619045060930858,-0.631810219609112,0.466475142890375));
#3085=DIRECTION('ref_axis',(-2.32563968083355E-12,-0.593966886791178,-0.804489488679371));
#3086=DIRECTION('center_axis',(-1.,0.,0.));
#3087=DIRECTION('ref_axis',(0.,-1.,0.));
#3088=DIRECTION('center_axis',(-1.,0.,0.));
#3089=DIRECTION('ref_axis',(0.,3.01368339298469E-14,-1.));
#3090=DIRECTION('center_axis',(-1.,0.,0.));
#3091=DIRECTION('ref_axis',(0.,-1.,0.));
#3092=DIRECTION('center_axis',(-1.,0.,0.));
#3093=DIRECTION('ref_axis',(0.,-1.,0.));
#3094=DIRECTION('center_axis',(1.,0.,0.));
#3095=DIRECTION('ref_axis',(0.,-1.,0.));
#3096=DIRECTION('center_axis',(-1.,0.,0.));
#3097=DIRECTION('ref_axis',(0.,-1.,0.));
#3098=DIRECTION('center_axis',(-1.,0.,0.));
#3099=DIRECTION('ref_axis',(0.,-1.,0.));
#3100=DIRECTION('',(0.,-1.1842378929335E-16,1.));
#3101=DIRECTION('',(0.,1.1842378929335E-16,-1.));
#3102=DIRECTION('center_axis',(1.,0.,0.));
#3103=DIRECTION('ref_axis',(0.,-1.,0.));
#3104=DIRECTION('center_axis',(0.,-1.1842378929335E-16,1.));
#3105=DIRECTION('ref_axis',(1.,0.,0.));
#3106=DIRECTION('center_axis',(0.,-1.1842378929335E-16,1.));
#3107=DIRECTION('ref_axis',(1.,0.,0.));
#3108=DIRECTION('',(0.,1.1842378929335E-16,-1.));
#3109=DIRECTION('center_axis',(0.,-1.1842378929335E-16,1.));
#3110=DIRECTION('ref_axis',(1.,0.,0.));
#3111=DIRECTION('center_axis',(-1.,0.,0.));
#3112=DIRECTION('ref_axis',(0.,-1.,0.));
#3113=DIRECTION('center_axis',(1.,0.,0.));
#3114=DIRECTION('ref_axis',(0.,-1.,0.));
#3115=DIRECTION('',(1.,0.,0.));
#3116=DIRECTION('center_axis',(-1.,0.,0.));
#3117=DIRECTION('ref_axis',(0.,-1.,0.));
#3118=DIRECTION('',(0.,0.,1.));
#3119=DIRECTION('',(1.,0.,0.));
#3120=DIRECTION('',(0.,0.,1.));
#3121=DIRECTION('',(1.,0.,0.));
#3122=DIRECTION('',(0.,0.,1.));
#3123=DIRECTION('',(1.,0.,0.));
#3124=DIRECTION('',(0.,0.,1.));
#3125=DIRECTION('',(1.,0.,0.));
#3126=CARTESIAN_POINT('',(0.,0.,0.));
#3127=CARTESIAN_POINT('',(0.,0.,0.));
#3128=CARTESIAN_POINT('',(0.,0.,0.));
#3129=CARTESIAN_POINT('Origin',(-47.6313972084812,-27.5000000001946,25.7048));
#3130=CARTESIAN_POINT('',(-43.301270189559,-25.0000000001946,3.92686662581084));
#3131=CARTESIAN_POINT('',(-44.413153051411,-23.6733951675155,3.2131));
#3132=CARTESIAN_POINT('Ctrl Pts',(-43.301270189559,-25.0000000001946,3.92686662581084));
#3133=CARTESIAN_POINT('Ctrl Pts',(-43.4670213491857,-24.7129105703079,3.92686662581084));
#3134=CARTESIAN_POINT('Ctrl Pts',(-43.7009308527007,-24.3930664655752,3.89175043185109));
#3135=CARTESIAN_POINT('Ctrl Pts',(-44.0016145834191,-24.0588084276596,3.76330907205703));
#3136=CARTESIAN_POINT('Ctrl Pts',(-44.1083885366912,-23.9500920065102,3.70459838113745));
#3137=CARTESIAN_POINT('Ctrl Pts',(-44.246902853527,-23.8188579349625,3.58725410193627));
#3138=CARTESIAN_POINT('Ctrl Pts',(-44.3031321335836,-23.7682837591362,3.52745879013151));
#3139=CARTESIAN_POINT('Ctrl Pts',(-44.3656051791892,-23.7137926782281,3.42016762350322));
#3140=CARTESIAN_POINT('Ctrl Pts',(-44.3828297554355,-23.6990727333439,3.38149827352515));
#3141=CARTESIAN_POINT('Ctrl Pts',(-44.4065983772699,-23.6788849531134,3.29994063759735));
#3142=CARTESIAN_POINT('Ctrl Pts',(-44.413153051411,-23.6733951675155,3.2570608845067));
#3143=CARTESIAN_POINT('Ctrl Pts',(-44.413153051411,-23.6733951675155,3.2131));
#3144=CARTESIAN_POINT('',(-43.3012701892219,-25.,6.4262));
#3145=CARTESIAN_POINT('',(-43.301270189559,-25.0000000001946,25.7048));
#3146=CARTESIAN_POINT('',(-43.3012701892219,-25.,0.));
#3147=CARTESIAN_POINT('Ctrl Pts',(-43.301270189559,-25.0000000001946,8.48748003302868E-11));
#3148=CARTESIAN_POINT('Ctrl Pts',(-43.529330510414,-24.6049879372834,8.48747655155867E-11));
#3149=CARTESIAN_POINT('Ctrl Pts',(-43.8338003066093,-24.2111003420808,0.0120316259042611));
#3150=CARTESIAN_POINT('Ctrl Pts',(-44.5421386875898,-23.5382981394021,0.0913937334686792));
#3151=CARTESIAN_POINT('Ctrl Pts',(-44.9458581952026,-23.2595622858944,0.161544962488147));
#3152=CARTESIAN_POINT('Ctrl Pts',(-45.5257573781406,-22.9599994772576,0.340952067874234));
#3153=CARTESIAN_POINT('Ctrl Pts',(-45.7358521358781,-22.8680584967053,0.419010143157305));
#3154=CARTESIAN_POINT('Ctrl Pts',(-46.1481442559141,-22.720048819154,0.616909156104536));
#3155=CARTESIAN_POINT('Ctrl Pts',(-46.3499177836279,-22.6636894079901,0.737414769461552));
#3156=CARTESIAN_POINT('Ctrl Pts',(-46.8761558650019,-22.5442394424769,1.12621571489978));
#3157=CARTESIAN_POINT('Ctrl Pts',(-47.196844807561,-22.5143310011682,1.481013530564));
#3158=CARTESIAN_POINT('Ctrl Pts',(-47.6240901430056,-22.4954357580446,2.30287729185949));
#3159=CARTESIAN_POINT('Ctrl Pts',(-47.7326093345832,-22.5010244946005,2.76878763683586));
#3160=CARTESIAN_POINT('Ctrl Pts',(-47.7326093345832,-22.5010244946005,3.2131));
#3161=CARTESIAN_POINT('Ctrl Pts',(-47.7326093345832,-22.5010244946005,3.65741236316415));
#3162=CARTESIAN_POINT('Ctrl Pts',(-47.6240901430056,-22.4954357580446,4.12332270814052));
#3163=CARTESIAN_POINT('Ctrl Pts',(-47.196844807561,-22.5143310011682,4.94518646943601));
#3164=CARTESIAN_POINT('Ctrl Pts',(-46.8761558650019,-22.5442394424769,5.29998428510023));
#3165=CARTESIAN_POINT('Ctrl Pts',(-46.3499177836279,-22.6636894079901,5.68878523053846));
#3166=CARTESIAN_POINT('Ctrl Pts',(-46.1481442559141,-22.720048819154,5.80929084389547));
#3167=CARTESIAN_POINT('Ctrl Pts',(-45.7358521358781,-22.8680584967053,6.0071898568427));
#3168=CARTESIAN_POINT('Ctrl Pts',(-45.5257573781406,-22.9599994772576,6.08524793212577));
#3169=CARTESIAN_POINT('Ctrl Pts',(-44.9458581952026,-23.2595622858944,6.26465503751186));
#3170=CARTESIAN_POINT('Ctrl Pts',(-44.5421386875898,-23.5382981394021,6.33480626653133));
#3171=CARTESIAN_POINT('Ctrl Pts',(-43.8338003066093,-24.2111003420808,6.41416837409575));
#3172=CARTESIAN_POINT('Ctrl Pts',(-43.529330510414,-24.6049879372834,6.42619999991513));
#3173=CARTESIAN_POINT('Ctrl Pts',(-43.301270189559,-25.0000000001946,6.42619999991513));
#3174=CARTESIAN_POINT('',(-43.301270189559,-25.0000000001946,2.49933337418917));
#3175=CARTESIAN_POINT('',(-43.301270189559,-25.0000000001946,25.7048));
#3176=CARTESIAN_POINT('Ctrl Pts',(-44.413153051411,-23.6733951675155,3.2131));
#3177=CARTESIAN_POINT('Ctrl Pts',(-44.413153051411,-23.6733951675155,3.1691391154933));
#3178=CARTESIAN_POINT('Ctrl Pts',(-44.4065983772699,-23.6788849531134,3.12625936240266));
#3179=CARTESIAN_POINT('Ctrl Pts',(-44.3828297554355,-23.6990727333439,3.04470172647486));
#3180=CARTESIAN_POINT('Ctrl Pts',(-44.3656051791892,-23.7137926782281,3.00603237649679));
#3181=CARTESIAN_POINT('Ctrl Pts',(-44.3031321335836,-23.7682837591362,2.89874120986849));
#3182=CARTESIAN_POINT('Ctrl Pts',(-44.246902853527,-23.8188579349625,2.83894589806374));
#3183=CARTESIAN_POINT('Ctrl Pts',(-44.1083885366912,-23.9500920065102,2.72160161886256));
#3184=CARTESIAN_POINT('Ctrl Pts',(-44.0016145834191,-24.0588084276596,2.66289092794298));
#3185=CARTESIAN_POINT('Ctrl Pts',(-43.7009308527007,-24.3930664655752,2.53444956814892));
#3186=CARTESIAN_POINT('Ctrl Pts',(-43.4670213491856,-24.7129105703079,2.49933337418916));
#3187=CARTESIAN_POINT('Ctrl Pts',(-43.301270189559,-25.0000000001946,2.49933337418916));
#3188=CARTESIAN_POINT('Origin',(-42.6947201892219,-24.649808194223,3.2131));
#3189=CARTESIAN_POINT('',(-48.3012701892219,-16.3397459621557,6.4262));
#3190=CARTESIAN_POINT('',(-48.3012701892219,-16.3397459621557,6.4262));
#3191=CARTESIAN_POINT('',(-48.3012701892219,-16.3397459621557,0.));
#3192=CARTESIAN_POINT('Origin',(-47.6947201892219,-15.9895541563786,3.2131));
#3193=CARTESIAN_POINT('',(-48.3012701892219,-16.3397459621557,0.));
#3194=CARTESIAN_POINT('Origin',(-42.4979951892219,-24.5362289625167,3.2131));
#3195=CARTESIAN_POINT('',(-41.9447201892219,-24.2167954923308,3.7131));
#3196=CARTESIAN_POINT('Origin',(-42.6947201892219,-24.649808194223,3.2131));
#3197=CARTESIAN_POINT('',(-43.3012701892219,-25.,6.4262));
#3198=CARTESIAN_POINT('Origin',(-37.8910161513776,-14.3708348754012,6.4262));
#3199=CARTESIAN_POINT('',(-20.5705080756887,-4.3708348754012,0.));
#3200=CARTESIAN_POINT('',(-37.8910161513776,-14.3708348754012,0.));
#3201=CARTESIAN_POINT('',(-10.4314881604791,1.48293100196407,0.));
#3202=CARTESIAN_POINT('',(-20.5705080756887,-4.3708348754012,6.4262));
#3203=CARTESIAN_POINT('',(-20.5705080756887,-4.3708348754012,6.4262));
#3204=CARTESIAN_POINT('',(-37.8910161513776,-14.3708348754012,6.4262));
#3205=CARTESIAN_POINT('',(-10.4314881604791,1.48293100196407,6.4262));
#3206=CARTESIAN_POINT('',(-37.8910161513776,-14.3708348754012,6.4262));
#3207=CARTESIAN_POINT('Origin',(-37.1410161513775,-15.6698729810778,6.4262));
#3208=CARTESIAN_POINT('',(-36.3910161513775,-16.9689110867545,0.));
#3209=CARTESIAN_POINT('Origin',(-37.1410161513775,-15.6698729810778,0.));
#3210=CARTESIAN_POINT('',(-36.3910161513775,-16.9689110867545,6.4262));
#3211=CARTESIAN_POINT('Origin',(-37.1410161513775,-15.6698729810778,6.4262));
#3212=CARTESIAN_POINT('',(-36.3910161513775,-16.9689110867545,6.4262));
#3213=CARTESIAN_POINT('Origin',(-19.0705080756887,-6.96891108675451,6.4262));
#3214=CARTESIAN_POINT('',(-19.0705080756887,-6.96891108675451,0.));
#3215=CARTESIAN_POINT('',(-0.271234122634686,3.88485479061077,0.));
#3216=CARTESIAN_POINT('',(-19.0705080756887,-6.96891108675451,6.4262));
#3217=CARTESIAN_POINT('',(-0.271234122634686,3.88485479061077,6.4262));
#3218=CARTESIAN_POINT('',(-19.0705080756887,-6.96891108675451,6.4262));
#3219=CARTESIAN_POINT('Origin',(-19.8205080756887,-5.66987298107786,6.4262));
#3220=CARTESIAN_POINT('Origin',(-19.8205080756887,-5.66987298107786,0.));
#3221=CARTESIAN_POINT('Origin',(-19.8205080756887,-5.66987298107786,6.4262));
#3222=CARTESIAN_POINT('Origin',(13.0638395375504,17.3222559280893,6.4262));
#3223=CARTESIAN_POINT('',(30.1878396025057,27.6551462195523,0.));
#3224=CARTESIAN_POINT('',(13.0638395375504,17.3222559280893,0.));
#3225=CARTESIAN_POINT('',(14.40220363216,18.1298458198889,-5.55111512312578E-16));
#3226=CARTESIAN_POINT('',(30.1878396025057,27.6551462195523,6.4262));
#3227=CARTESIAN_POINT('',(30.1878396025057,27.6551462195523,6.4262));
#3228=CARTESIAN_POINT('',(13.0638395375504,17.3222559280893,6.4262));
#3229=CARTESIAN_POINT('',(14.40220363216,18.1298458198889,6.4262));
#3230=CARTESIAN_POINT('',(13.0638395375504,17.3222559280893,6.4262));
#3231=CARTESIAN_POINT('Origin',(13.8388063094077,16.0379559232225,6.4262));
#3232=CARTESIAN_POINT('',(14.6137730812651,14.7536559183557,0.));
#3233=CARTESIAN_POINT('Origin',(13.8388063094077,16.0379559232225,0.));
#3234=CARTESIAN_POINT('',(14.6137730812651,14.7536559183557,6.4262));
#3235=CARTESIAN_POINT('Origin',(13.8388063094077,16.0379559232225,6.4262));
#3236=CARTESIAN_POINT('',(14.6137730812651,14.7536559183557,6.4262));
#3237=CARTESIAN_POINT('Origin',(31.7377731462228,25.0865462098147,6.4262));
#3238=CARTESIAN_POINT('',(31.7377731462228,25.0865462098147,0.));
#3239=CARTESIAN_POINT('',(24.5141372083543,20.7276909558826,-5.55111512312578E-16));
#3240=CARTESIAN_POINT('',(31.7377731462228,25.0865462098147,6.4262));
#3241=CARTESIAN_POINT('',(24.5141372083543,20.7276909558826,6.4262));
#3242=CARTESIAN_POINT('',(31.7377731462228,25.0865462098147,6.4262));
#3243=CARTESIAN_POINT('Origin',(30.9628063743661,26.3708462146804,6.4262));
#3244=CARTESIAN_POINT('Origin',(30.9628063743661,26.3708462146804,0.));
#3245=CARTESIAN_POINT('Origin',(30.9628063743661,26.3708462146804,6.4262));
#3246=CARTESIAN_POINT('Origin',(42.6947201892584,24.6498081942441,3.21310000000001));
#3247=CARTESIAN_POINT('',(43.3012701894561,25.0000000001352,3.92686662596875));
#3248=CARTESIAN_POINT('',(43.3012701894561,25.0000000001352,2.49933337403126));
#3249=CARTESIAN_POINT('Ctrl Pts',(43.3012701894561,25.0000000001352,3.92686662596875));
#3250=CARTESIAN_POINT('Ctrl Pts',(43.1651413659169,25.2357820388797,3.92686662596875));
#3251=CARTESIAN_POINT('Ctrl Pts',(43.0390211916412,25.5031007694329,3.90595940998286));
#3252=CARTESIAN_POINT('Ctrl Pts',(42.8940383561103,25.8947563617673,3.82071282847534));
#3253=CARTESIAN_POINT('Ctrl Pts',(42.8528637224676,26.0230413664903,3.78343320885291));
#3254=CARTESIAN_POINT('Ctrl Pts',(42.7847094232069,26.2649270184772,3.68156218739874));
#3255=CARTESIAN_POINT('Ctrl Pts',(42.7576025481438,26.3793440755638,3.61900624313423));
#3256=CARTESIAN_POINT('Ctrl Pts',(42.728870289902,26.5166595357818,3.48578508122282));
#3257=CARTESIAN_POINT('Ctrl Pts',(42.721241232657,26.5559924780776,3.43734649436144));
#3258=CARTESIAN_POINT('Ctrl Pts',(42.7109905540261,26.610966776438,3.32976953907406));
#3259=CARTESIAN_POINT('Ctrl Pts',(42.70833813444,26.6262212212947,3.27043682266079));
#3260=CARTESIAN_POINT('Ctrl Pts',(42.70833813444,26.6262212212947,3.15576317733922));
#3261=CARTESIAN_POINT('Ctrl Pts',(42.7109905540261,26.610966776438,3.09643046092595));
#3262=CARTESIAN_POINT('Ctrl Pts',(42.721241232657,26.5559924780776,2.98885350563857));
#3263=CARTESIAN_POINT('Ctrl Pts',(42.728870289902,26.5166595357818,2.94041491877719));
#3264=CARTESIAN_POINT('Ctrl Pts',(42.7576025481438,26.3793440755638,2.80719375686578));
#3265=CARTESIAN_POINT('Ctrl Pts',(42.7847094232069,26.2649270184772,2.74463781260127));
#3266=CARTESIAN_POINT('Ctrl Pts',(42.8528637224676,26.0230413664903,2.6427667911471));
#3267=CARTESIAN_POINT('Ctrl Pts',(42.8940383561103,25.8947563617673,2.60548717152467));
#3268=CARTESIAN_POINT('Ctrl Pts',(43.0390211916412,25.5031007694329,2.52024059001715));
#3269=CARTESIAN_POINT('Ctrl Pts',(43.1651413659169,25.2357820388797,2.49933337403126));
#3270=CARTESIAN_POINT('Ctrl Pts',(43.3012701894561,25.0000000001352,2.49933337403126));
#3271=CARTESIAN_POINT('',(41.9447201892584,24.2167954923518,3.71310000000001));
#3272=CARTESIAN_POINT('Origin',(42.6947201892584,24.6498081942441,3.21310000000001));
#3273=CARTESIAN_POINT('',(41.8286947854739,24.1498081942441,3.21310000000001));
#3274=CARTESIAN_POINT('Origin',(42.6947201892584,24.6498081942441,3.21310000000001));
#3275=CARTESIAN_POINT('',(34.3920557726098,37.0304448020736,3.21310000000001));
#3276=CARTESIAN_POINT('',(41.8286947854739,24.1498081942441,3.21310000000001));
#3277=CARTESIAN_POINT('Origin',(35.2484157346332,37.5471858382812,3.21310000000001));
#3278=CARTESIAN_POINT('',(41.9447201892584,24.2167954923518,2.71310000000001));
#3279=CARTESIAN_POINT('Origin',(42.6947201892584,24.6498081942441,3.21310000000001));
#3280=CARTESIAN_POINT('Origin',(42.6947201892584,24.6498081942441,3.21310000000001));
#3281=CARTESIAN_POINT('Origin',(47.6313972081441,27.5,0.));
#3282=CARTESIAN_POINT('',(43.3012701894561,25.0000000001352,0.));
#3283=CARTESIAN_POINT('',(43.3012701894561,25.0000000001352,0.));
#3284=CARTESIAN_POINT('',(46.1561575492347,32.2774122646132,0.));
#3285=CARTESIAN_POINT('Origin',(47.6313972081441,27.5,0.));
#3286=CARTESIAN_POINT('',(46.1561575492347,32.2774122646132,6.4262));
#3287=CARTESIAN_POINT('',(46.1561575492347,32.2774122646132,0.));
#3288=CARTESIAN_POINT('',(43.3012701894561,25.0000000001352,6.4262));
#3289=CARTESIAN_POINT('Origin',(47.6313972081441,27.5,6.4262));
#3290=CARTESIAN_POINT('',(43.3012701894561,25.0000000001352,0.));
#3291=CARTESIAN_POINT('Origin',(42.4979951892219,24.5362289625167,3.2131));
#3292=CARTESIAN_POINT('',(41.6947201892219,24.0724579250334,3.21310000000001));
#3293=CARTESIAN_POINT('Origin',(42.4979951892219,24.5362289625167,3.2131));
#3294=CARTESIAN_POINT('',(43.3012701892219,25.,6.4262));
#3295=CARTESIAN_POINT('Origin',(-42.6947201892219,-24.649808194223,3.2131));
#3296=CARTESIAN_POINT('',(-48.5607455930064,-16.4895541563786,3.2131));
#3297=CARTESIAN_POINT('',(-43.5607455930064,-25.149808194223,3.2131));
#3298=CARTESIAN_POINT('Origin',(-47.6947201892219,-15.9895541563786,3.2131));
#3299=CARTESIAN_POINT('',(-41.9447201892219,-24.2167954923308,2.71310000000001));
#3300=CARTESIAN_POINT('Origin',(-42.6947201892219,-24.649808194223,3.2131));
#3301=CARTESIAN_POINT('Origin',(-42.6947201892219,-24.649808194223,3.2131));
#3302=CARTESIAN_POINT('Origin',(-13.4071384400402,3.80639039637265,0.));
#3303=CARTESIAN_POINT('',(-13.4071384400402,3.80639039637265,6.4262));
#3304=CARTESIAN_POINT('',(-39.6410161513775,-11.3397459621557,6.4262));
#3305=CARTESIAN_POINT('',(-13.4071384400402,3.80639039637265,0.));
#3306=CARTESIAN_POINT('',(-13.4071384400402,3.80639039637265,0.));
#3307=CARTESIAN_POINT('',(-39.6410161513775,-11.3397459621557,0.));
#3308=CARTESIAN_POINT('Origin',(-42.4979951892219,-24.5362289625167,3.2131));
#3309=CARTESIAN_POINT('',(-41.6947201892219,-24.0724579250334,3.21310000000001));
#3310=CARTESIAN_POINT('',(-41.6947201892219,-24.0724579250334,3.21310000000001));
#3311=CARTESIAN_POINT('',(-43.3012701892219,-25.,6.4262));
#3312=CARTESIAN_POINT('Origin',(-42.4979951892219,-24.5362289625167,3.2131));
#3313=CARTESIAN_POINT('',(-41.6947201892219,-24.0724579250334,3.21310000000001));
#3314=CARTESIAN_POINT('Origin',(0.,0.,1.60655));
#3315=CARTESIAN_POINT('',(41.6947201892219,24.0724579250334,3.21310000000001));
#3316=CARTESIAN_POINT('Origin',(5.32907051820075E-14,5.32907051820075E-14,
3.21310000000001));
#3317=CARTESIAN_POINT('Origin',(0.,0.,0.));
#3318=CARTESIAN_POINT('',(41.6947201892219,24.0724579250334,3.21310000000001));
#3319=CARTESIAN_POINT('Origin',(0.,0.,4.81965));
#3320=CARTESIAN_POINT('Origin',(0.,0.,6.4262));
#3321=CARTESIAN_POINT('',(43.3012701892219,25.,6.4262));
#3322=CARTESIAN_POINT('Origin',(42.4979951892219,24.5362289625167,3.2131));
#3323=CARTESIAN_POINT('Origin',(86.6025403784439,50.,0.));
#3324=CARTESIAN_POINT('',(83.8085403784439,50.,6.4262));
#3325=CARTESIAN_POINT('Origin',(86.6025403784439,50.,6.4262));
#3326=CARTESIAN_POINT('',(83.8085403784439,50.,0.));
#3327=CARTESIAN_POINT('',(83.8085403784439,50.,0.));
#3328=CARTESIAN_POINT('Origin',(86.6025403784439,50.,0.));
#3329=CARTESIAN_POINT('Origin',(12.0697960525437,6.9685,0.));
#3330=CARTESIAN_POINT('',(12.0697960525437,6.9685,0.));
#3331=CARTESIAN_POINT('',(34.6410161513775,20.,0.));
#3332=CARTESIAN_POINT('',(12.0697960525437,6.9685,0.));
#3333=CARTESIAN_POINT('',(34.6410161513775,20.,6.4262));
#3334=CARTESIAN_POINT('',(34.6410161513775,20.,0.));
#3335=CARTESIAN_POINT('',(12.0697960525437,6.9685,6.4262));
#3336=CARTESIAN_POINT('',(12.0697960525437,6.9685,6.4262));
#3337=CARTESIAN_POINT('',(12.0697960525437,6.9685,0.));
#3338=CARTESIAN_POINT('Origin',(0.,0.,0.));
#3339=CARTESIAN_POINT('',(-12.0697960525437,-6.96850000000001,0.));
#3340=CARTESIAN_POINT('Origin',(0.,0.,0.));
#3341=CARTESIAN_POINT('',(-12.0697960525437,-6.96850000000001,6.4262));
#3342=CARTESIAN_POINT('Origin',(0.,0.,6.4262));
#3343=CARTESIAN_POINT('',(-12.0697960525437,-6.96850000000001,0.));
#3344=CARTESIAN_POINT('Origin',(-34.6410161513775,-20.,0.));
#3345=CARTESIAN_POINT('',(-34.6410161513775,-20.,0.));
#3346=CARTESIAN_POINT('',(-34.6410161513775,-20.,0.));
#3347=CARTESIAN_POINT('',(-34.6410161513775,-20.,6.4262));
#3348=CARTESIAN_POINT('',(-34.6410161513775,-20.,6.4262));
#3349=CARTESIAN_POINT('',(-34.6410161513775,-20.,0.));
#3350=CARTESIAN_POINT('Origin',(0.,0.,0.));
#3351=CARTESIAN_POINT('Origin',(0.,0.,0.));
#3352=CARTESIAN_POINT('Origin',(0.,0.,6.4262));
#3353=CARTESIAN_POINT('Origin',(0.,0.,0.));
#3354=CARTESIAN_POINT('',(-3.937,-4.82143444824313E-16,6.4262));
#3355=CARTESIAN_POINT('Origin',(0.,0.,6.4262));
#3356=CARTESIAN_POINT('',(-3.937,-4.82143444824313E-16,0.));
#3357=CARTESIAN_POINT('',(-3.937,-4.82143444824313E-16,0.));
#3358=CARTESIAN_POINT('Origin',(0.,0.,0.));
#3359=CARTESIAN_POINT('Origin',(0.,0.,0.));
#3360=CARTESIAN_POINT('',(-7.20047459960423,11.9328594452692,0.));
#3361=CARTESIAN_POINT('Origin',(0.,0.,0.));
#3362=CARTESIAN_POINT('',(-7.20047459960423,11.9328594452692,6.4262));
#3363=CARTESIAN_POINT('Origin',(0.,0.,6.4262));
#3364=CARTESIAN_POINT('',(-7.20047459960423,11.9328594452692,0.));
#3365=CARTESIAN_POINT('Origin',(39.8817294896974,40.3430000484756,0.));
#3366=CARTESIAN_POINT('',(39.8817294896974,40.3430000484756,0.));
#3367=CARTESIAN_POINT('',(-7.20047459960423,11.9328594452692,0.));
#3368=CARTESIAN_POINT('',(39.8817294896974,40.3430000484756,6.4262));
#3369=CARTESIAN_POINT('',(-7.20047459960423,11.9328594452692,6.4262));
#3370=CARTESIAN_POINT('',(39.8817294896974,40.3430000484756,0.));
#3371=CARTESIAN_POINT('Origin',(47.6313972081441,27.5,0.));
#3372=CARTESIAN_POINT('',(43.2056782312553,41.8322367943419,0.));
#3373=CARTESIAN_POINT('Origin',(47.6313972081441,27.5,0.));
#3374=CARTESIAN_POINT('',(43.2056782312553,41.8322367943419,6.4262));
#3375=CARTESIAN_POINT('Origin',(47.6313972081441,27.5,6.4262));
#3376=CARTESIAN_POINT('',(43.2056782312553,41.8322367943419,0.));
#3377=CARTESIAN_POINT('Origin',(76.8525799479934,52.2222222221573,0.));
#3378=CARTESIAN_POINT('',(76.8525799479934,52.2222222221573,0.));
#3379=CARTESIAN_POINT('',(43.2056782312553,41.8322367943419,0.));
#3380=CARTESIAN_POINT('',(76.8525799479934,52.2222222221573,6.4262));
#3381=CARTESIAN_POINT('',(43.2056782312553,41.8322367943419,6.4262));
#3382=CARTESIAN_POINT('',(76.8525799479934,52.2222222221573,0.));
#3383=CARTESIAN_POINT('Origin',(86.6025403784439,50.,0.));
#3384=CARTESIAN_POINT('',(79.8030592659823,42.6673976924098,0.));
#3385=CARTESIAN_POINT('Origin',(86.6025403784439,50.,0.));
#3386=CARTESIAN_POINT('',(79.8030592659823,42.6673976924098,6.4262));
#3387=CARTESIAN_POINT('Origin',(86.6025403784439,50.,6.4262));
#3388=CARTESIAN_POINT('',(79.8030592659823,42.6673976924098,0.));
#3389=CARTESIAN_POINT('Origin',(46.1561575492347,32.2774122646132,0.));
#3390=CARTESIAN_POINT('',(46.1561575492347,32.2774122646132,0.));
#3391=CARTESIAN_POINT('',(46.1561575492347,32.2774122646132,6.4262));
#3392=CARTESIAN_POINT('Origin',(24.150635094611,5.,6.4262));
#3393=CARTESIAN_POINT('Origin',(24.150635094611,5.,0.));
#3394=CARTESIAN_POINT('',(0.,0.,0.));
#3395=CARTESIAN_POINT('Origin',(47.6313972084812,-27.5000000001946,6.4262));
#3396=CARTESIAN_POINT('',(43.301270189559,-25.0000000001946,21.7779333741892));
#3397=CARTESIAN_POINT('',(44.413153051411,-23.6733951675155,22.4917));
#3398=CARTESIAN_POINT('Ctrl Pts',(43.301270189559,-25.0000000001946,21.7779333741892));
#3399=CARTESIAN_POINT('Ctrl Pts',(43.4670213491856,-24.7129105703079,21.7779333741892));
#3400=CARTESIAN_POINT('Ctrl Pts',(43.7009308527007,-24.3930664655752,21.8130495681489));
#3401=CARTESIAN_POINT('Ctrl Pts',(44.0016145834191,-24.0588084276596,21.941490927943));
#3402=CARTESIAN_POINT('Ctrl Pts',(44.1083885366912,-23.9500920065102,22.0002016188626));
#3403=CARTESIAN_POINT('Ctrl Pts',(44.246902853527,-23.8188579349625,22.1175458980637));
#3404=CARTESIAN_POINT('Ctrl Pts',(44.3031321335836,-23.7682837591362,22.1773412098685));
#3405=CARTESIAN_POINT('Ctrl Pts',(44.3656051791892,-23.7137926782281,22.2846323764968));
#3406=CARTESIAN_POINT('Ctrl Pts',(44.3828297554355,-23.6990727333439,22.3233017264749));
#3407=CARTESIAN_POINT('Ctrl Pts',(44.4065983772699,-23.6788849531134,22.4048593624027));
#3408=CARTESIAN_POINT('Ctrl Pts',(44.413153051411,-23.6733951675155,22.4477391154933));
#3409=CARTESIAN_POINT('Ctrl Pts',(44.413153051411,-23.6733951675155,22.4917));
#3410=CARTESIAN_POINT('',(43.3012701892219,-25.,19.2786));
#3411=CARTESIAN_POINT('',(43.301270189559,-25.0000000001946,6.4262));
#3412=CARTESIAN_POINT('',(43.3012701892219,-25.,25.7048));
#3413=CARTESIAN_POINT('Ctrl Pts',(43.301270189559,-25.0000000001946,25.7047999999151));
#3414=CARTESIAN_POINT('Ctrl Pts',(43.529330510414,-24.6049879372834,25.7047999999151));
#3415=CARTESIAN_POINT('Ctrl Pts',(43.8338003066093,-24.2111003420808,25.6927683740957));
#3416=CARTESIAN_POINT('Ctrl Pts',(44.5421386875898,-23.5382981394021,25.6134062665313));
#3417=CARTESIAN_POINT('Ctrl Pts',(44.9458581952026,-23.2595622858944,25.5432550375119));
#3418=CARTESIAN_POINT('Ctrl Pts',(45.5257573781406,-22.9599994772576,25.3638479321258));
#3419=CARTESIAN_POINT('Ctrl Pts',(45.7358521358781,-22.8680584967053,25.2857898568427));
#3420=CARTESIAN_POINT('Ctrl Pts',(46.1481442559141,-22.720048819154,25.0878908438955));
#3421=CARTESIAN_POINT('Ctrl Pts',(46.3499177836279,-22.6636894079901,24.9673852305385));
#3422=CARTESIAN_POINT('Ctrl Pts',(46.8761558650019,-22.5442394424769,24.5785842851002));
#3423=CARTESIAN_POINT('Ctrl Pts',(47.196844807561,-22.5143310011682,24.223786469436));
#3424=CARTESIAN_POINT('Ctrl Pts',(47.6240901430056,-22.4954357580446,23.4019227081405));
#3425=CARTESIAN_POINT('Ctrl Pts',(47.7326093345832,-22.5010244946005,22.9360123631642));
#3426=CARTESIAN_POINT('Ctrl Pts',(47.7326093345832,-22.5010244946005,22.4917));
#3427=CARTESIAN_POINT('Ctrl Pts',(47.7326093345832,-22.5010244946005,22.0473876368359));
#3428=CARTESIAN_POINT('Ctrl Pts',(47.6240901430056,-22.4954357580446,21.5814772918595));
#3429=CARTESIAN_POINT('Ctrl Pts',(47.196844807561,-22.5143310011682,20.759613530564));
#3430=CARTESIAN_POINT('Ctrl Pts',(46.8761558650019,-22.5442394424769,20.4048157148998));
#3431=CARTESIAN_POINT('Ctrl Pts',(46.3499177836279,-22.6636894079901,20.0160147694615));
#3432=CARTESIAN_POINT('Ctrl Pts',(46.1481442559141,-22.720048819154,19.8955091561045));
#3433=CARTESIAN_POINT('Ctrl Pts',(45.7358521358781,-22.8680584967053,19.6976101431573));
#3434=CARTESIAN_POINT('Ctrl Pts',(45.5257573781406,-22.9599994772576,19.6195520678742));
#3435=CARTESIAN_POINT('Ctrl Pts',(44.9458581952026,-23.2595622858944,19.4401449624881));
#3436=CARTESIAN_POINT('Ctrl Pts',(44.5421386875898,-23.5382981394021,19.3699937334687));
#3437=CARTESIAN_POINT('Ctrl Pts',(43.8338003066093,-24.2111003420808,19.2906316259043));
#3438=CARTESIAN_POINT('Ctrl Pts',(43.529330510414,-24.6049879372834,19.2786000000849));
#3439=CARTESIAN_POINT('Ctrl Pts',(43.301270189559,-25.0000000001946,19.2786000000849));
#3440=CARTESIAN_POINT('',(43.301270189559,-25.0000000001946,23.2054666258108));
#3441=CARTESIAN_POINT('',(43.301270189559,-25.0000000001946,6.4262));
#3442=CARTESIAN_POINT('Ctrl Pts',(44.413153051411,-23.6733951675155,22.4917));
#3443=CARTESIAN_POINT('Ctrl Pts',(44.413153051411,-23.6733951675155,22.5356608845067));
#3444=CARTESIAN_POINT('Ctrl Pts',(44.4065983772699,-23.6788849531134,22.5785406375973));
#3445=CARTESIAN_POINT('Ctrl Pts',(44.3828297554355,-23.6990727333438,22.6600982735252));
#3446=CARTESIAN_POINT('Ctrl Pts',(44.3656051791892,-23.7137926782281,22.6987676235032));
#3447=CARTESIAN_POINT('Ctrl Pts',(44.3031321335836,-23.7682837591362,22.8060587901315));
#3448=CARTESIAN_POINT('Ctrl Pts',(44.246902853527,-23.8188579349625,22.8658541019363));
#3449=CARTESIAN_POINT('Ctrl Pts',(44.1083885366912,-23.9500920065102,22.9831983811375));
#3450=CARTESIAN_POINT('Ctrl Pts',(44.0016145834191,-24.0588084276596,23.041909072057));
#3451=CARTESIAN_POINT('Ctrl Pts',(43.7009308527007,-24.3930664655752,23.1703504318511));
#3452=CARTESIAN_POINT('Ctrl Pts',(43.4670213491857,-24.7129105703079,23.2054666258108));
#3453=CARTESIAN_POINT('Ctrl Pts',(43.301270189559,-25.0000000001946,23.2054666258108));
#3454=CARTESIAN_POINT('Origin',(42.6947201892219,-24.649808194223,22.4917));
#3455=CARTESIAN_POINT('',(48.3012701892219,-16.3397459621557,19.2786));
#3456=CARTESIAN_POINT('',(48.3012701892219,-16.3397459621557,19.2786));
#3457=CARTESIAN_POINT('',(48.3012701892219,-16.3397459621557,25.7048));
#3458=CARTESIAN_POINT('Origin',(47.6947201892219,-15.9895541563786,22.4917));
#3459=CARTESIAN_POINT('',(48.3012701892219,-16.3397459621557,25.7048));
#3460=CARTESIAN_POINT('Origin',(42.4979951892219,-24.5362289625167,22.4917));
#3461=CARTESIAN_POINT('',(41.9447201892219,-24.2167954923308,21.9917));
#3462=CARTESIAN_POINT('Origin',(42.6947201892219,-24.649808194223,22.4917));
#3463=CARTESIAN_POINT('',(41.6947201892219,-24.0724579250334,22.4917));
#3464=CARTESIAN_POINT('Origin',(37.8910161513776,-14.3708348754012,25.7048));
#3465=CARTESIAN_POINT('',(20.5705080756887,-4.3708348754012,19.2786));
#3466=CARTESIAN_POINT('',(37.8910161513776,-14.3708348754012,19.2786));
#3467=CARTESIAN_POINT('',(10.4314881604791,1.48293100196407,19.2786));
#3468=CARTESIAN_POINT('',(37.8910161513776,-14.3708348754012,25.7048));
#3469=CARTESIAN_POINT('',(37.8910161513776,-14.3708348754012,25.7048));
#3470=CARTESIAN_POINT('',(20.5705080756887,-4.3708348754012,25.7048));
#3471=CARTESIAN_POINT('',(10.4314881604791,1.48293100196407,25.7048));
#3472=CARTESIAN_POINT('',(20.5705080756887,-4.3708348754012,25.7048));
#3473=CARTESIAN_POINT('Origin',(37.1410161513775,-15.6698729810778,25.7048));
#3474=CARTESIAN_POINT('',(36.3910161513775,-16.9689110867545,19.2786));
#3475=CARTESIAN_POINT('Origin',(37.1410161513775,-15.6698729810778,19.2786));
#3476=CARTESIAN_POINT('',(36.3910161513775,-16.9689110867545,25.7048));
#3477=CARTESIAN_POINT('',(36.3910161513775,-16.9689110867545,25.7048));
#3478=CARTESIAN_POINT('Origin',(37.1410161513775,-15.6698729810778,25.7048));
#3479=CARTESIAN_POINT('Origin',(19.0705080756887,-6.96891108675451,25.7048));
#3480=CARTESIAN_POINT('',(19.0705080756887,-6.96891108675451,19.2786));
#3481=CARTESIAN_POINT('',(0.271234122634686,3.88485479061077,19.2786));
#3482=CARTESIAN_POINT('',(19.0705080756887,-6.96891108675451,25.7048));
#3483=CARTESIAN_POINT('',(19.0705080756887,-6.96891108675451,25.7048));
#3484=CARTESIAN_POINT('',(0.271234122634686,3.88485479061077,25.7048));
#3485=CARTESIAN_POINT('Origin',(19.8205080756887,-5.66987298107786,25.7048));
#3486=CARTESIAN_POINT('Origin',(19.8205080756887,-5.66987298107786,19.2786));
#3487=CARTESIAN_POINT('Origin',(19.8205080756887,-5.66987298107786,25.7048));
#3488=CARTESIAN_POINT('Origin',(-13.0638395375504,17.3222559280893,25.7048));
#3489=CARTESIAN_POINT('',(-30.1878396025057,27.6551462195523,19.2786));
#3490=CARTESIAN_POINT('',(-13.0638395375504,17.3222559280893,19.2786));
#3491=CARTESIAN_POINT('',(-14.40220363216,18.1298458198889,19.2786));
#3492=CARTESIAN_POINT('',(-13.0638395375504,17.3222559280893,25.7048));
#3493=CARTESIAN_POINT('',(-13.0638395375504,17.3222559280893,25.7048));
#3494=CARTESIAN_POINT('',(-30.1878396025057,27.6551462195523,25.7048));
#3495=CARTESIAN_POINT('',(-14.40220363216,18.1298458198889,25.7048));
#3496=CARTESIAN_POINT('',(-30.1878396025057,27.6551462195523,25.7048));
#3497=CARTESIAN_POINT('Origin',(-13.8388063094077,16.0379559232225,25.7048));
#3498=CARTESIAN_POINT('',(-14.6137730812651,14.7536559183557,19.2786));
#3499=CARTESIAN_POINT('Origin',(-13.8388063094077,16.0379559232225,19.2786));
#3500=CARTESIAN_POINT('',(-14.6137730812651,14.7536559183557,25.7048));
#3501=CARTESIAN_POINT('',(-14.6137730812651,14.7536559183557,25.7048));
#3502=CARTESIAN_POINT('Origin',(-13.8388063094077,16.0379559232225,25.7048));
#3503=CARTESIAN_POINT('Origin',(-31.7377731462228,25.0865462098147,25.7048));
#3504=CARTESIAN_POINT('',(-31.7377731462228,25.0865462098147,19.2786));
#3505=CARTESIAN_POINT('',(-24.5141372083543,20.7276909558826,19.2786));
#3506=CARTESIAN_POINT('',(-31.7377731462228,25.0865462098147,25.7048));
#3507=CARTESIAN_POINT('',(-31.7377731462228,25.0865462098147,25.7048));
#3508=CARTESIAN_POINT('',(-24.5141372083543,20.7276909558826,25.7048));
#3509=CARTESIAN_POINT('Origin',(-30.9628063743661,26.3708462146804,25.7048));
#3510=CARTESIAN_POINT('Origin',(-30.9628063743661,26.3708462146804,19.2786));
#3511=CARTESIAN_POINT('Origin',(-30.9628063743661,26.3708462146804,25.7048));
#3512=CARTESIAN_POINT('Origin',(-42.6947201892584,24.6498081942441,22.4917));
#3513=CARTESIAN_POINT('',(-43.3012701894561,25.0000000001352,23.2054666259688));
#3514=CARTESIAN_POINT('',(-43.3012701894561,25.0000000001352,21.7779333740313));
#3515=CARTESIAN_POINT('Ctrl Pts',(-43.3012701894561,25.0000000001352,23.2054666259688));
#3516=CARTESIAN_POINT('Ctrl Pts',(-43.1651413659169,25.2357820388797,23.2054666259688));
#3517=CARTESIAN_POINT('Ctrl Pts',(-43.0390211916412,25.5031007694329,23.1845594099829));
#3518=CARTESIAN_POINT('Ctrl Pts',(-42.8940383561103,25.8947563617673,23.0993128284753));
#3519=CARTESIAN_POINT('Ctrl Pts',(-42.8528637224676,26.0230413664903,23.0620332088529));
#3520=CARTESIAN_POINT('Ctrl Pts',(-42.7847094232069,26.2649270184772,22.9601621873987));
#3521=CARTESIAN_POINT('Ctrl Pts',(-42.7576025481438,26.3793440755638,22.8976062431342));
#3522=CARTESIAN_POINT('Ctrl Pts',(-42.728870289902,26.5166595357818,22.7643850812228));
#3523=CARTESIAN_POINT('Ctrl Pts',(-42.721241232657,26.5559924780776,22.7159464943614));
#3524=CARTESIAN_POINT('Ctrl Pts',(-42.7109905540261,26.610966776438,22.6083695390741));
#3525=CARTESIAN_POINT('Ctrl Pts',(-42.70833813444,26.6262212212947,22.5490368226608));
#3526=CARTESIAN_POINT('Ctrl Pts',(-42.70833813444,26.6262212212947,22.4343631773392));
#3527=CARTESIAN_POINT('Ctrl Pts',(-42.7109905540261,26.610966776438,22.3750304609259));
#3528=CARTESIAN_POINT('Ctrl Pts',(-42.721241232657,26.5559924780776,22.2674535056386));
#3529=CARTESIAN_POINT('Ctrl Pts',(-42.728870289902,26.5166595357818,22.2190149187772));
#3530=CARTESIAN_POINT('Ctrl Pts',(-42.7576025481438,26.3793440755638,22.0857937568658));
#3531=CARTESIAN_POINT('Ctrl Pts',(-42.7847094232069,26.2649270184772,22.0232378126013));
#3532=CARTESIAN_POINT('Ctrl Pts',(-42.8528637224676,26.0230413664903,21.9213667911471));
#3533=CARTESIAN_POINT('Ctrl Pts',(-42.8940383561103,25.8947563617673,21.8840871715247));
#3534=CARTESIAN_POINT('Ctrl Pts',(-43.0390211916412,25.5031007694329,21.7988405900172));
#3535=CARTESIAN_POINT('Ctrl Pts',(-43.1651413659169,25.2357820388797,21.7779333740313));
#3536=CARTESIAN_POINT('Ctrl Pts',(-43.3012701894561,25.0000000001352,21.7779333740313));
#3537=CARTESIAN_POINT('',(-41.9447201892584,24.2167954923518,21.9917));
#3538=CARTESIAN_POINT('Origin',(-42.6947201892584,24.6498081942441,22.4917));
#3539=CARTESIAN_POINT('',(-41.8286947854739,24.1498081942441,22.4917));
#3540=CARTESIAN_POINT('Origin',(-42.6947201892584,24.6498081942441,22.4917));
#3541=CARTESIAN_POINT('',(-34.3920557726098,37.0304448020736,22.4917));
#3542=CARTESIAN_POINT('',(-41.8286947854739,24.1498081942441,22.4917));
#3543=CARTESIAN_POINT('Origin',(-35.2484157346332,37.5471858382812,22.4917));
#3544=CARTESIAN_POINT('',(-41.9447201892584,24.2167954923518,22.9917));
#3545=CARTESIAN_POINT('Origin',(-42.6947201892584,24.6498081942441,22.4917));
#3546=CARTESIAN_POINT('Origin',(-42.6947201892584,24.6498081942441,22.4917));
#3547=CARTESIAN_POINT('Origin',(-47.6313972081441,27.5,19.2786));
#3548=CARTESIAN_POINT('',(-43.3012701894561,25.0000000001352,25.7048));
#3549=CARTESIAN_POINT('',(-43.3012701894561,25.0000000001352,19.2786));
#3550=CARTESIAN_POINT('',(-46.1561575492347,32.2774122646132,25.7048));
#3551=CARTESIAN_POINT('Origin',(-47.6313972081441,27.5,25.7048));
#3552=CARTESIAN_POINT('',(-46.1561575492347,32.2774122646132,19.2786));
#3553=CARTESIAN_POINT('',(-46.1561575492347,32.2774122646132,19.2786));
#3554=CARTESIAN_POINT('',(-43.3012701894561,25.0000000001352,19.2786));
#3555=CARTESIAN_POINT('Origin',(-47.6313972081441,27.5,19.2786));
#3556=CARTESIAN_POINT('',(-43.3012701894561,25.0000000001352,19.2786));
#3557=CARTESIAN_POINT('Origin',(-42.4979951892219,24.5362289625167,22.4917));
#3558=CARTESIAN_POINT('',(-41.6947201892219,24.0724579250334,22.4917));
#3559=CARTESIAN_POINT('Origin',(-42.4979951892219,24.5362289625167,22.4917));
#3560=CARTESIAN_POINT('',(-43.3012701892219,25.,25.7048));
#3561=CARTESIAN_POINT('Origin',(42.6947201892219,-24.649808194223,22.4917));
#3562=CARTESIAN_POINT('',(48.5607455930064,-16.4895541563786,22.4917));
#3563=CARTESIAN_POINT('',(43.5607455930064,-25.149808194223,22.4917));
#3564=CARTESIAN_POINT('Origin',(47.6947201892219,-15.9895541563786,22.4917));
#3565=CARTESIAN_POINT('',(41.9447201892219,-24.2167954923308,22.9917));
#3566=CARTESIAN_POINT('Origin',(42.6947201892219,-24.649808194223,22.4917));
#3567=CARTESIAN_POINT('Origin',(42.6947201892219,-24.649808194223,22.4917));
#3568=CARTESIAN_POINT('Origin',(13.4071384400402,3.80639039637265,19.2786));
#3569=CARTESIAN_POINT('',(13.4071384400402,3.80639039637265,19.2786));
#3570=CARTESIAN_POINT('',(39.6410161513775,-11.3397459621557,19.2786));
#3571=CARTESIAN_POINT('',(13.4071384400402,3.80639039637265,25.7048));
#3572=CARTESIAN_POINT('',(13.4071384400402,3.80639039637265,19.2786));
#3573=CARTESIAN_POINT('',(39.6410161513775,-11.3397459621557,25.7048));
#3574=CARTESIAN_POINT('Origin',(42.4979951892219,-24.5362289625167,22.4917));
#3575=CARTESIAN_POINT('',(41.6947201892219,-24.0724579250334,22.4917));
#3576=CARTESIAN_POINT('',(43.3012701892219,-25.,25.7048));
#3577=CARTESIAN_POINT('',(41.6947201892219,-24.0724579250334,22.4917));
#3578=CARTESIAN_POINT('Origin',(42.4979951892219,-24.5362289625167,22.4917));
#3579=CARTESIAN_POINT('',(43.3012701892219,-25.,25.7048));
#3580=CARTESIAN_POINT('Origin',(0.,0.,20.88515));
#3581=CARTESIAN_POINT('',(-41.6947201892219,24.0724579250334,22.4917));
#3582=CARTESIAN_POINT('Origin',(-5.32907051820075E-14,5.32907051820075E-14,
22.4917));
#3583=CARTESIAN_POINT('',(-41.6947201892219,24.0724579250334,22.4917));
#3584=CARTESIAN_POINT('Origin',(0.,0.,19.2786));
#3585=CARTESIAN_POINT('Origin',(0.,0.,24.09825));
#3586=CARTESIAN_POINT('Origin',(0.,0.,25.7048));
#3587=CARTESIAN_POINT('',(-43.3012701892219,25.,25.7048));
#3588=CARTESIAN_POINT('Origin',(-42.4979951892219,24.5362289625167,22.4917));
#3589=CARTESIAN_POINT('Origin',(-86.6025403784439,50.,19.2786));
#3590=CARTESIAN_POINT('',(-83.8085403784439,50.,25.7048));
#3591=CARTESIAN_POINT('Origin',(-86.6025403784439,50.,25.7048));
#3592=CARTESIAN_POINT('',(-83.8085403784439,50.,19.2786));
#3593=CARTESIAN_POINT('',(-83.8085403784439,50.,19.2786));
#3594=CARTESIAN_POINT('Origin',(-86.6025403784439,50.,19.2786));
#3595=CARTESIAN_POINT('Origin',(-12.0697960525437,6.9685,19.2786));
#3596=CARTESIAN_POINT('',(-12.0697960525437,6.9685,19.2786));
#3597=CARTESIAN_POINT('',(-34.6410161513775,20.,19.2786));
#3598=CARTESIAN_POINT('',(-12.0697960525437,6.9685,19.2786));
#3599=CARTESIAN_POINT('',(-12.0697960525437,6.9685,25.7048));
#3600=CARTESIAN_POINT('',(-12.0697960525437,6.9685,19.2786));
#3601=CARTESIAN_POINT('',(-34.6410161513775,20.,25.7048));
#3602=CARTESIAN_POINT('',(-12.0697960525437,6.9685,25.7048));
#3603=CARTESIAN_POINT('',(-34.6410161513775,20.,19.2786));
#3604=CARTESIAN_POINT('Origin',(0.,0.,19.2786));
#3605=CARTESIAN_POINT('',(12.0697960525437,-6.96850000000001,19.2786));
#3606=CARTESIAN_POINT('Origin',(0.,0.,19.2786));
#3607=CARTESIAN_POINT('',(12.0697960525437,-6.96850000000001,25.7048));
#3608=CARTESIAN_POINT('',(12.0697960525437,-6.96850000000001,19.2786));
#3609=CARTESIAN_POINT('Origin',(0.,0.,25.7048));
#3610=CARTESIAN_POINT('Origin',(34.6410161513775,-20.,19.2786));
#3611=CARTESIAN_POINT('',(34.6410161513775,-20.,19.2786));
#3612=CARTESIAN_POINT('',(34.6410161513775,-20.,19.2786));
#3613=CARTESIAN_POINT('',(34.6410161513775,-20.,25.7048));
#3614=CARTESIAN_POINT('',(34.6410161513775,-20.,19.2786));
#3615=CARTESIAN_POINT('',(34.6410161513775,-20.,25.7048));
#3616=CARTESIAN_POINT('Origin',(0.,0.,19.2786));
#3617=CARTESIAN_POINT('Origin',(0.,0.,19.2786));
#3618=CARTESIAN_POINT('Origin',(0.,0.,25.7048));
#3619=CARTESIAN_POINT('Origin',(0.,0.,19.2786));
#3620=CARTESIAN_POINT('',(3.937,-4.82143444824313E-16,25.7048));
#3621=CARTESIAN_POINT('Origin',(0.,0.,25.7048));
#3622=CARTESIAN_POINT('',(3.937,-4.82143444824313E-16,19.2786));
#3623=CARTESIAN_POINT('',(3.937,-4.82143444824313E-16,19.2786));
#3624=CARTESIAN_POINT('Origin',(0.,0.,19.2786));
#3625=CARTESIAN_POINT('Origin',(0.,0.,19.2786));
#3626=CARTESIAN_POINT('',(7.20047459960423,11.9328594452692,19.2786));
#3627=CARTESIAN_POINT('Origin',(0.,0.,19.2786));
#3628=CARTESIAN_POINT('',(7.20047459960423,11.9328594452692,25.7048));
#3629=CARTESIAN_POINT('',(7.20047459960423,11.9328594452692,19.2786));
#3630=CARTESIAN_POINT('Origin',(0.,0.,25.7048));
#3631=CARTESIAN_POINT('Origin',(-39.8817294896974,40.3430000484756,19.2786));
#3632=CARTESIAN_POINT('',(-39.8817294896974,40.3430000484756,19.2786));
#3633=CARTESIAN_POINT('',(7.20047459960423,11.9328594452692,19.2786));
#3634=CARTESIAN_POINT('',(-39.8817294896974,40.3430000484756,25.7048));
#3635=CARTESIAN_POINT('',(-39.8817294896974,40.3430000484756,19.2786));
#3636=CARTESIAN_POINT('',(7.20047459960423,11.9328594452692,25.7048));
#3637=CARTESIAN_POINT('Origin',(-47.6313972081441,27.5,19.2786));
#3638=CARTESIAN_POINT('',(-43.2056782312553,41.8322367943419,19.2786));
#3639=CARTESIAN_POINT('Origin',(-47.6313972081441,27.5,19.2786));
#3640=CARTESIAN_POINT('',(-43.2056782312553,41.8322367943419,25.7048));
#3641=CARTESIAN_POINT('',(-43.2056782312553,41.8322367943419,19.2786));
#3642=CARTESIAN_POINT('Origin',(-47.6313972081441,27.5,25.7048));
#3643=CARTESIAN_POINT('Origin',(-76.8525799479934,52.2222222221573,19.2786));
#3644=CARTESIAN_POINT('',(-76.8525799479934,52.2222222221573,19.2786));
#3645=CARTESIAN_POINT('',(-43.2056782312553,41.8322367943419,19.2786));
#3646=CARTESIAN_POINT('',(-76.8525799479934,52.2222222221573,25.7048));
#3647=CARTESIAN_POINT('',(-76.8525799479934,52.2222222221573,19.2786));
#3648=CARTESIAN_POINT('',(-43.2056782312553,41.8322367943419,25.7048));
#3649=CARTESIAN_POINT('Origin',(-86.6025403784439,50.,19.2786));
#3650=CARTESIAN_POINT('',(-79.8030592659823,42.6673976924098,19.2786));
#3651=CARTESIAN_POINT('Origin',(-86.6025403784439,50.,19.2786));
#3652=CARTESIAN_POINT('',(-79.8030592659823,42.6673976924098,25.7048));
#3653=CARTESIAN_POINT('',(-79.8030592659823,42.6673976924098,19.2786));
#3654=CARTESIAN_POINT('Origin',(-86.6025403784439,50.,25.7048));
#3655=CARTESIAN_POINT('Origin',(-46.1561575492347,32.2774122646132,19.2786));
#3656=CARTESIAN_POINT('',(-46.1561575492347,32.2774122646132,19.2786));
#3657=CARTESIAN_POINT('',(-46.1561575492347,32.2774122646132,25.7048));
#3658=CARTESIAN_POINT('Origin',(-24.150635094611,5.,25.7048));
#3659=CARTESIAN_POINT('Origin',(-24.150635094611,5.,19.2786));
#3660=CARTESIAN_POINT('',(0.,0.,0.));
#3661=CARTESIAN_POINT('',(0.,0.,0.));
#3662=CARTESIAN_POINT('',(0.,0.,0.));
#3663=CARTESIAN_POINT('',(0.,0.,0.));
#3664=CARTESIAN_POINT('Origin',(3.10862446895044E-14,100.,6.4262));
#3665=CARTESIAN_POINT('',(-3.93699999999997,100.,12.8524));
#3666=CARTESIAN_POINT('Origin',(3.10862446895044E-14,100.,12.8524));
#3667=CARTESIAN_POINT('',(-3.93699999999997,100.,6.4262));
#3668=CARTESIAN_POINT('',(-3.93699999999997,100.,6.4262));
#3669=CARTESIAN_POINT('Origin',(3.10862446895044E-14,100.,6.4262));
#3670=CARTESIAN_POINT('Origin',(86.6025403784439,50.,6.4262));
#3671=CARTESIAN_POINT('',(82.6655403784439,50.,12.8524));
#3672=CARTESIAN_POINT('Origin',(86.6025403784439,50.,12.8524));
#3673=CARTESIAN_POINT('',(82.6655403784439,50.,6.4262));
#3674=CARTESIAN_POINT('',(82.6655403784439,50.,6.4262));
#3675=CARTESIAN_POINT('Origin',(86.6025403784439,50.,6.4262));
#3676=CARTESIAN_POINT('Origin',(86.6025403784439,50.,6.4262));
#3677=CARTESIAN_POINT('',(76.6025403784439,49.9999999999999,6.4262));
#3678=CARTESIAN_POINT('',(81.6025403784438,58.6602540378443,6.4262));
#3679=CARTESIAN_POINT('Origin',(86.6025403784439,50.,6.4262));
#3680=CARTESIAN_POINT('',(81.6025403784438,58.6602540378443,12.8524));
#3681=CARTESIAN_POINT('',(81.6025403784438,58.6602540378443,6.4262));
#3682=CARTESIAN_POINT('',(76.6025403784439,49.9999999999999,12.8524));
#3683=CARTESIAN_POINT('Origin',(86.6025403784439,50.,12.8524));
#3684=CARTESIAN_POINT('',(76.6025403784439,49.9999999999999,6.4262));
#3685=CARTESIAN_POINT('Origin',(4.99999999999991,91.3397459621555,6.4262));
#3686=CARTESIAN_POINT('',(4.99999999999991,91.3397459621555,6.4262));
#3687=CARTESIAN_POINT('',(76.6025403784439,49.9999999999999,6.4262));
#3688=CARTESIAN_POINT('',(4.99999999999991,91.3397459621555,12.8524));
#3689=CARTESIAN_POINT('',(76.6025403784439,49.9999999999999,12.8524));
#3690=CARTESIAN_POINT('',(4.99999999999991,91.3397459621555,6.4262));
#3691=CARTESIAN_POINT('Origin',(3.10862446895044E-14,100.,6.4262));
#3692=CARTESIAN_POINT('',(10.,99.9999999999998,6.4262));
#3693=CARTESIAN_POINT('Origin',(3.10862446895044E-14,100.,6.4262));
#3694=CARTESIAN_POINT('',(10.,99.9999999999998,12.8524));
#3695=CARTESIAN_POINT('Origin',(3.10862446895044E-14,100.,12.8524));
#3696=CARTESIAN_POINT('',(10.,99.9999999999998,6.4262));
#3697=CARTESIAN_POINT('Origin',(81.6025403784438,58.6602540378443,6.4262));
#3698=CARTESIAN_POINT('',(81.6025403784438,58.6602540378443,6.4262));
#3699=CARTESIAN_POINT('',(81.6025403784438,58.6602540378443,12.8524));
#3700=CARTESIAN_POINT('Origin',(43.301270189222,75.,12.8524));
#3701=CARTESIAN_POINT('Origin',(43.301270189222,75.,6.4262));
#3702=CARTESIAN_POINT('',(0.,0.,0.));
#3703=CARTESIAN_POINT('Origin',(-2.22044604925031E-14,100.,12.8524));
#3704=CARTESIAN_POINT('',(3.93699999999998,100.,19.2786));
#3705=CARTESIAN_POINT('Origin',(-2.22044604925031E-14,100.,19.2786));
#3706=CARTESIAN_POINT('',(3.93699999999998,100.,12.8524));
#3707=CARTESIAN_POINT('',(3.93699999999998,100.,12.8524));
#3708=CARTESIAN_POINT('Origin',(-2.22044604925031E-14,100.,12.8524));
#3709=CARTESIAN_POINT('Origin',(-86.6025403784439,50.,12.8524));
#3710=CARTESIAN_POINT('',(-82.6655403784439,50.,19.2786));
#3711=CARTESIAN_POINT('Origin',(-86.6025403784439,50.,19.2786));
#3712=CARTESIAN_POINT('',(-82.6655403784439,50.,12.8524));
#3713=CARTESIAN_POINT('',(-82.6655403784439,50.,12.8524));
#3714=CARTESIAN_POINT('Origin',(-86.6025403784439,50.,12.8524));
#3715=CARTESIAN_POINT('Origin',(-86.6025403784439,50.,12.8524));
#3716=CARTESIAN_POINT('',(-76.6025403784439,49.9999999999999,12.8524));
#3717=CARTESIAN_POINT('',(-81.6025403784438,58.6602540378443,12.8524));
#3718=CARTESIAN_POINT('Origin',(-86.6025403784439,50.,12.8524));
#3719=CARTESIAN_POINT('',(-76.6025403784439,49.9999999999999,19.2786));
#3720=CARTESIAN_POINT('',(-76.6025403784439,49.9999999999999,12.8524));
#3721=CARTESIAN_POINT('',(-81.6025403784438,58.6602540378443,19.2786));
#3722=CARTESIAN_POINT('Origin',(-86.6025403784439,50.,19.2786));
#3723=CARTESIAN_POINT('',(-81.6025403784438,58.6602540378443,12.8524));
#3724=CARTESIAN_POINT('Origin',(-4.9999999999999,91.3397459621555,12.8524));
#3725=CARTESIAN_POINT('',(-4.9999999999999,91.3397459621555,12.8524));
#3726=CARTESIAN_POINT('',(-76.6025403784439,49.9999999999999,12.8524));
#3727=CARTESIAN_POINT('',(-4.9999999999999,91.3397459621555,19.2786));
#3728=CARTESIAN_POINT('',(-4.9999999999999,91.3397459621555,12.8524));
#3729=CARTESIAN_POINT('',(-76.6025403784439,49.9999999999999,19.2786));
#3730=CARTESIAN_POINT('Origin',(-2.22044604925031E-14,100.,12.8524));
#3731=CARTESIAN_POINT('',(-10.,99.9999999999998,12.8524));
#3732=CARTESIAN_POINT('Origin',(-2.22044604925031E-14,100.,12.8524));
#3733=CARTESIAN_POINT('',(-10.,99.9999999999998,19.2786));
#3734=CARTESIAN_POINT('',(-10.,99.9999999999998,12.8524));
#3735=CARTESIAN_POINT('Origin',(-2.22044604925031E-14,100.,19.2786));
#3736=CARTESIAN_POINT('Origin',(-81.6025403784438,58.6602540378443,12.8524));
#3737=CARTESIAN_POINT('',(-81.6025403784438,58.6602540378443,12.8524));
#3738=CARTESIAN_POINT('',(-81.6025403784438,58.6602540378443,19.2786));
#3739=CARTESIAN_POINT('Origin',(-43.301270189222,75.,19.2786));
#3740=CARTESIAN_POINT('Origin',(-43.301270189222,75.,12.8524));
#3741=CARTESIAN_POINT('',(0.,0.,0.));
#3742=CARTESIAN_POINT('',(0.,0.,0.));
#3743=CARTESIAN_POINT('',(0.,0.,0.));
#3744=CARTESIAN_POINT('Origin',(1.00000000000002,95.,6.));
#3745=CARTESIAN_POINT('',(2.22044604925031E-14,102.794,7.));
#3746=CARTESIAN_POINT('',(2.00000000000002,101.951008969738,5.));
#3747=CARTESIAN_POINT('Origin',(0.,100.,7.00000000000002));
#3748=CARTESIAN_POINT('',(2.00000000000002,98.0489910302615,5.));
#3749=CARTESIAN_POINT('',(2.00000000000002,95.,5.));
#3750=CARTESIAN_POINT('',(2.22044604925031E-14,97.206,7.));
#3751=CARTESIAN_POINT('Origin',(0.,100.,7.00000000000002));
#3752=CARTESIAN_POINT('',(2.22044604925031E-14,95.,7.));
#3753=CARTESIAN_POINT('Origin',(2.22044604925031E-14,90.,5.));
#3754=CARTESIAN_POINT('Origin',(0.,100.,5.));
#3755=CARTESIAN_POINT('Origin',(7.00000000000002,100.,7.));
#3756=CARTESIAN_POINT('',(7.00000000000002,107.141428428543,5.));
#3757=CARTESIAN_POINT('',(5.00000000000002,108.660254037844,7.));
#3758=CARTESIAN_POINT('Ctrl Pts',(7.00000000000002,107.141428428543,5.));
#3759=CARTESIAN_POINT('Ctrl Pts',(6.76580946985896,107.3709810632,5.));
#3760=CARTESIAN_POINT('Ctrl Pts',(6.49933975862129,107.607151773253,5.04348009853306));
#3761=CARTESIAN_POINT('Ctrl Pts',(5.98058816814489,108.021392590914,5.25660356563223));
#3762=CARTESIAN_POINT('Ctrl Pts',(5.72897607355019,108.199864755212,5.42709419673047));
#3763=CARTESIAN_POINT('Ctrl Pts',(5.37506344734813,108.434557947659,5.81264288255393));
#3764=CARTESIAN_POINT('Ctrl Pts',(5.23601586898003,108.520335211412,6.02398959590584));
#3765=CARTESIAN_POINT('Ctrl Pts',(5.04831666194958,108.632871613939,6.49485704967906));
#3766=CARTESIAN_POINT('Ctrl Pts',(5.00000000000002,108.660254037844,6.75436208607732));
#3767=CARTESIAN_POINT('Ctrl Pts',(5.00000000000002,108.660254037844,7.));
#3768=CARTESIAN_POINT('',(5.00000000000002,91.3397459621556,7.));
#3769=CARTESIAN_POINT('',(5.00000000000002,100.,7.));
#3770=CARTESIAN_POINT('',(7.00000000000002,92.8585715714572,5.));
#3771=CARTESIAN_POINT('Ctrl Pts',(5.00000000000002,91.3397459621556,7.));
#3772=CARTESIAN_POINT('Ctrl Pts',(5.00000000000002,91.3397459621556,6.75436208607732));
#3773=CARTESIAN_POINT('Ctrl Pts',(5.04831666194958,91.3671283860607,6.49485704967906));
#3774=CARTESIAN_POINT('Ctrl Pts',(5.23601586898003,91.479664788588,6.02398959590584));
#3775=CARTESIAN_POINT('Ctrl Pts',(5.37506344734813,91.5654420523406,5.81264288255393));
#3776=CARTESIAN_POINT('Ctrl Pts',(5.72897607355019,91.8001352447883,5.42709419673047));
#3777=CARTESIAN_POINT('Ctrl Pts',(5.9805881681449,91.9786074090864,5.25660356563222));
#3778=CARTESIAN_POINT('Ctrl Pts',(6.4993397586213,92.392848226747,5.04348009853306));
#3779=CARTESIAN_POINT('Ctrl Pts',(6.76580946985896,92.6290189368,5.));
#3780=CARTESIAN_POINT('Ctrl Pts',(7.00000000000002,92.8585715714572,5.));
#3781=CARTESIAN_POINT('',(7.00000000000002,100.,5.));
#3782=CARTESIAN_POINT('Origin',(5.00000000000002,100.,12.62395));
#3783=CARTESIAN_POINT('',(5.00000000000002,108.660254037844,8.12321121118838));
#3784=CARTESIAN_POINT('',(5.00000000000002,108.660254037844,5.));
#3785=CARTESIAN_POINT('',(5.00000000000002,104.822894980498,17.0688495394984));
#3786=CARTESIAN_POINT('',(5.00000000000002,110.,5.));
#3787=CARTESIAN_POINT('',(5.00000000000002,95.1771050195016,17.0688495394984));
#3788=CARTESIAN_POINT('Origin',(5.00000000000002,100.,15.));
#3789=CARTESIAN_POINT('',(5.00000000000002,91.3397459621556,8.12321121118837));
#3790=CARTESIAN_POINT('',(5.00000000000002,95.1771050195016,17.0688495394984));
#3791=CARTESIAN_POINT('',(5.00000000000002,91.3397459621556,5.));
#3792=CARTESIAN_POINT('',(5.00000000000002,97.7521,15.));
#3793=CARTESIAN_POINT('Origin',(5.00000000000002,100.,15.));
#3794=CARTESIAN_POINT('Origin',(-1.99999999999998,100.,7.));
#3795=CARTESIAN_POINT('',(-1.99999999999998,109.797958971133,5.));
#3796=CARTESIAN_POINT('',(-1.19793350386761,109.927988483087,5.16787300227797));
#3797=CARTESIAN_POINT('Ctrl Pts',(-1.19793350386761,109.927988483087,5.16787300227797));
#3798=CARTESIAN_POINT('Ctrl Pts',(-1.21124769975954,109.926381962153,5.16204432857732));
#3799=CARTESIAN_POINT('Ctrl Pts',(-1.22462404154609,109.924740762999,5.15636142132945));
#3800=CARTESIAN_POINT('Ctrl Pts',(-1.48486154378039,109.892272075812,5.04913184811542));
#3801=CARTESIAN_POINT('Ctrl Pts',(-1.75184404584251,109.848613593159,5.));
#3802=CARTESIAN_POINT('Ctrl Pts',(-1.99999999999998,109.797958971133,5.));
#3803=CARTESIAN_POINT('',(-1.99999999999998,101.951008969738,5.));
#3804=CARTESIAN_POINT('',(-1.99999999999998,100.,5.));
#3805=CARTESIAN_POINT('Ctrl Pts',(-1.99999999999921,101.951008969739,5.));
#3806=CARTESIAN_POINT('Ctrl Pts',(-1.92849433510796,102.024310185675,5.00000000000003));
#3807=CARTESIAN_POINT('Ctrl Pts',(-1.85346057093258,102.093142647699,5.00384398512217));
#3808=CARTESIAN_POINT('Ctrl Pts',(-1.64624607010872,102.263726058592,5.02722322644562));
#3809=CARTESIAN_POINT('Ctrl Pts',(-1.49606019043884,102.366101854919,5.05782093182497));
#3810=CARTESIAN_POINT('Ctrl Pts',(-1.19134013164976,102.533247439512,5.16367644338473));
#3811=CARTESIAN_POINT('Ctrl Pts',(-1.03717387940883,102.598299008723,5.23954705359774));
#3812=CARTESIAN_POINT('Ctrl Pts',(-0.77136795289213,102.688944816749,5.41417957033392));
#3813=CARTESIAN_POINT('Ctrl Pts',(-0.646223307776005,102.720629883597,5.51867188576654));
#3814=CARTESIAN_POINT('Ctrl Pts',(-0.422435604074653,102.764232204927,5.75970370500141));
#3815=CARTESIAN_POINT('Ctrl Pts',(-0.323794193116257,102.776338421714,5.89621051738948));
#3816=CARTESIAN_POINT('Ctrl Pts',(-0.0835636316721981,102.797373499338,
6.33717116464999));
#3817=CARTESIAN_POINT('Ctrl Pts',(2.22044604925031E-14,102.794,6.67539418560886));
#3818=CARTESIAN_POINT('Ctrl Pts',(2.22044604925031E-14,102.794,7.));
#3819=CARTESIAN_POINT('',(2.22044604925031E-14,109.142071495289,7.));
#3820=CARTESIAN_POINT('',(2.22044604925031E-14,100.,7.));
#3821=CARTESIAN_POINT('Origin',(-1.99999999999998,109.142071495289,7.));
#3822=CARTESIAN_POINT('Origin',(2.22044604925031E-14,100.,12.62395));
#3823=CARTESIAN_POINT('',(2.22044604925031E-14,90.8579285047109,7.));
#3824=CARTESIAN_POINT('',(2.22044604925031E-14,100.,7.));
#3825=CARTESIAN_POINT('',(2.22044604925031E-14,95.1771050195016,17.0688495394984));
#3826=CARTESIAN_POINT('',(2.22044604925031E-14,95.1771050195016,17.0688495394984));
#3827=CARTESIAN_POINT('',(2.22044604925031E-14,104.822894980498,17.0688495394984));
#3828=CARTESIAN_POINT('Origin',(2.22044604925031E-14,100.,15.));
#3829=CARTESIAN_POINT('',(2.22044604925031E-14,110.,5.));
#3830=CARTESIAN_POINT('',(2.22044604925031E-14,97.7521,15.));
#3831=CARTESIAN_POINT('Origin',(2.22044604925031E-14,100.,15.));
#3832=CARTESIAN_POINT('Origin',(-1.99999999999998,100.,7.));
#3833=CARTESIAN_POINT('',(-1.1979335038676,90.0720115169128,5.16787300227797));
#3834=CARTESIAN_POINT('Origin',(-1.99999999999998,90.8579285047109,7.));
#3835=CARTESIAN_POINT('',(-1.99999999999998,98.0489910302615,5.));
#3836=CARTESIAN_POINT('Ctrl Pts',(2.22044604925031E-14,97.206,7.));
#3837=CARTESIAN_POINT('Ctrl Pts',(2.22404989774096E-14,97.206,6.67539418560886));
#3838=CARTESIAN_POINT('Ctrl Pts',(-0.0835636316721981,97.202626500662,6.33717116464999));
#3839=CARTESIAN_POINT('Ctrl Pts',(-0.323794193116257,97.2236615782858,5.89621051738948));
#3840=CARTESIAN_POINT('Ctrl Pts',(-0.422435604074652,97.2357677950731,5.75970370500141));
#3841=CARTESIAN_POINT('Ctrl Pts',(-0.646223307776002,97.2793701164034,5.51867188576654));
#3842=CARTESIAN_POINT('Ctrl Pts',(-0.771367952892131,97.3110551832506,5.41417957033392));
#3843=CARTESIAN_POINT('Ctrl Pts',(-1.03717387940883,97.4017009912772,5.23954705359774));
#3844=CARTESIAN_POINT('Ctrl Pts',(-1.19134013164976,97.4667525604882,5.16367644338473));
#3845=CARTESIAN_POINT('Ctrl Pts',(-1.49606019043884,97.6338981450811,5.05782093182497));
#3846=CARTESIAN_POINT('Ctrl Pts',(-1.64624607010872,97.7362739414078,5.02722322644562));
#3847=CARTESIAN_POINT('Ctrl Pts',(-1.85346057093258,97.906857352301,5.00384398512217));
#3848=CARTESIAN_POINT('Ctrl Pts',(-1.92849433510796,97.9756898143255,5.00000000000003));
#3849=CARTESIAN_POINT('Ctrl Pts',(-1.99999999999921,98.0489910302607,5.));
#3850=CARTESIAN_POINT('',(-1.99999999999998,90.2020410288673,5.));
#3851=CARTESIAN_POINT('',(-1.99999999999998,100.,5.));
#3852=CARTESIAN_POINT('Ctrl Pts',(-1.99999999999998,90.2020410288673,5.));
#3853=CARTESIAN_POINT('Ctrl Pts',(-1.75184404584251,90.1513864068407,5.));
#3854=CARTESIAN_POINT('Ctrl Pts',(-1.48486154378039,90.1077279241879,5.04913184811542));
#3855=CARTESIAN_POINT('Ctrl Pts',(-1.22462404154608,90.0752592370008,5.15636142132945));
#3856=CARTESIAN_POINT('Ctrl Pts',(-1.21124769975954,90.0736180378474,5.16204432857733));
#3857=CARTESIAN_POINT('Ctrl Pts',(-1.1979335038676,90.0720115169128,5.16787300227797));
#3858=CARTESIAN_POINT('Origin',(0.,100.,5.));
#3859=CARTESIAN_POINT('',(-10.,100.,5.));
#3860=CARTESIAN_POINT('Origin',(0.,100.,5.));
#3861=CARTESIAN_POINT('Origin',(0.,100.,5.));
#3862=CARTESIAN_POINT('',(-2.794,100.,5.));
#3863=CARTESIAN_POINT('Origin',(0.,100.,5.));
#3864=CARTESIAN_POINT('Origin',(0.,100.,5.));
#3865=CARTESIAN_POINT('Origin',(2.22044604925031E-14,110.,5.));
#3866=CARTESIAN_POINT('Origin',(0.,100.,28.3119658458473));
#3867=CARTESIAN_POINT('',(2.22044604925031E-14,104.822894980498,17.0688495394984));
#3868=CARTESIAN_POINT('Origin',(2.22044604925031E-14,100.,15.));
#3869=CARTESIAN_POINT('',(2.22044604925031E-14,97.7521,15.));
#3870=CARTESIAN_POINT('Origin',(2.22044604925031E-14,95.1771050195016,17.0688495394984));
#3871=CARTESIAN_POINT('Origin',(0.,100.,28.3119658458472));
#3872=CARTESIAN_POINT('',(2.22044604925031E-14,95.1771050195016,17.0688495394984));
#3873=CARTESIAN_POINT('Origin',(2.22044604925031E-14,100.,15.));
#3874=CARTESIAN_POINT('Origin',(0.,100.,5.));
#3875=CARTESIAN_POINT('Origin',(0.,100.,5.));
#3876=CARTESIAN_POINT('Origin',(0.,100.,0.));
#3877=CARTESIAN_POINT('',(-2.794,100.,0.));
#3878=CARTESIAN_POINT('',(-2.794,100.,0.));
#3879=CARTESIAN_POINT('Origin',(0.,100.,0.));
#3880=CARTESIAN_POINT('Origin',(0.,100.,0.));
#3881=CARTESIAN_POINT('',(-10.,100.,0.));
#3882=CARTESIAN_POINT('',(-10.,100.,0.));
#3883=CARTESIAN_POINT('Origin',(0.,100.,0.));
#3884=CARTESIAN_POINT('Origin',(0.,100.,0.));
#3885=CARTESIAN_POINT('',(0.,0.,0.));
#3886=CARTESIAN_POINT('Ctrl Pts',(2.09963882218112E-14,94.6974017628729,
37.5829465837617));
#3887=CARTESIAN_POINT('Ctrl Pts',(-0.868542988522766,94.6974017628729,37.5829465837617));
#3888=CARTESIAN_POINT('Ctrl Pts',(-2.81053177786538,94.9942197029441,38.0852207992591));
#3889=CARTESIAN_POINT('Ctrl Pts',(-4.28315456791551,95.7347363365837,38.8957822910863));
#3890=CARTESIAN_POINT('Ctrl Pts',(-4.99999999998532,96.2889542880049,39.3049698763107));
#3891=CARTESIAN_POINT('Ctrl Pts',(2.01276226230007E-14,94.7956438801435,
37.7405990771201));
#3892=CARTESIAN_POINT('Ctrl Pts',(-0.824961839172473,94.7956438801435,37.7405990771201));
#3893=CARTESIAN_POINT('Ctrl Pts',(-2.66872335982259,95.119366838118,38.2563047821617));
#3894=CARTESIAN_POINT('Ctrl Pts',(-4.0442184091486,95.9106618185649,39.0586813730976));
#3895=CARTESIAN_POINT('Ctrl Pts',(-4.70101654691619,96.4785478203457,39.4449496793354));
#3896=CARTESIAN_POINT('Ctrl Pts',(1.83901382510224E-14,94.9478888692702,
38.0834442103178));
#3897=CARTESIAN_POINT('Ctrl Pts',(-0.737810684458722,94.9478888692702,38.0834442103178));
#3898=CARTESIAN_POINT('Ctrl Pts',(-2.38491548742833,95.2985728206945,38.6452484192515));
#3899=CARTESIAN_POINT('Ctrl Pts',(-3.56608911209262,96.1432955132947,39.5036311419479));
#3900=CARTESIAN_POINT('Ctrl Pts',(-4.1037642963251,96.7244166427491,39.9045317695021));
#3901=CARTESIAN_POINT('Ctrl Pts',(1.67865062756591E-14,95.,38.4549354647581));
#3902=CARTESIAN_POINT('Ctrl Pts',(-0.657367235732714,95.,38.4549354647581));
#3903=CARTESIAN_POINT('Ctrl Pts',(-2.12571593807086,95.3140416196863,39.0843064116968));
#3904=CARTESIAN_POINT('Ctrl Pts',(-3.19637679981866,96.0799972982231,40.0837923006117));
#3905=CARTESIAN_POINT('Ctrl Pts',(-3.69571307108645,96.6275762751716,40.5772081902697));
#3906=CARTESIAN_POINT('Ctrl Pts',(1.60490643175804E-14,95.,38.6406928933254));
#3907=CARTESIAN_POINT('Ctrl Pts',(-0.620387848944813,95.,38.6406928933254));
#3908=CARTESIAN_POINT('Ctrl Pts',(-2.00752269847523,95.2798797182039,39.3037488804573));
#3909=CARTESIAN_POINT('Ctrl Pts',(-3.0593961199397,95.9781380064284,40.3737772305336));
#3910=CARTESIAN_POINT('Ctrl Pts',(-3.57142857141809,96.5007289388704,40.9139488536665));
#3911=CARTESIAN_POINT('',(-3.57142857141808,96.5007289388704,40.9139488536665));
#3912=CARTESIAN_POINT('',(-4.99999999999008,96.288954288001,39.3049698763077));
#3913=CARTESIAN_POINT('Origin',(-4.99999999998532,95.1010205144186,40.9139488536665));
#3914=CARTESIAN_POINT('',(1.61559676227496E-15,94.6974017628729,37.5829465837617));
#3915=CARTESIAN_POINT('Ctrl Pts',(-4.99999999998532,96.2889542880049,39.3049698763107));
#3916=CARTESIAN_POINT('Ctrl Pts',(-4.28315456791551,95.7347363365837,38.8957822910863));
#3917=CARTESIAN_POINT('Ctrl Pts',(-2.81053177786538,94.9942197029441,38.0852207992591));
#3918=CARTESIAN_POINT('Ctrl Pts',(-0.868542988522766,94.6974017628729,37.5829465837617));
#3919=CARTESIAN_POINT('Ctrl Pts',(2.09963882218112E-14,94.6974017628729,
37.5829465837617));
#3920=CARTESIAN_POINT('',(1.27021060770255E-15,95.,38.6406928933254));
#3921=CARTESIAN_POINT('Ctrl Pts',(3.23074105241998E-15,94.6974017628729,
37.5829465837617));
#3922=CARTESIAN_POINT('Ctrl Pts',(3.25340780966443E-15,94.7956438801435,
37.7405990771201));
#3923=CARTESIAN_POINT('Ctrl Pts',(3.27598400716882E-15,94.8717663747068,
37.912021643719));
#3924=CARTESIAN_POINT('Ctrl Pts',(3.2977225439714E-15,94.922855404671,38.0906057406285));
#3925=CARTESIAN_POINT('Ctrl Pts',(3.31946108077398E-15,94.9739444346351,
38.269189837538));
#3926=CARTESIAN_POINT('Ctrl Pts',(3.34036195687476E-15,95.,38.4549354647581));
#3927=CARTESIAN_POINT('Ctrl Pts',(3.35931633944423E-15,95.,38.6406928933254));
#3928=CARTESIAN_POINT('Ctrl Pts',(1.60490643175804E-14,95.,38.6406928933254));
#3929=CARTESIAN_POINT('Ctrl Pts',(-0.620387848944813,95.,38.6406928933254));
#3930=CARTESIAN_POINT('Ctrl Pts',(-2.00752269847523,95.2798797182039,39.3037488804573));
#3931=CARTESIAN_POINT('Ctrl Pts',(-3.0593961199397,95.9781380064284,40.3737772305336));
#3932=CARTESIAN_POINT('Ctrl Pts',(-3.57142857141809,96.5007289388704,40.9139488536665));
#3933=CARTESIAN_POINT('Ctrl Pts',(-5.,96.288954288005,39.3049698763107));
#3934=CARTESIAN_POINT('Ctrl Pts',(-5.,96.6480016766441,39.570060051686));
#3935=CARTESIAN_POINT('Ctrl Pts',(-5.00000000000005,97.2372680632602,39.9209661984895));
#3936=CARTESIAN_POINT('Ctrl Pts',(-5.00000000000003,98.4447291441433,40.370915314528));
#3937=CARTESIAN_POINT('Ctrl Pts',(-5.00000000000013,99.3286042743571,40.52527271388));
#3938=CARTESIAN_POINT('Ctrl Pts',(-5.,99.9932363684209,40.5264977704033));
#3939=CARTESIAN_POINT('Ctrl Pts',(-5.,99.9966166805728,40.5265));
#3940=CARTESIAN_POINT('Ctrl Pts',(-5.,100.,40.5265));
#3941=CARTESIAN_POINT('Ctrl Pts',(-4.70101654692888,96.4785478203475,39.444949679334));
#3942=CARTESIAN_POINT('Ctrl Pts',(-4.72519439737201,96.790213168136,39.74093684957));
#3943=CARTESIAN_POINT('Ctrl Pts',(-4.80245503724603,97.3256205786023,40.1234710099427));
#3944=CARTESIAN_POINT('Ctrl Pts',(-4.94882051876063,98.4953569002866,40.5219111731755));
#3945=CARTESIAN_POINT('Ctrl Pts',(-4.99983549065297,99.3604773355971,40.5853063002863));
#3946=CARTESIAN_POINT('Ctrl Pts',(-4.99999862688226,99.9935579564872,40.5271001642869));
#3947=CARTESIAN_POINT('Ctrl Pts',(-5.,99.9967777910215,40.5268014100505));
#3948=CARTESIAN_POINT('Ctrl Pts',(-5.,100.,40.5265));
#3949=CARTESIAN_POINT('Ctrl Pts',(-4.10376546507824,96.7244145257453,39.9045330858412));
#3950=CARTESIAN_POINT('Ctrl Pts',(-4.22857937259968,96.9781749694835,40.2405586247229));
#3951=CARTESIAN_POINT('Ctrl Pts',(-4.49019870872722,97.4669158718471,40.6175911776217));
#3952=CARTESIAN_POINT('Ctrl Pts',(-4.88048334971786,98.6005158981684,40.8275310379394));
#3953=CARTESIAN_POINT('Ctrl Pts',(-4.99944305384703,99.424357839063,40.704968846768));
#3954=CARTESIAN_POINT('Ctrl Pts',(-4.99999735708192,99.9942006620434,40.528306379845));
#3955=CARTESIAN_POINT('Ctrl Pts',(-5.,99.997100011919,40.5274042301516));
#3956=CARTESIAN_POINT('Ctrl Pts',(-5.,100.,40.5265));
#3957=CARTESIAN_POINT('Ctrl Pts',(-3.69571307108826,96.6275762751734,40.5772081902689));
#3958=CARTESIAN_POINT('Ctrl Pts',(-3.96258095069498,96.9234633717667,40.9226861153191));
#3959=CARTESIAN_POINT('Ctrl Pts',(-4.38752851928199,97.5097147758106,41.2087380615516));
#3960=CARTESIAN_POINT('Ctrl Pts',(-4.87806023618983,98.7059954950349,41.1381477066493));
#3961=CARTESIAN_POINT('Ctrl Pts',(-4.99929036559117,99.487910660728,40.8246359282003));
#3962=CARTESIAN_POINT('Ctrl Pts',(-4.99999775140343,99.9948445160923,40.5295125865545));
#3963=CARTESIAN_POINT('Ctrl Pts',(-5.,99.9974222328164,40.5280070502526));
#3964=CARTESIAN_POINT('Ctrl Pts',(-5.,100.,40.5265));
#3965=CARTESIAN_POINT('Ctrl Pts',(-3.57142857141809,96.5007289388704,40.9139488536665));
#3966=CARTESIAN_POINT('Ctrl Pts',(-3.90314629028645,96.8392869179799,41.263896397241));
#3967=CARTESIAN_POINT('Ctrl Pts',(-4.39166938980985,97.5043700582792,41.5042324967151));
#3968=CARTESIAN_POINT('Ctrl Pts',(-4.8921675136126,98.7585849862699,41.2932602971188));
#3969=CARTESIAN_POINT('Ctrl Pts',(-4.99917146287863,99.5198288329489,40.8844387134538));
#3970=CARTESIAN_POINT('Ctrl Pts',(-4.99999872404728,99.9951659439967,40.5301157978394));
#3971=CARTESIAN_POINT('Ctrl Pts',(-5.,99.9975833432651,40.5283084603032));
#3972=CARTESIAN_POINT('Ctrl Pts',(-5.,100.,40.5265));
#3973=CARTESIAN_POINT('',(-5.,100.,40.5265));
#3974=CARTESIAN_POINT('Ctrl Pts',(-3.57142857141809,96.5007289388704,40.9139488536665));
#3975=CARTESIAN_POINT('Ctrl Pts',(-3.90314629028645,96.8392869179799,41.263896397241));
#3976=CARTESIAN_POINT('Ctrl Pts',(-4.39166938980985,97.5043700582792,41.5042324967151));
#3977=CARTESIAN_POINT('Ctrl Pts',(-4.8921675136126,98.7585849862699,41.2932602971188));
#3978=CARTESIAN_POINT('Ctrl Pts',(-4.99917146287863,99.5198288329489,40.8844387134538));
#3979=CARTESIAN_POINT('Ctrl Pts',(-4.99999872404728,99.9951659439967,40.5301157978394));
#3980=CARTESIAN_POINT('Ctrl Pts',(-5.,99.9975833432651,40.5283084603032));
#3981=CARTESIAN_POINT('Ctrl Pts',(-5.,100.,40.5265));
#3982=CARTESIAN_POINT('Origin',(-5.,100.,34.2786));
#3983=CARTESIAN_POINT('Ctrl Pts',(-4.99999999998569,103.711045711995,39.3049698763109));
#3984=CARTESIAN_POINT('Ctrl Pts',(-4.28310203583052,104.265304277785,38.8957523048772));
#3985=CARTESIAN_POINT('Ctrl Pts',(-2.81091800625462,105.005639838967,38.0853888649868));
#3986=CARTESIAN_POINT('Ctrl Pts',(-0.86869780037121,105.302598237127,37.5829465837617));
#3987=CARTESIAN_POINT('Ctrl Pts',(5.55111512312578E-16,105.302598237127,
37.5829465837617));
#3988=CARTESIAN_POINT('Ctrl Pts',(-4.70101654691653,103.521452179654,39.4449496793356));
#3989=CARTESIAN_POINT('Ctrl Pts',(-4.0441702774677,104.08937979743,39.0586530664661));
#3990=CARTESIAN_POINT('Ctrl Pts',(-2.66908636971567,104.880483599658,38.2564736374837));
#3991=CARTESIAN_POINT('Ctrl Pts',(-0.825108882979065,105.204356119856,37.7405990771201));
#3992=CARTESIAN_POINT('Ctrl Pts',(4.82578868359415E-16,105.204356119856,
37.7405990771201));
#3993=CARTESIAN_POINT('Ctrl Pts',(-4.10376607854861,103.27558658548,39.9045337767941));
#3994=CARTESIAN_POINT('Ctrl Pts',(-3.56605149223946,103.85675030083,39.503603770318));
#3995=CARTESIAN_POINT('Ctrl Pts',(-2.38523175672195,104.701267751201,38.6454291298715));
#3996=CARTESIAN_POINT('Ctrl Pts',(-0.737942194167942,105.05211136922,38.0834442785446));
#3997=CARTESIAN_POINT('Ctrl Pts',(3.37522823230068E-16,105.05211136922,
38.0834442785446));
#3998=CARTESIAN_POINT('Ctrl Pts',(-3.6957130710867,103.372423724828,40.5772081902699));
#3999=CARTESIAN_POINT('Ctrl Pts',(-3.19634020730612,103.920042829626,40.0837561419584));
#4000=CARTESIAN_POINT('Ctrl Pts',(-2.12600164701241,104.685813678109,39.0845146309688));
#4001=CARTESIAN_POINT('Ctrl Pts',(-0.657484406947297,105.,38.4549354647581));
#4002=CARTESIAN_POINT('Ctrl Pts',(2.03652166655127E-16,105.,38.4549354647581));
#4003=CARTESIAN_POINT('Ctrl Pts',(-3.57142857141835,103.499271061129,40.9139488536668));
#4004=CARTESIAN_POINT('Ctrl Pts',(-3.05935859702181,104.021900290239,40.3737376455123));
#4005=CARTESIAN_POINT('Ctrl Pts',(-2.00779857589611,104.719987839093,39.3039707452943));
#4006=CARTESIAN_POINT('Ctrl Pts',(-0.620498428836572,105.,38.6406928933254));
#4007=CARTESIAN_POINT('Ctrl Pts',(1.42093647799158E-16,105.,38.6406928933254));
#4008=CARTESIAN_POINT('',(-4.99999999999033,103.711045711999,39.304969876308));
#4009=CARTESIAN_POINT('',(-3.57142857141834,103.499271061129,40.9139488536668));
#4010=CARTESIAN_POINT('Origin',(-4.99999999998568,104.898979485581,40.9139488536668));
#4011=CARTESIAN_POINT('',(3.98986399474666E-16,105.,38.6406928933254));
#4012=CARTESIAN_POINT('Ctrl Pts',(-3.57142857141835,103.499271061129,40.9139488536668));
#4013=CARTESIAN_POINT('Ctrl Pts',(-3.05935859702181,104.021900290239,40.3737376455123));
#4014=CARTESIAN_POINT('Ctrl Pts',(-2.00779857589611,104.719987839093,39.3039707452943));
#4015=CARTESIAN_POINT('Ctrl Pts',(-0.620498428836572,105.,38.6406928933254));
#4016=CARTESIAN_POINT('Ctrl Pts',(1.42093647799158E-16,105.,38.6406928933254));
#4017=CARTESIAN_POINT('',(2.77555756156289E-16,105.302598237127,37.5829465837617));
#4018=CARTESIAN_POINT('Ctrl Pts',(8.02309607639273E-17,105.,38.6406928933254));
#4019=CARTESIAN_POINT('Ctrl Pts',(1.41669083871439E-16,105.,38.4549354647581));
#4020=CARTESIAN_POINT('Ctrl Pts',(2.08166817117217E-16,105.02605568461,
38.2691898716514));
#4021=CARTESIAN_POINT('Ctrl Pts',(2.77555756156289E-16,105.077144714574,
38.0906057747419));
#4022=CARTESIAN_POINT('Ctrl Pts',(4.16333634234434E-16,105.128233744538,
37.9120216778323));
#4023=CARTESIAN_POINT('Ctrl Pts',(4.85722573273506E-16,105.204356119856,
37.7405990771201));
#4024=CARTESIAN_POINT('Ctrl Pts',(5.55111512312578E-16,105.302598237127,
37.5829465837617));
#4025=CARTESIAN_POINT('Ctrl Pts',(5.55111512312578E-16,105.302598237127,
37.5829465837617));
#4026=CARTESIAN_POINT('Ctrl Pts',(-0.86869780037121,105.302598237127,37.5829465837617));
#4027=CARTESIAN_POINT('Ctrl Pts',(-2.81091800625462,105.005639838967,38.0853888649868));
#4028=CARTESIAN_POINT('Ctrl Pts',(-4.28310203583052,104.265304277785,38.8957523048772));
#4029=CARTESIAN_POINT('Ctrl Pts',(-4.99999999998569,103.711045711995,39.3049698763109));
#4030=CARTESIAN_POINT('Ctrl Pts',(-5.,100.000000000043,40.5265));
#4031=CARTESIAN_POINT('Ctrl Pts',(-5.,100.003383319442,40.5265));
#4032=CARTESIAN_POINT('Ctrl Pts',(-5.,100.006763282307,40.5264979232325));
#4033=CARTESIAN_POINT('Ctrl Pts',(-4.99999999999993,100.671495190385,40.5252294713838));
#4034=CARTESIAN_POINT('Ctrl Pts',(-4.99999999999999,101.555754662579,40.3710263502926));
#4035=CARTESIAN_POINT('Ctrl Pts',(-4.99999999999998,102.763471930519,39.9204326619107));
#4036=CARTESIAN_POINT('Ctrl Pts',(-5.,103.351998323355,39.5700600516865));
#4037=CARTESIAN_POINT('Ctrl Pts',(-5.,103.711045711995,39.3049698763109));
#4038=CARTESIAN_POINT('Ctrl Pts',(-5.,100.00000000004,40.526500000006));
#4039=CARTESIAN_POINT('Ctrl Pts',(-5.00000165068146,100.003057311771,40.5271158296391));
#4040=CARTESIAN_POINT('Ctrl Pts',(-4.99999412588497,100.006125706723,40.5276874404597));
#4041=CARTESIAN_POINT('Ctrl Pts',(-5.00110278209383,100.606245748845,40.6478048637382));
#4042=CARTESIAN_POINT('Ctrl Pts',(-4.89700230064586,101.454235707766,40.6726642765823));
#4043=CARTESIAN_POINT('Ctrl Pts',(-4.60506127932315,102.586100946256,40.326005538094));
#4044=CARTESIAN_POINT('Ctrl Pts',(-4.44862285317583,103.068969711371,39.9125048296639));
#4045=CARTESIAN_POINT('Ctrl Pts',(-4.40203309385779,103.33185864731,39.5849294823575));
#4046=CARTESIAN_POINT('Ctrl Pts',(-5.,100.000000000037,40.5265000000119));
#4047=CARTESIAN_POINT('Ctrl Pts',(-4.99999504354552,100.002744183997,40.5277028470142));
#4048=CARTESIAN_POINT('Ctrl Pts',(-5.00000218356167,100.005470591926,40.5289123390248));
#4049=CARTESIAN_POINT('Ctrl Pts',(-4.99940273454241,100.545106662283,40.7647637898963));
#4050=CARTESIAN_POINT('Ctrl Pts',(-4.86064451357053,101.346224469802,40.9811678406155));
#4051=CARTESIAN_POINT('Ctrl Pts',(-4.38245407927473,102.485413135368,40.9134265954222));
#4052=CARTESIAN_POINT('Ctrl Pts',(-4.01692739984105,102.992509780496,40.5795073663707));
#4053=CARTESIAN_POINT('Ctrl Pts',(-3.81999757075857,103.245576388523,40.2404675268715));
#4054=CARTESIAN_POINT('Ctrl Pts',(-5.,100.000000000034,40.5265000000179));
#4055=CARTESIAN_POINT('Ctrl Pts',(-5.,100.002416656729,40.5283084603187));
#4056=CARTESIAN_POINT('Ctrl Pts',(-4.99999876105605,100.004833820536,40.5301157415414));
#4057=CARTESIAN_POINT('Ctrl Pts',(-4.999159953978,100.480238044263,40.8844537324208));
#4058=CARTESIAN_POINT('Ctrl Pts',(-4.89098895913275,101.241535283266,41.2921538810447));
#4059=CARTESIAN_POINT('Ctrl Pts',(-4.39231027214353,102.49627051529,41.5051147713431));
#4060=CARTESIAN_POINT('Ctrl Pts',(-3.90314629028642,103.16071308202,41.2638963972407));
#4061=CARTESIAN_POINT('Ctrl Pts',(-3.57142857141833,103.499271061129,40.9139488536668));
#4062=CARTESIAN_POINT('Origin',(-5.,100.,34.2786));
#4063=CARTESIAN_POINT('Ctrl Pts',(-5.,100.000000000034,40.5265000000179));
#4064=CARTESIAN_POINT('Ctrl Pts',(-5.,100.002416656729,40.5283084603187));
#4065=CARTESIAN_POINT('Ctrl Pts',(-4.99999876105605,100.004833820536,40.5301157415414));
#4066=CARTESIAN_POINT('Ctrl Pts',(-4.999159953978,100.480238044263,40.8844537324208));
#4067=CARTESIAN_POINT('Ctrl Pts',(-4.89098895913275,101.241535283266,41.2921538810447));
#4068=CARTESIAN_POINT('Ctrl Pts',(-4.39231027214353,102.49627051529,41.5051147713431));
#4069=CARTESIAN_POINT('Ctrl Pts',(-3.90314629028642,103.16071308202,41.2638963972407));
#4070=CARTESIAN_POINT('Ctrl Pts',(-3.57142857141833,103.499271061129,40.9139488536668));
#4071=CARTESIAN_POINT('Origin',(0.,100.,34.2786));
#4072=CARTESIAN_POINT('Origin',(-5.,100.,34.2786));
#4073=CARTESIAN_POINT('Origin',(0.,100.,34.2786));
#4074=CARTESIAN_POINT('Ctrl Pts',(3.46944695195361E-17,97.7274578983741,
40.0985490381221));
#4075=CARTESIAN_POINT('Ctrl Pts',(0.226395687844808,97.7274578983741,40.0985490381221));
#4076=CARTESIAN_POINT('Ctrl Pts',(0.678370633264426,97.7676020221825,40.1136173068405));
#4077=CARTESIAN_POINT('Ctrl Pts',(1.96135829821261,98.1048668368659,40.2434543409365));
#4078=CARTESIAN_POINT('Ctrl Pts',(3.02646545230814,99.1122830248698,40.5350283481667));
#4079=CARTESIAN_POINT('Ctrl Pts',(3.02382485104277,100.531312353011,40.5323040223352));
#4080=CARTESIAN_POINT('Ctrl Pts',(2.42020914234742,101.467116708695,40.3711945512989));
#4081=CARTESIAN_POINT('Ctrl Pts',(1.35519290764295,102.113327869244,40.1642135817155));
#4082=CARTESIAN_POINT('Ctrl Pts',(0.452746006910697,102.272542101626,40.0985490381221));
#4083=CARTESIAN_POINT('Ctrl Pts',(-9.0205620750794E-16,102.272542101626,
40.0985490381221));
#4084=CARTESIAN_POINT('Ctrl Pts',(-1.30302891201518E-16,97.3827009956282,
39.963930234558));
#4085=CARTESIAN_POINT('Ctrl Pts',(0.256406532022082,97.3827009956282,39.963930234558));
#4086=CARTESIAN_POINT('Ctrl Pts',(0.768181062433508,97.4308118225846,39.984583125215));
#4087=CARTESIAN_POINT('Ctrl Pts',(2.20348398612558,97.8393028290356,40.1644201087212));
#4088=CARTESIAN_POINT('Ctrl Pts',(3.326994445063,98.9991010321304,40.5389826210286));
#4089=CARTESIAN_POINT('Ctrl Pts',(3.32449689802319,100.599414551305,40.5337669112431));
#4090=CARTESIAN_POINT('Ctrl Pts',(2.68707674495697,101.665262112074,40.3302280318761));
#4091=CARTESIAN_POINT('Ctrl Pts',(1.53173021781189,102.421977534397,40.0559992115905));
#4092=CARTESIAN_POINT('Ctrl Pts',(0.51276168121362,102.617299004372,39.963930234558));
#4093=CARTESIAN_POINT('Ctrl Pts',(-1.05656735225076E-15,102.617299004372,
39.963930234558));
#4094=CARTESIAN_POINT('Ctrl Pts',(-4.58841849696134E-16,96.6195030770803,
39.8923742969717));
#4095=CARTESIAN_POINT('Ctrl Pts',(0.316248199380897,96.6195030770803,39.8923742969717));
#4096=CARTESIAN_POINT('Ctrl Pts',(0.947237306903687,96.6855114286177,39.9219358424719));
#4097=CARTESIAN_POINT('Ctrl Pts',(2.68637153158287,97.2567191907433,40.1819790699178));
#4098=CARTESIAN_POINT('Ctrl Pts',(3.92698701802565,98.7565395367269,40.6821322259614));
#4099=CARTESIAN_POINT('Ctrl Pts',(3.92475545434532,100.74550566969,40.6725460007649));
#4100=CARTESIAN_POINT('Ctrl Pts',(3.21958608337482,102.09662247865,40.4060016307582));
#4101=CARTESIAN_POINT('Ctrl Pts',(1.88368060315431,103.103033274349,40.0271109369833));
#4102=CARTESIAN_POINT('Ctrl Pts',(0.632433023903482,103.38049692292,39.8923742969717));
#4103=CARTESIAN_POINT('Ctrl Pts',(-1.35690786083446E-15,103.38049692292,
39.8923742969717));
#4104=CARTESIAN_POINT('Ctrl Pts',(-8.64329462891592E-16,95.4100103235612,
40.4892319781881));
#4105=CARTESIAN_POINT('Ctrl Pts',(0.389806874673249,95.4100103235612,40.4892319781881));
#4106=CARTESIAN_POINT('Ctrl Pts',(1.16739400565037,95.5016603739589,40.5218699428691));
#4107=CARTESIAN_POINT('Ctrl Pts',(3.30122008671437,96.3016652145571,40.8093783493737));
#4108=CARTESIAN_POINT('Ctrl Pts',(4.7737873620549,98.3442732558817,41.3529660026139));
#4109=CARTESIAN_POINT('Ctrl Pts',(4.77059820709175,100.993459011502,41.3419349738173));
#4110=CARTESIAN_POINT('Ctrl Pts',(3.93456931920394,102.813978341783,41.0534799830008));
#4111=CARTESIAN_POINT('Ctrl Pts',(2.32045257894078,104.199678721514,40.6386339949634));
#4112=CARTESIAN_POINT('Ctrl Pts',(0.779535633627582,104.589989676439,40.4892319781881));
#4113=CARTESIAN_POINT('Ctrl Pts',(-1.70207284070735E-15,104.589989676439,
40.4892319781881));
#4114=CARTESIAN_POINT('Ctrl Pts',(-8.85874067754737E-16,95.,41.4063974866098));
#4115=CARTESIAN_POINT('Ctrl Pts',(0.39415200082992,95.,41.4063974866098));
#4116=CARTESIAN_POINT('Ctrl Pts',(1.18040423956718,95.0937863940768,41.4311939846927));
#4117=CARTESIAN_POINT('Ctrl Pts',(3.37706064051902,95.9019194063123,41.6474765101385));
#4118=CARTESIAN_POINT('Ctrl Pts',(5.04333225971831,98.1262258586853,42.0933030824228));
#4119=CARTESIAN_POINT('Ctrl Pts',(5.03853397541711,101.122747683804,42.0868051106101));
#4120=CARTESIAN_POINT('Ctrl Pts',(4.09517425668156,103.143674776211,41.845105455274));
#4121=CARTESIAN_POINT('Ctrl Pts',(2.352691985037,104.613006896573,41.5172596212048));
#4122=CARTESIAN_POINT('Ctrl Pts',(0.788225015195242,105.,41.4063974866098));
#4123=CARTESIAN_POINT('Ctrl Pts',(-1.68743311047613E-15,105.,41.4063974866098));
#4124=CARTESIAN_POINT('Ctrl Pts',(-7.95852592804175E-16,95.,41.961558701568));
#4125=CARTESIAN_POINT('Ctrl Pts',(0.377326146408014,95.,41.961558701568));
#4126=CARTESIAN_POINT('Ctrl Pts',(1.13061772210749,95.0883242686235,41.9814504369612));
#4127=CARTESIAN_POINT('Ctrl Pts',(3.26893049702079,95.8303673190954,42.152849286738));
#4128=CARTESIAN_POINT('Ctrl Pts',(5.04410908718006,98.0468635223633,42.5377583368562));
#4129=CARTESIAN_POINT('Ctrl Pts',(5.03970808507119,101.168982419799,42.5341619337406));
#4130=CARTESIAN_POINT('Ctrl Pts',(4.03368190391232,103.227919754809,42.3214801036601));
#4131=CARTESIAN_POINT('Ctrl Pts',(2.25865484607169,104.64970014798,42.0482429617361));
#4132=CARTESIAN_POINT('Ctrl Pts',(0.754576678184509,105.,41.961558701568));
#4133=CARTESIAN_POINT('Ctrl Pts',(-1.58519110922269E-15,105.,41.961558701568));
#4134=CARTESIAN_POINT('',(-9.71445146547012E-16,105.,41.961558701568));
#4135=CARTESIAN_POINT('',(-4.5102810375397E-16,102.272542101626,40.0985490381221));
#4136=CARTESIAN_POINT('Ctrl Pts',(-1.66533453693773E-15,105.,41.961558701568));
#4137=CARTESIAN_POINT('Ctrl Pts',(-1.75785312232316E-15,105.,41.4063974866098));
#4138=CARTESIAN_POINT('Ctrl Pts',(-1.75785312232316E-15,104.753993805863,
40.8560981815568));
#4139=CARTESIAN_POINT('Ctrl Pts',(-1.66533453693773E-15,104.344578905875,
40.4825007700799));
#4140=CARTESIAN_POINT('Ctrl Pts',(-1.31549863594908E-15,104.071635639216,
40.2334358290954));
#4141=CARTESIAN_POINT('Ctrl Pts',(-1.22587125635694E-15,103.726066281068,
40.0629050630335));
#4142=CARTESIAN_POINT('Ctrl Pts',(-1.11022302462516E-15,103.362482122357,
39.9955286643992));
#4143=CARTESIAN_POINT('Ctrl Pts',(-1.15214550862793E-15,102.998897963646,
39.9281522657648));
#4144=CARTESIAN_POINT('Ctrl Pts',(-9.94574792893369E-16,102.617299004372,
39.963930234558));
#4145=CARTESIAN_POINT('Ctrl Pts',(-8.32667268468867E-16,102.272542101626,
40.0985490381221));
#4146=CARTESIAN_POINT('',(-2.08166817117217E-16,95.,41.961558701568));
#4147=CARTESIAN_POINT('Ctrl Pts',(5.89805981832114E-15,105.,41.961558701568));
#4148=CARTESIAN_POINT('Ctrl Pts',(0.0891999374613377,105.,41.961558701568));
#4149=CARTESIAN_POINT('Ctrl Pts',(0.178397200351474,104.997552021816,41.9621185978835));
#4150=CARTESIAN_POINT('Ctrl Pts',(0.267440347477462,104.992695771433,41.9632343587343));
#4151=CARTESIAN_POINT('Ctrl Pts',(0.582800733771322,104.975496592763,41.9671860022268));
#4152=CARTESIAN_POINT('Ctrl Pts',(0.895977124628061,104.928113425627,41.9784334790783));
#4153=CARTESIAN_POINT('Ctrl Pts',(1.20134617444689,104.852479424364,41.9955360550319));
#4154=CARTESIAN_POINT('Ctrl Pts',(1.50671522426572,104.7768454231,42.0126386309855));
#4155=CARTESIAN_POINT('Ctrl Pts',(1.80427831516812,104.672960848113,42.0355963954274));
#4156=CARTESIAN_POINT('Ctrl Pts',(2.088417669818,104.542698700938,42.0629764815961));
#4157=CARTESIAN_POINT('Ctrl Pts',(2.11860145661438,104.528861107469,42.0658850356907));
#4158=CARTESIAN_POINT('Ctrl Pts',(2.14863475743455,104.514725334963,42.0688408598046));
#4159=CARTESIAN_POINT('Ctrl Pts',(2.17851060377294,104.500293630691,42.0718423758307));
#4160=CARTESIAN_POINT('Ctrl Pts',(2.42043665913464,104.383429818801,42.0961477937953));
#4161=CARTESIAN_POINT('Ctrl Pts',(2.65203766687378,104.247156688641,42.123450552864));
#4162=CARTESIAN_POINT('Ctrl Pts',(2.87099821385294,104.0935104622,42.1522280693177));
#4163=CARTESIAN_POINT('Ctrl Pts',(3.0901657167244,103.939719013287,42.1810327855417));
#4164=CARTESIAN_POINT('Ctrl Pts',(3.29666694628778,103.768522468348,42.2113146448774));
#4165=CARTESIAN_POINT('Ctrl Pts',(3.48820172831124,103.582007510633,42.2415352418117));
#4166=CARTESIAN_POINT('Ctrl Pts',(3.55337910174405,103.518538333278,42.2518190091303));
#4167=CARTESIAN_POINT('Ctrl Pts',(3.61682370970207,103.453295642217,42.2620956149283));
#4168=CARTESIAN_POINT('Ctrl Pts',(3.67844601586908,103.386362500051,42.272304301577));
#4169=CARTESIAN_POINT('Ctrl Pts',(3.75717300455725,103.300850531189,42.2853466430325));
#4170=CARTESIAN_POINT('Ctrl Pts',(3.8329384049736,103.212565873416,42.298290998769));
#4171=CARTESIAN_POINT('Ctrl Pts',(3.90556067023896,103.121670380066,42.3109993444776));
#4172=CARTESIAN_POINT('Ctrl Pts',(4.08000299667325,102.903334842548,42.3415254287636));
#4173=CARTESIAN_POINT('Ctrl Pts',(4.23631339662777,102.669935707183,42.3706894076158));
#4174=CARTESIAN_POINT('Ctrl Pts',(4.3724258076625,102.4245480275,42.3970678453039));
#4175=CARTESIAN_POINT('Ctrl Pts',(4.48563001748919,102.22045996405,42.4190066984345));
#4176=CARTESIAN_POINT('Ctrl Pts',(4.58486209634075,102.008078180766,42.439019169367));
#4177=CARTESIAN_POINT('Ctrl Pts',(4.66890573328923,101.789175016175,42.4562862772048));
#4178=CARTESIAN_POINT('Ctrl Pts',(4.7521851085128,101.572262475934,42.4733963643554));
#4179=CARTESIAN_POINT('Ctrl Pts',(4.82043758897888,101.349241791297,42.4879046080506));
#4180=CARTESIAN_POINT('Ctrl Pts',(4.87258963448873,101.121864055193,42.4990453468015));
#4181=CARTESIAN_POINT('Ctrl Pts',(4.93529777046916,100.84846281359,42.5124410814017));
#4182=CARTESIAN_POINT('Ctrl Pts',(4.97473003463974,100.568763187164,42.5209693575171));
#4183=CARTESIAN_POINT('Ctrl Pts',(4.99088481372747,100.28769463802,42.5244897848559));
#4184=CARTESIAN_POINT('Ctrl Pts',(4.99639126328027,100.191890803234,42.5256897428027));
#4185=CARTESIAN_POINT('Ctrl Pts',(4.99919292150489,100.095927618013,42.5263078157046));
#4186=CARTESIAN_POINT('Ctrl Pts',(4.99928872078459,99.9999994944311,42.5263382090725));
#4187=CARTESIAN_POINT('Ctrl Pts',(4.99957369521591,99.714641790793,42.5264286203237));
#4188=CARTESIAN_POINT('Ctrl Pts',(4.9759182405012,99.428937368315,42.5211277491176));
#4189=CARTESIAN_POINT('Ctrl Pts',(4.92794559024098,99.1480633672274,42.5107208766619));
#4190=CARTESIAN_POINT('Ctrl Pts',(4.91239076921239,99.0569917921778,42.507346515695));
#4191=CARTESIAN_POINT('Ctrl Pts',(4.89427907126532,98.9664279746544,42.5034353313763));
#4192=CARTESIAN_POINT('Ctrl Pts',(4.87359620774731,98.8765486416355,42.4989973135342));
#4193=CARTESIAN_POINT('Ctrl Pts',(4.84427337990201,98.749123529215,42.49270537852));
#4194=CARTESIAN_POINT('Ctrl Pts',(4.80978263658617,98.6230741672991,42.4853542642515));
#4195=CARTESIAN_POINT('Ctrl Pts',(4.77032280698875,98.4986757631138,42.4771388540832));
#4196=CARTESIAN_POINT('Ctrl Pts',(4.70650343495197,98.2974831041874,42.4638518651804));
#4197=CARTESIAN_POINT('Ctrl Pts',(4.62981124874542,98.1010160641805,42.4479156376997));
#4198=CARTESIAN_POINT('Ctrl Pts',(4.54130843332369,97.910528835278,42.4300430235432));
#4199=CARTESIAN_POINT('Ctrl Pts',(4.45129234627685,97.716784547071,42.4118648132343));
#4200=CARTESIAN_POINT('Ctrl Pts',(4.34905915735389,97.5292267647382,42.3916836268465));
#4201=CARTESIAN_POINT('Ctrl Pts',(4.23575711396641,97.3491317663833,42.3702511911589));
#4202=CARTESIAN_POINT('Ctrl Pts',(4.19091763812744,97.2778588653303,42.3617692683846));
#4203=CARTESIAN_POINT('Ctrl Pts',(4.14434482779904,97.2077542719097,42.3530913771417));
#4204=CARTESIAN_POINT('Ctrl Pts',(4.09611073545507,97.1388950165387,42.3442640619887));
#4205=CARTESIAN_POINT('Ctrl Pts',(3.98010991729827,96.9732916108864,42.3230347668966));
#4206=CARTESIAN_POINT('Ctrl Pts',(3.85442341066857,96.8147723891173,42.3009269715792));
#4207=CARTESIAN_POINT('Ctrl Pts',(3.7198852389183,96.6642891300929,42.2785029115482));
#4208=CARTESIAN_POINT('Ctrl Pts',(3.5855494828953,96.5140322765408,42.2561125890235));
#4209=CARTESIAN_POINT('Ctrl Pts',(3.44238809650906,96.3717865189176,42.2334065332022));
#4210=CARTESIAN_POINT('Ctrl Pts',(3.29119104263112,96.2385314598854,42.2109407207219));
#4211=CARTESIAN_POINT('Ctrl Pts',(3.14342494522063,96.1083002184137,42.1889847014065));
#4212=CARTESIAN_POINT('Ctrl Pts',(2.98798314758158,95.9866557566183,42.1672577584093));
#4213=CARTESIAN_POINT('Ctrl Pts',(2.82557329241833,95.874551968865,42.1462812629644));
#4214=CARTESIAN_POINT('Ctrl Pts',(2.78364543272877,95.8456111642638,42.1408659539186));
#4215=CARTESIAN_POINT('Ctrl Pts',(2.74125304014358,95.817306448068,42.1355006893272));
#4216=CARTESIAN_POINT('Ctrl Pts',(2.69840802733843,95.7896547378816,42.1301945146803));
#4217=CARTESIAN_POINT('Ctrl Pts',(2.53177832801209,95.6821137231277,42.1095581271968));
#4218=CARTESIAN_POINT('Ctrl Pts',(2.35845401616729,95.5845487191241,42.0899881971526));
#4219=CARTESIAN_POINT('Ctrl Pts',(2.1792801068376,95.4979710368216,42.0719790361272));
#4220=CARTESIAN_POINT('Ctrl Pts',(1.93724991820965,95.381020902413,42.0476520531623));
#4221=CARTESIAN_POINT('Ctrl Pts',(1.68454824312262,95.2841215923932,42.0261740681693));
#4222=CARTESIAN_POINT('Ctrl Pts',(1.42512359419653,95.2077119166146,42.0088905490364));
#4223=CARTESIAN_POINT('Ctrl Pts',(1.32451358906985,95.1780787344801,42.0021876587915));
#4224=CARTESIAN_POINT('Ctrl Pts',(1.22289219723997,95.1515268189137,41.9961153572152));
#4225=CARTESIAN_POINT('Ctrl Pts',(1.12048836178427,95.1280802884111,41.9907512705476));
#4226=CARTESIAN_POINT('Ctrl Pts',(1.08124480654487,95.1190950271574,41.9886956265328));
#4227=CARTESIAN_POINT('Ctrl Pts',(1.04188632996086,95.1105658177714,41.9867439877481));
#4228=CARTESIAN_POINT('Ctrl Pts',(1.00242457123463,95.1024979841475,41.9848965527999));
#4229=CARTESIAN_POINT('Ctrl Pts',(0.82699770671546,95.0666325082594,41.9766837987098));
#4230=CARTESIAN_POINT('Ctrl Pts',(0.64938430684836,95.0398594656004,41.9705908946137));
#4231=CARTESIAN_POINT('Ctrl Pts',(0.470718784933425,95.0226918853139,41.9666950248505));
#4232=CARTESIAN_POINT('Ctrl Pts',(0.314362877534416,95.0076679872234,41.9632856247301));
#4233=CARTESIAN_POINT('Ctrl Pts',(0.157201859559791,95.,41.961558701568));
#4234=CARTESIAN_POINT('Ctrl Pts',(-7.95852592804175E-16,95.,41.961558701568));
#4235=CARTESIAN_POINT('',(1.73472347597681E-17,97.7274578983741,40.0985490381221));
#4236=CARTESIAN_POINT('Ctrl Pts',(3.46944695195361E-17,97.7274578983741,
40.0985490381221));
#4237=CARTESIAN_POINT('Ctrl Pts',(-1.30302891201518E-16,97.3827009956282,
39.963930234558));
#4238=CARTESIAN_POINT('Ctrl Pts',(-2.94572370448826E-16,97.0011020363542,
39.9281522657648));
#4239=CARTESIAN_POINT('Ctrl Pts',(-4.34633911957545E-16,96.6375178776431,
39.9955286643992));
#4240=CARTESIAN_POINT('Ctrl Pts',(-5.74695453466265E-16,96.2739337189319,
40.0629050630335));
#4241=CARTESIAN_POINT('Ctrl Pts',(-6.90549057236395E-16,95.9283643607836,
40.2334358290954));
#4242=CARTESIAN_POINT('Ctrl Pts',(-7.63508356276577E-16,95.6554210941249,
40.4825007700799));
#4243=CARTESIAN_POINT('Ctrl Pts',(-8.7294730483685E-16,95.2460061941367,
40.8560981815568));
#4244=CARTESIAN_POINT('Ctrl Pts',(-8.85874067754737E-16,95.,41.4063974866098));
#4245=CARTESIAN_POINT('Ctrl Pts',(-7.95852592804175E-16,95.,41.961558701568));
#4246=CARTESIAN_POINT('Ctrl Pts',(3.46944695195361E-17,97.7274578983741,
40.0985490381221));
#4247=CARTESIAN_POINT('Ctrl Pts',(0.226395687844808,97.7274578983741,40.0985490381221));
#4248=CARTESIAN_POINT('Ctrl Pts',(0.678370633264426,97.7676020221825,40.1136173068405));
#4249=CARTESIAN_POINT('Ctrl Pts',(1.96135829821261,98.1048668368659,40.2434543409365));
#4250=CARTESIAN_POINT('Ctrl Pts',(3.02646545230814,99.1122830248698,40.5350283481667));
#4251=CARTESIAN_POINT('Ctrl Pts',(3.02382485104277,100.531312353011,40.5323040223352));
#4252=CARTESIAN_POINT('Ctrl Pts',(2.42020914234742,101.467116708695,40.3711945512989));
#4253=CARTESIAN_POINT('Ctrl Pts',(1.35519290764295,102.113327869244,40.1642135817155));
#4254=CARTESIAN_POINT('Ctrl Pts',(0.452746006910697,102.272542101626,40.0985490381221));
#4255=CARTESIAN_POINT('Ctrl Pts',(-9.0205620750794E-16,102.272542101626,
40.0985490381221));
#4256=CARTESIAN_POINT('Origin',(0.,100.,34.2786));
#4257=CARTESIAN_POINT('Origin',(0.,100.,34.2786));
#4258=CARTESIAN_POINT('Origin',(0.,100.,34.2786));
#4259=CARTESIAN_POINT('',(0.,105.,34.2786));
#4260=CARTESIAN_POINT('',(0.,95.,34.2786));
#4261=CARTESIAN_POINT('',(0.,102.2479,34.2786));
#4262=CARTESIAN_POINT('Origin',(0.,100.,34.2786));
#4263=CARTESIAN_POINT('Origin',(0.,100.,34.2786));
#4264=CARTESIAN_POINT('',(-5.,99.9999999999999,184.2786));
#4265=CARTESIAN_POINT('Origin',(0.,99.9999999999999,184.2786));
#4266=CARTESIAN_POINT('',(-5.,100.,34.2786));
#4267=CARTESIAN_POINT('Origin',(0.,99.9999999999999,184.2786));
#4268=CARTESIAN_POINT('Origin',(0.,100.,34.2786));
#4269=CARTESIAN_POINT('',(-5.,102.2479,34.2786));
#4270=CARTESIAN_POINT('Origin',(-5.,100.,34.2786));
#4271=CARTESIAN_POINT('',(0.,102.2479,34.2786));
#4272=CARTESIAN_POINT('Origin',(-5.,100.,34.2786));
#4273=CARTESIAN_POINT('',(0.,0.,0.));
#4274=CARTESIAN_POINT('',(0.,0.,0.));
#4275=CARTESIAN_POINT('',(-2.22044604925031E-14,-3.5527136788005E-14,19.2786));
#4276=CARTESIAN_POINT('',(0.,0.,0.));
#4277=UNCERTAINTY_MEASURE_WITH_UNIT(LENGTH_MEASURE(0.01),#4297,
'DISTANCE_ACCURACY_VALUE',
'Maximum model space distance between geometric entities at asserted c
onnectivities');
#4278=UNCERTAINTY_MEASURE_WITH_UNIT(LENGTH_MEASURE(0.01),#4297,
'DISTANCE_ACCURACY_VALUE',
'Maximum model space distance between geometric entities at asserted c
onnectivities');
#4279=UNCERTAINTY_MEASURE_WITH_UNIT(LENGTH_MEASURE(0.01),#4297,
'DISTANCE_ACCURACY_VALUE',
'Maximum model space distance between geometric entities at asserted c
onnectivities');
#4280=UNCERTAINTY_MEASURE_WITH_UNIT(LENGTH_MEASURE(0.01),#4297,
'DISTANCE_ACCURACY_VALUE',
'Maximum model space distance between geometric entities at asserted c
onnectivities');
#4281=UNCERTAINTY_MEASURE_WITH_UNIT(LENGTH_MEASURE(0.01),#4297,
'DISTANCE_ACCURACY_VALUE',
'Maximum model space distance between geometric entities at asserted c
onnectivities');
#4282=UNCERTAINTY_MEASURE_WITH_UNIT(LENGTH_MEASURE(0.01),#4297,
'DISTANCE_ACCURACY_VALUE',
'Maximum model space distance between geometric entities at asserted c
onnectivities');
#4283=UNCERTAINTY_MEASURE_WITH_UNIT(LENGTH_MEASURE(0.01),#4297,
'DISTANCE_ACCURACY_VALUE',
'Maximum model space distance between geometric entities at asserted c
onnectivities');
#4284=UNCERTAINTY_MEASURE_WITH_UNIT(LENGTH_MEASURE(0.01),#4297,
'DISTANCE_ACCURACY_VALUE',
'Maximum model space distance between geometric entities at asserted c
onnectivities');
#4285=UNCERTAINTY_MEASURE_WITH_UNIT(LENGTH_MEASURE(0.01),#4297,
'DISTANCE_ACCURACY_VALUE',
'Maximum model space distance between geometric entities at asserted c
onnectivities');
#4286=UNCERTAINTY_MEASURE_WITH_UNIT(LENGTH_MEASURE(0.01),#4297,
'DISTANCE_ACCURACY_VALUE',
'Maximum model space distance between geometric entities at asserted c
onnectivities');
#4287=(
GEOMETRIC_REPRESENTATION_CONTEXT(3)
GLOBAL_UNCERTAINTY_ASSIGNED_CONTEXT((#4277))
GLOBAL_UNIT_ASSIGNED_CONTEXT((#4297,#4299,#4300))
REPRESENTATION_CONTEXT('','3D')
);
#4288=(
GEOMETRIC_REPRESENTATION_CONTEXT(3)
GLOBAL_UNCERTAINTY_ASSIGNED_CONTEXT((#4278))
GLOBAL_UNIT_ASSIGNED_CONTEXT((#4297,#4299,#4300))
REPRESENTATION_CONTEXT('','3D')
);
#4289=(
GEOMETRIC_REPRESENTATION_CONTEXT(3)
GLOBAL_UNCERTAINTY_ASSIGNED_CONTEXT((#4279))
GLOBAL_UNIT_ASSIGNED_CONTEXT((#4297,#4299,#4300))
REPRESENTATION_CONTEXT('','3D')
);
#4290=(
GEOMETRIC_REPRESENTATION_CONTEXT(3)
GLOBAL_UNCERTAINTY_ASSIGNED_CONTEXT((#4280))
GLOBAL_UNIT_ASSIGNED_CONTEXT((#4297,#4299,#4300))
REPRESENTATION_CONTEXT('','3D')
);
#4291=(
GEOMETRIC_REPRESENTATION_CONTEXT(3)
GLOBAL_UNCERTAINTY_ASSIGNED_CONTEXT((#4281))
GLOBAL_UNIT_ASSIGNED_CONTEXT((#4297,#4299,#4300))
REPRESENTATION_CONTEXT('','3D')
);
#4292=(
GEOMETRIC_REPRESENTATION_CONTEXT(3)
GLOBAL_UNCERTAINTY_ASSIGNED_CONTEXT((#4282))
GLOBAL_UNIT_ASSIGNED_CONTEXT((#4297,#4299,#4300))
REPRESENTATION_CONTEXT('','3D')
);
#4293=(
GEOMETRIC_REPRESENTATION_CONTEXT(3)
GLOBAL_UNCERTAINTY_ASSIGNED_CONTEXT((#4283))
GLOBAL_UNIT_ASSIGNED_CONTEXT((#4297,#4299,#4300))
REPRESENTATION_CONTEXT('','3D')
);
#4294=(
GEOMETRIC_REPRESENTATION_CONTEXT(3)
GLOBAL_UNCERTAINTY_ASSIGNED_CONTEXT((#4284))
GLOBAL_UNIT_ASSIGNED_CONTEXT((#4297,#4299,#4300))
REPRESENTATION_CONTEXT('','3D')
);
#4295=(
GEOMETRIC_REPRESENTATION_CONTEXT(3)
GLOBAL_UNCERTAINTY_ASSIGNED_CONTEXT((#4285))
GLOBAL_UNIT_ASSIGNED_CONTEXT((#4297,#4299,#4300))
REPRESENTATION_CONTEXT('','3D')
);
#4296=(
GEOMETRIC_REPRESENTATION_CONTEXT(3)
GLOBAL_UNCERTAINTY_ASSIGNED_CONTEXT((#4286))
GLOBAL_UNIT_ASSIGNED_CONTEXT((#4297,#4299,#4300))
REPRESENTATION_CONTEXT('','3D')
);
#4297=(
LENGTH_UNIT()
NAMED_UNIT(*)
SI_UNIT(.MILLI.,.METRE.)
);
#4298=(
LENGTH_UNIT()
NAMED_UNIT(*)
SI_UNIT($,.METRE.)
);
#4299=(
NAMED_UNIT(*)
PLANE_ANGLE_UNIT()
SI_UNIT($,.RADIAN.)
);
#4300=(
NAMED_UNIT(*)
SI_UNIT($,.STERADIAN.)
SOLID_ANGLE_UNIT()
);
#4301=SHAPE_DEFINITION_REPRESENTATION(#4310,#4327);
#4302=SHAPE_DEFINITION_REPRESENTATION(#4311,#4328);
#4303=SHAPE_DEFINITION_REPRESENTATION(#4312,#4329);
#4304=SHAPE_DEFINITION_REPRESENTATION(#4313,#4330);
#4305=SHAPE_DEFINITION_REPRESENTATION(#4316,#4331);
#4306=SHAPE_DEFINITION_REPRESENTATION(#4317,#4332);
#4307=SHAPE_DEFINITION_REPRESENTATION(#4318,#4333);
#4308=SHAPE_DEFINITION_REPRESENTATION(#4321,#4334);
#4309=SHAPE_DEFINITION_REPRESENTATION(#4322,#4335);
#4310=PRODUCT_DEFINITION_SHAPE('',$,#4337);
#4311=PRODUCT_DEFINITION_SHAPE('',$,#4338);
#4312=PRODUCT_DEFINITION_SHAPE('',$,#4339);
#4313=PRODUCT_DEFINITION_SHAPE('',$,#4340);
#4314=PRODUCT_DEFINITION_SHAPE($,$,#40);
#4315=PRODUCT_DEFINITION_SHAPE($,$,#41);
#4316=PRODUCT_DEFINITION_SHAPE('',$,#4341);
#4317=PRODUCT_DEFINITION_SHAPE('',$,#4342);
#4318=PRODUCT_DEFINITION_SHAPE('',$,#4343);
#4319=PRODUCT_DEFINITION_SHAPE($,$,#42);
#4320=PRODUCT_DEFINITION_SHAPE($,$,#43);
#4321=PRODUCT_DEFINITION_SHAPE('',$,#4344);
#4322=PRODUCT_DEFINITION_SHAPE('',$,#4345);
#4323=PRODUCT_DEFINITION_SHAPE($,$,#44);
#4324=PRODUCT_DEFINITION_SHAPE($,$,#45);
#4325=PRODUCT_DEFINITION_SHAPE($,$,#46);
#4326=PRODUCT_DEFINITION_SHAPE($,$,#47);
#4327=SHAPE_REPRESENTATION('',(#2231,#2473,#2474,#2475,#2476),#4287);
#4328=SHAPE_REPRESENTATION('',(#2232,#2381,#2382),#4288);
#4329=SHAPE_REPRESENTATION('',(#2233),#4289);
#4330=SHAPE_REPRESENTATION('',(#2307),#4290);
#4331=SHAPE_REPRESENTATION('',(#2383,#2418,#2419),#4291);
#4332=SHAPE_REPRESENTATION('',(#2384),#4292);
#4333=SHAPE_REPRESENTATION('',(#2401),#4293);
#4334=SHAPE_REPRESENTATION('',(#2420),#4294);
#4335=SHAPE_REPRESENTATION('',(#2455),#4295);
#4336=PRODUCT_DEFINITION_CONTEXT('part definition',#4365,'design');
#4337=PRODUCT_DEFINITION('haptic_pantograph','haptic_pantograph',#4346,
#4336);
#4338=PRODUCT_DEFINITION('drum_arms','drum_arms',#4347,#4336);
#4339=PRODUCT_DEFINITION('Component3','Component3',#4348,#4336);
#4340=PRODUCT_DEFINITION('Component4','Component4',#4349,#4336);
#4341=PRODUCT_DEFINITION('forearms','forearms',#4350,#4336);
#4342=PRODUCT_DEFINITION('Component5','Component5',#4351,#4336);
#4343=PRODUCT_DEFINITION('Component6','Component6',#4352,#4336);
#4344=PRODUCT_DEFINITION('Component8','Component8',#4353,#4336);
#4345=PRODUCT_DEFINITION('pen','pen',#4354,#4336);
#4346=PRODUCT_DEFINITION_FORMATION('',$,#4367);
#4347=PRODUCT_DEFINITION_FORMATION('',$,#4368);
#4348=PRODUCT_DEFINITION_FORMATION('',$,#4369);
#4349=PRODUCT_DEFINITION_FORMATION('',$,#4370);
#4350=PRODUCT_DEFINITION_FORMATION('',$,#4371);
#4351=PRODUCT_DEFINITION_FORMATION('',$,#4372);
#4352=PRODUCT_DEFINITION_FORMATION('',$,#4373);
#4353=PRODUCT_DEFINITION_FORMATION('',$,#4374);
#4354=PRODUCT_DEFINITION_FORMATION('',$,#4375);
#4355=PRODUCT_RELATED_PRODUCT_CATEGORY('haptic_pantograph',
'haptic_pantograph',(#4367));
#4356=PRODUCT_RELATED_PRODUCT_CATEGORY('drum_arms','drum_arms',(#4368));
#4357=PRODUCT_RELATED_PRODUCT_CATEGORY('Component3','Component3',(#4369));
#4358=PRODUCT_RELATED_PRODUCT_CATEGORY('Component4','Component4',(#4370));
#4359=PRODUCT_RELATED_PRODUCT_CATEGORY('forearms','forearms',(#4371));
#4360=PRODUCT_RELATED_PRODUCT_CATEGORY('Component5','Component5',(#4372));
#4361=PRODUCT_RELATED_PRODUCT_CATEGORY('Component6','Component6',(#4373));
#4362=PRODUCT_RELATED_PRODUCT_CATEGORY('Component8','Component8',(#4374));
#4363=PRODUCT_RELATED_PRODUCT_CATEGORY('pen','pen',(#4375));
#4364=APPLICATION_PROTOCOL_DEFINITION('international standard',
'automotive_design',2009,#4365);
#4365=APPLICATION_CONTEXT(
'Core Data for Automotive Mechanical Design Process');
#4366=PRODUCT_CONTEXT('part definition',#4365,'mechanical');
#4367=PRODUCT('haptic_pantograph','haptic_pantograph',$,(#4366));
#4368=PRODUCT('drum_arms','drum_arms',$,(#4366));
#4369=PRODUCT('Component3','Component3',$,(#4366));
#4370=PRODUCT('Component4','Component4',$,(#4366));
#4371=PRODUCT('forearms','forearms',$,(#4366));
#4372=PRODUCT('Component5','Component5',$,(#4366));
#4373=PRODUCT('Component6','Component6',$,(#4366));
#4374=PRODUCT('Component8','Component8',$,(#4366));
#4375=PRODUCT('pen','pen',$,(#4366));
#4376=PRESENTATION_STYLE_ASSIGNMENT((#4379));
#4377=PRESENTATION_STYLE_ASSIGNMENT((#4380));
#4378=PRESENTATION_STYLE_ASSIGNMENT((#4381));
#4379=SURFACE_STYLE_USAGE(.BOTH.,#4382);
#4380=SURFACE_STYLE_USAGE(.BOTH.,#4383);
#4381=SURFACE_STYLE_USAGE(.BOTH.,#4384);
#4382=SURFACE_SIDE_STYLE('',(#4385));
#4383=SURFACE_SIDE_STYLE('',(#4386));
#4384=SURFACE_SIDE_STYLE('',(#4387));
#4385=SURFACE_STYLE_FILL_AREA(#4388);
#4386=SURFACE_STYLE_FILL_AREA(#4389);
#4387=SURFACE_STYLE_FILL_AREA(#4390);
#4388=FILL_AREA_STYLE('Steel - Satin',(#4391));
#4389=FILL_AREA_STYLE('Powder Coat - Rough (Blue)',(#4392));
#4390=FILL_AREA_STYLE('Orgasol\X\AE Invent Smooth - PA 12',(#4393));
#4391=FILL_AREA_STYLE_COLOUR('Steel - Satin',#4394);
#4392=FILL_AREA_STYLE_COLOUR('Powder Coat - Rough (Blue)',#4395);
#4393=FILL_AREA_STYLE_COLOUR('Orgasol\X\AE Invent Smooth - PA 12',#4396);
#4394=COLOUR_RGB('Steel - Satin',0.627450980392157,0.627450980392157,0.627450980392157);
#4395=COLOUR_RGB('Powder Coat - Rough (Blue)',0.545098039215686,0.749019607843137,
0.796078431372549);
#4396=COLOUR_RGB('Orgasol\X\AE Invent Smooth - PA 12',0.964705882352941,
0.964705882352941,0.952941176470588);
ENDSEC;
END-ISO-10303-21;
