ISO-10303-21;
HEADER;
/* Generated by software containing ST-Developer
 * from STEP Tools, Inc. (www.steptools.com) 
 */

FILE_DESCRIPTION(
/* description */ (''),
/* implementation_level */ '2;1');

FILE_NAME(
/* name */ 'haptic_pantograph_full_assembly.step',
/* time_stamp */ '2026-06-04T00:21:48-07:00',
/* author */ (''),
/* organization */ (''),
/* preprocessor_version */ 'ST-DEVELOPER v20.1',
/* originating_system */ 'Autodesk Translation Framework v15.8.0.0',
/* authorisation */ '');

FILE_SCHEMA (('AUTOMOTIVE_DESIGN { 1 0 10303 214 3 1 1 }'));
ENDSEC;

DATA;
#10=MECHANICAL_DESIGN_GEOMETRIC_PRESENTATION_REPRESENTATION('',(#100,#101,
#102,#103,#104,#105,#106,#107),#13046);
#11=CONTEXT_DEPENDENT_OVER_RIDING_STYLED_ITEM('',(#13135),#13089,#107,(#67));
#12=MAPPED_ITEM('',#13,#8064);
#13=REPRESENTATION_MAP(#8064,#13080);
#14=TOROIDAL_SURFACE('',#7956,3.96529844840881,1.03470155159119);
#15=(
BOUNDED_CURVE()
B_SPLINE_CURVE(5,(#11878,#11879,#11880,#11881,#11882,#11883,#11884,#11885,
#11886,#11887,#11888,#11889,#11890,#11891),.UNSPECIFIED.,.F.,.F.)
B_SPLINE_CURVE_WITH_KNOTS((6,1,1,1,1,1,1,1,1,6),(0.,0.1,0.2,0.3,0.4,0.5,
0.6,0.7,0.8,0.880695712713056),.UNSPECIFIED.)
CURVE()
GEOMETRIC_REPRESENTATION_ITEM()
RATIONAL_B_SPLINE_CURVE((1.,1.,1.,1.,1.,1.,1.,1.,1.,1.,1.,1.,1.,1.))
REPRESENTATION_ITEM('')
);
#16=(
BOUNDED_CURVE()
B_SPLINE_CURVE(5,(#12346,#12347,#12348,#12349,#12350,#12351,#12352,#12353,
#12354,#12355,#12356,#12357,#12358,#12359,#12360),.UNSPECIFIED.,.F.,.F.)
B_SPLINE_CURVE_WITH_KNOTS((6,1,1,1,1,1,1,1,1,1,6),(0.,0.1,0.2,0.3,0.4,0.5,
0.6,0.7,0.8,0.9,1.),.UNSPECIFIED.)
CURVE()
GEOMETRIC_REPRESENTATION_ITEM()
RATIONAL_B_SPLINE_CURVE((1.,1.,1.,1.,1.,1.,1.,1.,1.,1.,1.,1.,1.,1.,1.))
REPRESENTATION_ITEM('')
);
#17=(
BOUNDED_CURVE()
B_SPLINE_CURVE(2,(#12569,#12570,#12571),.UNSPECIFIED.,.F.,.F.)
B_SPLINE_CURVE_WITH_KNOTS((3,3),(-0.452508105621697,-0.327636379375627),
 .UNSPECIFIED.)
CURVE()
GEOMETRIC_REPRESENTATION_ITEM()
RATIONAL_B_SPLINE_CURVE((1.18216123845396,1.16661056765925,1.14577070031482))
REPRESENTATION_ITEM('')
);
#18=(
BOUNDED_CURVE()
B_SPLINE_CURVE(2,(#12573,#12574,#12575),.UNSPECIFIED.,.F.,.F.)
B_SPLINE_CURVE_WITH_KNOTS((3,3),(1.08737941823921,1.43788517411555),
 .UNSPECIFIED.)
CURVE()
GEOMETRIC_REPRESENTATION_ITEM()
RATIONAL_B_SPLINE_CURVE((1.55851530573336,1.55851530573336,1.50048388935373))
REPRESENTATION_ITEM('')
);
#19=(
BOUNDED_CURVE()
B_SPLINE_CURVE(2,(#12577,#12578,#12579),.UNSPECIFIED.,.F.,.F.)
B_SPLINE_CURVE_WITH_KNOTS((3,3),(0.736873662362859,1.08737941823921),
 .UNSPECIFIED.)
CURVE()
GEOMETRIC_REPRESENTATION_ITEM()
RATIONAL_B_SPLINE_CURVE((1.50048388935373,1.55851530573336,1.55851530573336))
REPRESENTATION_ITEM('')
);
#20=(
BOUNDED_CURVE()
B_SPLINE_CURVE(2,(#12581,#12582,#12583),.UNSPECIFIED.,.F.,.F.)
B_SPLINE_CURVE_WITH_KNOTS((3,3),(-1.31164602453581,-1.18677429828073),
 .UNSPECIFIED.)
CURVE()
GEOMETRIC_REPRESENTATION_ITEM()
RATIONAL_B_SPLINE_CURVE((1.14577070031483,1.16661056766077,1.18216123845622))
REPRESENTATION_ITEM('')
);
#21=(
BOUNDED_CURVE()
B_SPLINE_CURVE(2,(#12604,#12605,#12606),.UNSPECIFIED.,.F.,.F.)
B_SPLINE_CURVE_WITH_KNOTS((3,3),(-0.482864356810783,-0.354949699742833),
 .UNSPECIFIED.)
CURVE()
GEOMETRIC_REPRESENTATION_ITEM()
RATIONAL_B_SPLINE_CURVE((1.19484233965478,1.17912485605604,1.15806143843782))
REPRESENTATION_ITEM('')
);
#22=(
BOUNDED_CURVE()
B_SPLINE_CURVE(2,(#12608,#12609,#12610),.UNSPECIFIED.,.F.,.F.)
B_SPLINE_CURVE_WITH_KNOTS((3,3),(1.14107366548702,1.50163519188244),
 .UNSPECIFIED.)
CURVE()
GEOMETRIC_REPRESENTATION_ITEM()
RATIONAL_B_SPLINE_CURVE((1.59470382681387,1.59470382681387,1.53532492855288))
REPRESENTATION_ITEM('')
);
#23=(
BOUNDED_CURVE()
B_SPLINE_CURVE(2,(#12612,#12613,#12614),.UNSPECIFIED.,.F.,.F.)
B_SPLINE_CURVE_WITH_KNOTS((3,3),(0.780512139091608,1.14107366548702),
 .UNSPECIFIED.)
CURVE()
GEOMETRIC_REPRESENTATION_ITEM()
RATIONAL_B_SPLINE_CURVE((1.53532492855288,1.59470382681387,1.59470382681387))
REPRESENTATION_ITEM('')
);
#24=(
BOUNDED_CURVE()
B_SPLINE_CURVE(2,(#12616,#12617,#12618),.UNSPECIFIED.,.F.,.F.)
B_SPLINE_CURVE_WITH_KNOTS((3,3),(-1.36293813786433,-1.23502348080502),
 .UNSPECIFIED.)
CURVE()
GEOMETRIC_REPRESENTATION_ITEM()
RATIONAL_B_SPLINE_CURVE((1.15806143844017,1.17912485605667,1.19484233965442))
REPRESENTATION_ITEM('')
);
#25=(
BOUNDED_CURVE()
B_SPLINE_CURVE(2,(#12639,#12640,#12641),.UNSPECIFIED.,.F.,.F.)
B_SPLINE_CURVE_WITH_KNOTS((3,3),(-0.48286435681078,-0.354949699742832),
 .UNSPECIFIED.)
CURVE()
GEOMETRIC_REPRESENTATION_ITEM()
RATIONAL_B_SPLINE_CURVE((1.19484233965478,1.17912485605604,1.15806143843782))
REPRESENTATION_ITEM('')
);
#26=(
BOUNDED_CURVE()
B_SPLINE_CURVE(2,(#12643,#12644,#12645),.UNSPECIFIED.,.F.,.F.)
B_SPLINE_CURVE_WITH_KNOTS((3,3),(1.14107366548702,1.50163519188243),
 .UNSPECIFIED.)
CURVE()
GEOMETRIC_REPRESENTATION_ITEM()
RATIONAL_B_SPLINE_CURVE((1.59470382681386,1.59470382681386,1.53532492855287))
REPRESENTATION_ITEM('')
);
#27=(
BOUNDED_CURVE()
B_SPLINE_CURVE(2,(#12647,#12648,#12649),.UNSPECIFIED.,.F.,.F.)
B_SPLINE_CURVE_WITH_KNOTS((3,3),(0.780512139091606,1.14107366548702),
 .UNSPECIFIED.)
CURVE()
GEOMETRIC_REPRESENTATION_ITEM()
RATIONAL_B_SPLINE_CURVE((1.53532492855287,1.59470382681386,1.59470382681386))
REPRESENTATION_ITEM('')
);
#28=(
BOUNDED_CURVE()
B_SPLINE_CURVE(2,(#12651,#12652,#12653),.UNSPECIFIED.,.F.,.F.)
B_SPLINE_CURVE_WITH_KNOTS((3,3),(-1.36293813786433,-1.23502348080502),
 .UNSPECIFIED.)
CURVE()
GEOMETRIC_REPRESENTATION_ITEM()
RATIONAL_B_SPLINE_CURVE((1.15806143844017,1.17912485605667,1.19484233965441))
REPRESENTATION_ITEM('')
);
#29=(
BOUNDED_CURVE()
B_SPLINE_CURVE(2,(#12695,#12696,#12697),.UNSPECIFIED.,.F.,.F.)
B_SPLINE_CURVE_WITH_KNOTS((3,3),(1.18679379625164,1.31166675500603),
 .UNSPECIFIED.)
CURVE()
GEOMETRIC_REPRESENTATION_ITEM()
RATIONAL_B_SPLINE_CURVE((1.18216635544773,1.16661561734111,1.14577565978968))
REPRESENTATION_ITEM('')
);
#30=(
BOUNDED_CURVE()
B_SPLINE_CURVE(2,(#12698,#12699,#12700),.UNSPECIFIED.,.F.,.F.)
B_SPLINE_CURVE_WITH_KNOTS((3,3),(-1.31166675500598,-1.18679379625164),
 .UNSPECIFIED.)
CURVE()
GEOMETRIC_REPRESENTATION_ITEM()
RATIONAL_B_SPLINE_CURVE((1.1457756597897,1.16661561734112,1.18216635544773))
REPRESENTATION_ITEM('')
);
#31=(
BOUNDED_CURVE()
B_SPLINE_CURVE(2,(#12720,#12721,#12722),.UNSPECIFIED.,.F.,.F.)
B_SPLINE_CURVE_WITH_KNOTS((3,3),(0.78051213909161,1.14107366548702),
 .UNSPECIFIED.)
CURVE()
GEOMETRIC_REPRESENTATION_ITEM()
RATIONAL_B_SPLINE_CURVE((1.53532492855288,1.59470382681387,1.59470382681387))
REPRESENTATION_ITEM('')
);
#32=(
BOUNDED_CURVE()
B_SPLINE_CURVE(2,(#12725,#12726,#12727),.UNSPECIFIED.,.F.,.F.)
B_SPLINE_CURVE_WITH_KNOTS((3,3),(0.780512139091608,1.14107366548702),
 .UNSPECIFIED.)
CURVE()
GEOMETRIC_REPRESENTATION_ITEM()
RATIONAL_B_SPLINE_CURVE((1.53532492855288,1.59470382681387,1.59470382681387))
REPRESENTATION_ITEM('')
);
#33=(
BOUNDED_CURVE()
B_SPLINE_CURVE(2,(#12728,#12729,#12730),.UNSPECIFIED.,.F.,.F.)
B_SPLINE_CURVE_WITH_KNOTS((3,3),(1.14107366548702,1.50163519188244),
 .UNSPECIFIED.)
CURVE()
GEOMETRIC_REPRESENTATION_ITEM()
RATIONAL_B_SPLINE_CURVE((1.59470382681387,1.59470382681387,1.53532492855288))
REPRESENTATION_ITEM('')
);
#34=(
BOUNDED_CURVE()
B_SPLINE_CURVE(2,(#12735,#12736,#12737),.UNSPECIFIED.,.F.,.F.)
B_SPLINE_CURVE_WITH_KNOTS((3,3),(0.73687366236286,1.08737941823921),
 .UNSPECIFIED.)
CURVE()
GEOMETRIC_REPRESENTATION_ITEM()
RATIONAL_B_SPLINE_CURVE((1.50048388935373,1.55851530573336,1.55851530573336))
REPRESENTATION_ITEM('')
);
#35=(
BOUNDED_CURVE()
B_SPLINE_CURVE(2,(#12739,#12740,#12741),.UNSPECIFIED.,.F.,.F.)
B_SPLINE_CURVE_WITH_KNOTS((3,3),(1.14107366548702,1.50163519188244),
 .UNSPECIFIED.)
CURVE()
GEOMETRIC_REPRESENTATION_ITEM()
RATIONAL_B_SPLINE_CURVE((1.59470382681387,1.59470382681387,1.53532492855288))
REPRESENTATION_ITEM('')
);
#36=(
BOUNDED_CURVE()
B_SPLINE_CURVE(2,(#12745,#12746,#12747),.UNSPECIFIED.,.F.,.F.)
B_SPLINE_CURVE_WITH_KNOTS((3,3),(1.08737941823921,1.43788517411555),
 .UNSPECIFIED.)
CURVE()
GEOMETRIC_REPRESENTATION_ITEM()
RATIONAL_B_SPLINE_CURVE((1.55851530573336,1.55851530573336,1.50048388935373))
REPRESENTATION_ITEM('')
);
#37=(
BOUNDED_CURVE()
B_SPLINE_CURVE(2,(#12752,#12753,#12754),.UNSPECIFIED.,.F.,.F.)
B_SPLINE_CURVE_WITH_KNOTS((3,3),(-0.482864356810783,-0.354949699742834),
 .UNSPECIFIED.)
CURVE()
GEOMETRIC_REPRESENTATION_ITEM()
RATIONAL_B_SPLINE_CURVE((1.19484233965478,1.17912485605604,1.15806143843782))
REPRESENTATION_ITEM('')
);
#38=(
BOUNDED_CURVE()
B_SPLINE_CURVE(2,(#12757,#12758,#12759),.UNSPECIFIED.,.F.,.F.)
B_SPLINE_CURVE_WITH_KNOTS((3,3),(-1.36293813786433,-1.23502348080502),
 .UNSPECIFIED.)
CURVE()
GEOMETRIC_REPRESENTATION_ITEM()
RATIONAL_B_SPLINE_CURVE((1.15806143844017,1.17912485605667,1.19484233965441))
REPRESENTATION_ITEM('')
);
#39=(
BOUNDED_CURVE()
B_SPLINE_CURVE(2,(#12762,#12763,#12764),.UNSPECIFIED.,.F.,.F.)
B_SPLINE_CURVE_WITH_KNOTS((3,3),(-0.452508105621699,-0.327636379375628),
 .UNSPECIFIED.)
CURVE()
GEOMETRIC_REPRESENTATION_ITEM()
RATIONAL_B_SPLINE_CURVE((1.18216123845396,1.16661056765925,1.14577070031481))
REPRESENTATION_ITEM('')
);
#40=(
BOUNDED_CURVE()
B_SPLINE_CURVE(2,(#12766,#12767,#12768),.UNSPECIFIED.,.F.,.F.)
B_SPLINE_CURVE_WITH_KNOTS((3,3),(-1.3116460245358,-1.18677429828072),
 .UNSPECIFIED.)
CURVE()
GEOMETRIC_REPRESENTATION_ITEM()
RATIONAL_B_SPLINE_CURVE((1.14577070031483,1.16661056766076,1.18216123845621))
REPRESENTATION_ITEM('')
);
#41=(
BOUNDED_SURFACE()
B_SPLINE_SURFACE(2,2,((#11687,#11688,#11689),(#11690,#11691,#11692),(#11693,
#11694,#11695)),.UNSPECIFIED.,.F.,.F.,.F.)
B_SPLINE_SURFACE_WITH_KNOTS((3,3),(3,3),(-1.5707963267949,0.),(1.5707963267949,
3.14159265358979),.UNSPECIFIED.)
GEOMETRIC_REPRESENTATION_ITEM()
RATIONAL_B_SPLINE_SURFACE(((1.,0.707106781186548,1.),(0.707106781186547,
0.5,0.707106781186547),(1.,0.707106781186548,1.)))
REPRESENTATION_ITEM('')
SURFACE()
);
#42=(
BOUNDED_SURFACE()
B_SPLINE_SURFACE(2,2,((#11760,#11761,#11762),(#11763,#11764,#11765),(#11766,
#11767,#11768)),.UNSPECIFIED.,.F.,.F.,.F.)
B_SPLINE_SURFACE_WITH_KNOTS((3,3),(3,3),(-1.5707963267949,0.),(0.,1.5707963267949),
 .UNSPECIFIED.)
GEOMETRIC_REPRESENTATION_ITEM()
RATIONAL_B_SPLINE_SURFACE(((1.,0.707106781186548,1.),(0.70710678118655,
0.500000000000002,0.70710678118655),(1.,0.707106781186548,1.)))
REPRESENTATION_ITEM('')
SURFACE()
);
#43=(
BOUNDED_SURFACE()
B_SPLINE_SURFACE(5,1,((#12315,#12316),(#12317,#12318),(#12319,#12320),(#12321,
#12322),(#12323,#12324),(#12325,#12326),(#12327,#12328),(#12329,#12330),
(#12331,#12332),(#12333,#12334),(#12335,#12336),(#12337,#12338),(#12339,
#12340),(#12341,#12342),(#12343,#12344)),.UNSPECIFIED.,.F.,.F.,.F.)
B_SPLINE_SURFACE_WITH_KNOTS((6,1,1,1,1,1,1,1,1,1,6),(2,2),(0.,0.1,0.2,0.3,
0.4,0.5,0.6,0.7,0.8,0.9,1.),(0.,1.),.UNSPECIFIED.)
GEOMETRIC_REPRESENTATION_ITEM()
RATIONAL_B_SPLINE_SURFACE(((1.,1.),(1.,1.),(1.,1.),(1.,1.),(1.,1.),(1.,
1.),(1.,1.),(1.,1.),(1.,1.),(1.,1.),(1.,1.),(1.,1.),(1.,1.),(1.,1.),(1.,
1.)))
REPRESENTATION_ITEM('')
SURFACE()
);
#44=B_SPLINE_SURFACE_WITH_KNOTS('',3,3,((#10855,#10856,#10857,#10858,#10859),
(#10860,#10861,#10862,#10863,#10864),(#10865,#10866,#10867,#10868,#10869),
(#10870,#10871,#10872,#10873,#10874),(#10875,#10876,#10877,#10878,#10879)),
 .UNSPECIFIED.,.F.,.F.,.F.,(4,1,4),(4,1,4),(0.,0.5,1.),(4.13494141741364,
4.39547382525642,4.74285036904679),.UNSPECIFIED.);
#45=B_SPLINE_SURFACE_WITH_KNOTS('',3,3,((#10902,#10903,#10904,#10905,#10906,
#10907,#10908,#10909),(#10910,#10911,#10912,#10913,#10914,#10915,#10916,
#10917),(#10918,#10919,#10920,#10921,#10922,#10923,#10924,#10925),(#10926,
#10927,#10928,#10929,#10930,#10931,#10932,#10933),(#10934,#10935,#10936,
#10937,#10938,#10939,#10940,#10941)),.UNSPECIFIED.,.F.,.F.,.F.,(4,1,4),
(4,1,1,2,4),(0.,0.5,1.),(-0.562646609746494,-0.337587965847896,-0.225058643898597,
0.,0.00115089755253999),.UNSPECIFIED.);
#46=B_SPLINE_SURFACE_WITH_KNOTS('',3,3,((#10952,#10953,#10954,#10955,#10956),
(#10957,#10958,#10959,#10960,#10961),(#10962,#10963,#10964,#10965,#10966),
(#10967,#10968,#10969,#10970,#10971),(#10972,#10973,#10974,#10975,#10976)),
 .UNSPECIFIED.,.F.,.F.,.F.,(4,1,4),(4,1,4),(0.,0.5,1.),(4.69665734151364,
5.04406609628327,5.30462266236049),.UNSPECIFIED.);
#47=B_SPLINE_SURFACE_WITH_KNOTS('',3,3,((#10999,#11000,#11001,#11002,#11003,
#11004,#11005,#11006),(#11007,#11008,#11009,#11010,#11011,#11012,#11013,
#11014),(#11015,#11016,#11017,#11018,#11019,#11020,#11021,#11022),(#11023,
#11024,#11025,#11026,#11027,#11028,#11029,#11030)),.UNSPECIFIED.,.F.,.F.,
 .F.,(4,4),(4,2,1,1,4),(0.,1.),(-2.6184210512047,-2.61727015365468,-2.39221150975662,
-2.27968218780759,-2.05462354390952),.UNSPECIFIED.);
#48=B_SPLINE_SURFACE_WITH_KNOTS('',3,3,((#11043,#11044,#11045,#11046,#11047,
#11048,#11049,#11050,#11051,#11052),(#11053,#11054,#11055,#11056,#11057,
#11058,#11059,#11060,#11061,#11062),(#11063,#11064,#11065,#11066,#11067,
#11068,#11069,#11070,#11071,#11072),(#11073,#11074,#11075,#11076,#11077,
#11078,#11079,#11080,#11081,#11082),(#11083,#11084,#11085,#11086,#11087,
#11088,#11089,#11090,#11091,#11092),(#11093,#11094,#11095,#11096,#11097,
#11098,#11099,#11100,#11101,#11102)),.UNSPECIFIED.,.F.,.F.,.F.,(4,1,1,4),
(4,1,1,1,1,1,1,4),(0.,0.285714285714286,0.571428571428571,1.),(1.42610211865614,
1.49401219731968,1.56192227598323,1.8335625906374,1.96938274796448,2.10520290529156,
2.24102306261865,2.37684321994573),.UNSPECIFIED.);
#49=B_SPLINE_SURFACE_WITH_KNOTS('',3,1,((#12266,#12267),(#12268,#12269),
(#12270,#12271),(#12272,#12273),(#12274,#12275),(#12276,#12277),(#12278,
#12279),(#12280,#12281),(#12282,#12283),(#12284,#12285)),.UNSPECIFIED.,
 .F.,.F.,.F.,(4,2,2,2,4),(2,2),(0.,1.75962404299235,3.09364283271753,4.49671462383553,
6.92029264035341),(0.,1.),.UNSPECIFIED.);
#50=ITEM_DEFINED_TRANSFORMATION($,$,#7410,#7558);
#51=ITEM_DEFINED_TRANSFORMATION($,$,#7484,#7559);
#52=ITEM_DEFINED_TRANSFORMATION($,$,#7561,#7595);
#53=ITEM_DEFINED_TRANSFORMATION($,$,#7578,#7596);
#54=ITEM_DEFINED_TRANSFORMATION($,$,#7409,#8059);
#55=ITEM_DEFINED_TRANSFORMATION($,$,#7560,#8060);
#56=ITEM_DEFINED_TRANSFORMATION($,$,#7597,#8061);
#57=ITEM_DEFINED_TRANSFORMATION($,$,#7632,#8062);
#58=ITEM_DEFINED_TRANSFORMATION($,$,#7650,#8063);
#59=(
REPRESENTATION_RELATIONSHIP($,$,#13082,#13081)
REPRESENTATION_RELATIONSHIP_WITH_TRANSFORMATION(#50)
SHAPE_REPRESENTATION_RELATIONSHIP()
);
#60=(
REPRESENTATION_RELATIONSHIP($,$,#13083,#13081)
REPRESENTATION_RELATIONSHIP_WITH_TRANSFORMATION(#51)
SHAPE_REPRESENTATION_RELATIONSHIP()
);
#61=(
REPRESENTATION_RELATIONSHIP($,$,#13085,#13084)
REPRESENTATION_RELATIONSHIP_WITH_TRANSFORMATION(#52)
SHAPE_REPRESENTATION_RELATIONSHIP()
);
#62=(
REPRESENTATION_RELATIONSHIP($,$,#13086,#13084)
REPRESENTATION_RELATIONSHIP_WITH_TRANSFORMATION(#53)
SHAPE_REPRESENTATION_RELATIONSHIP()
);
#63=(
REPRESENTATION_RELATIONSHIP($,$,#13081,#13080)
REPRESENTATION_RELATIONSHIP_WITH_TRANSFORMATION(#54)
SHAPE_REPRESENTATION_RELATIONSHIP()
);
#64=(
REPRESENTATION_RELATIONSHIP($,$,#13084,#13080)
REPRESENTATION_RELATIONSHIP_WITH_TRANSFORMATION(#55)
SHAPE_REPRESENTATION_RELATIONSHIP()
);
#65=(
REPRESENTATION_RELATIONSHIP($,$,#13087,#13080)
REPRESENTATION_RELATIONSHIP_WITH_TRANSFORMATION(#56)
SHAPE_REPRESENTATION_RELATIONSHIP()
);
#66=(
REPRESENTATION_RELATIONSHIP($,$,#13088,#13080)
REPRESENTATION_RELATIONSHIP_WITH_TRANSFORMATION(#57)
SHAPE_REPRESENTATION_RELATIONSHIP()
);
#67=(
REPRESENTATION_RELATIONSHIP($,$,#13089,#13080)
REPRESENTATION_RELATIONSHIP_WITH_TRANSFORMATION(#58)
SHAPE_REPRESENTATION_RELATIONSHIP()
);
#68=CONTEXT_DEPENDENT_SHAPE_REPRESENTATION(#59,#13065);
#69=CONTEXT_DEPENDENT_SHAPE_REPRESENTATION(#60,#13066);
#70=CONTEXT_DEPENDENT_SHAPE_REPRESENTATION(#61,#13070);
#71=CONTEXT_DEPENDENT_SHAPE_REPRESENTATION(#62,#13071);
#72=CONTEXT_DEPENDENT_SHAPE_REPRESENTATION(#63,#13075);
#73=CONTEXT_DEPENDENT_SHAPE_REPRESENTATION(#64,#13076);
#74=CONTEXT_DEPENDENT_SHAPE_REPRESENTATION(#65,#13077);
#75=CONTEXT_DEPENDENT_SHAPE_REPRESENTATION(#66,#13078);
#76=CONTEXT_DEPENDENT_SHAPE_REPRESENTATION(#67,#13079);
#77=NEXT_ASSEMBLY_USAGE_OCCURRENCE('Component3:1','Component3:1',
'Component3:1',#13092,#13093,'Component3:1');
#78=NEXT_ASSEMBLY_USAGE_OCCURRENCE('Component4:1','Component4:1',
'Component4:1',#13092,#13094,'Component4:1');
#79=NEXT_ASSEMBLY_USAGE_OCCURRENCE('Component5:1','Component5:1',
'Component5:1',#13095,#13096,'Component5:1');
#80=NEXT_ASSEMBLY_USAGE_OCCURRENCE('Component6:1','Component6:1',
'Component6:1',#13095,#13097,'Component6:1');
#81=NEXT_ASSEMBLY_USAGE_OCCURRENCE('drum_arms:1','drum_arms:1',
'drum_arms:1',#13091,#13092,'drum_arms:1');
#82=NEXT_ASSEMBLY_USAGE_OCCURRENCE('forearms:1','forearms:1',
'forearms:1',#13091,#13095,'forearms:1');
#83=NEXT_ASSEMBLY_USAGE_OCCURRENCE('Component8:1','Component8:1',
'Component8:1',#13091,#13098,'Component8:1');
#84=NEXT_ASSEMBLY_USAGE_OCCURRENCE('pen:1','pen:1','pen:1',#13091,#13099,
'pen:1');
#85=NEXT_ASSEMBLY_USAGE_OCCURRENCE('Base:1','Base:1','Base:1',#13091,#13100,
'Base:1');
#86=SHAPE_REPRESENTATION_RELATIONSHIP('SRR','None',#13082,#93);
#87=SHAPE_REPRESENTATION_RELATIONSHIP('SRR','None',#13083,#94);
#88=SHAPE_REPRESENTATION_RELATIONSHIP('SRR','None',#13085,#95);
#89=SHAPE_REPRESENTATION_RELATIONSHIP('SRR','None',#13086,#96);
#90=SHAPE_REPRESENTATION_RELATIONSHIP('SRR','None',#13087,#97);
#91=SHAPE_REPRESENTATION_RELATIONSHIP('SRR','None',#13088,#98);
#92=SHAPE_REPRESENTATION_RELATIONSHIP('SRR','None',#13089,#99);
#93=ADVANCED_BREP_SHAPE_REPRESENTATION('',(#108),#13038);
#94=ADVANCED_BREP_SHAPE_REPRESENTATION('',(#109),#13039);
#95=ADVANCED_BREP_SHAPE_REPRESENTATION('',(#110),#13041);
#96=ADVANCED_BREP_SHAPE_REPRESENTATION('',(#111),#13042);
#97=ADVANCED_BREP_SHAPE_REPRESENTATION('',(#112),#13043);
#98=ADVANCED_BREP_SHAPE_REPRESENTATION('',(#113),#13044);
#99=ADVANCED_BREP_SHAPE_REPRESENTATION('',(#114),#13045);
#100=STYLED_ITEM('',(#13136),#108);
#101=STYLED_ITEM('',(#13136),#109);
#102=STYLED_ITEM('',(#13136),#110);
#103=STYLED_ITEM('',(#13136),#111);
#104=STYLED_ITEM('',(#13136),#112);
#105=STYLED_ITEM('',(#13136),#113);
#106=STYLED_ITEM('',(#13135),#114);
#107=STYLED_ITEM('',(#13137),#12);
#108=MANIFOLD_SOLID_BREP('Body1',#7323);
#109=MANIFOLD_SOLID_BREP('Body1',#7324);
#110=MANIFOLD_SOLID_BREP('Body1',#7325);
#111=MANIFOLD_SOLID_BREP('Body1',#7326);
#112=MANIFOLD_SOLID_BREP('Body1',#7327);
#113=MANIFOLD_SOLID_BREP('Body1',#7328);
#114=MANIFOLD_SOLID_BREP('Body1',#7329);
#115=CONICAL_SURFACE('',#7450,49.0724579250334,0.523598775598299);
#116=CONICAL_SURFACE('',#7453,49.0724579250334,0.523598775598301);
#117=CONICAL_SURFACE('',#7524,49.0724579250334,0.523598775598299);
#118=CONICAL_SURFACE('',#7527,49.0724579250334,0.523598775598301);
#119=CONICAL_SURFACE('',#7946,5.38675134594813,0.349065850398862);
#120=CONICAL_SURFACE('',#7958,5.,0.785398163397443);
#121=CONICAL_SURFACE('',#7960,5.,0.785398163397443);
#122=CONICAL_SURFACE('',#7962,5.,0.785398163397443);
#123=CONICAL_SURFACE('',#7963,5.,0.785398163397443);
#124=CONICAL_SURFACE('',#7965,5.,0.785398163397443);
#125=CONICAL_SURFACE('',#7967,5.,0.785398163397443);
#126=CONICAL_SURFACE('',#7972,5.38675134594813,0.349065850398862);
#127=CONICAL_SURFACE('',#7973,5.38675134594813,0.349065850398862);
#128=CONICAL_SURFACE('',#7974,5.38675134594813,0.349065850398862);
#129=CONICAL_SURFACE('',#7975,5.38675134594813,0.349065850398862);
#130=CONICAL_SURFACE('',#7976,5.38675134594813,0.349065850398862);
#131=FACE_BOUND('',#1079,.T.);
#132=FACE_BOUND('',#1093,.T.);
#133=FACE_BOUND('',#1099,.T.);
#134=FACE_BOUND('',#1100,.T.);
#135=FACE_BOUND('',#1101,.T.);
#136=FACE_BOUND('',#1102,.T.);
#137=FACE_BOUND('',#1103,.T.);
#138=FACE_BOUND('',#1105,.T.);
#139=FACE_BOUND('',#1106,.T.);
#140=FACE_BOUND('',#1107,.T.);
#141=FACE_BOUND('',#1108,.T.);
#142=FACE_BOUND('',#1109,.T.);
#143=FACE_BOUND('',#1127,.T.);
#144=FACE_BOUND('',#1141,.T.);
#145=FACE_BOUND('',#1147,.T.);
#146=FACE_BOUND('',#1148,.T.);
#147=FACE_BOUND('',#1149,.T.);
#148=FACE_BOUND('',#1150,.T.);
#149=FACE_BOUND('',#1151,.T.);
#150=FACE_BOUND('',#1153,.T.);
#151=FACE_BOUND('',#1154,.T.);
#152=FACE_BOUND('',#1155,.T.);
#153=FACE_BOUND('',#1156,.T.);
#154=FACE_BOUND('',#1157,.T.);
#155=FACE_BOUND('',#1165,.T.);
#156=FACE_BOUND('',#1166,.T.);
#157=FACE_BOUND('',#1168,.T.);
#158=FACE_BOUND('',#1169,.T.);
#159=FACE_BOUND('',#1177,.T.);
#160=FACE_BOUND('',#1178,.T.);
#161=FACE_BOUND('',#1180,.T.);
#162=FACE_BOUND('',#1181,.T.);
#163=FACE_BOUND('',#1186,.T.);
#164=FACE_BOUND('',#1189,.T.);
#165=FACE_BOUND('',#1200,.T.);
#166=FACE_BOUND('',#1209,.T.);
#167=FACE_BOUND('',#1214,.T.);
#168=FACE_BOUND('',#1227,.T.);
#169=FACE_BOUND('',#1232,.T.);
#170=FACE_BOUND('',#1236,.T.);
#171=FACE_BOUND('',#1237,.T.);
#172=FACE_BOUND('',#1238,.T.);
#173=FACE_BOUND('',#1239,.T.);
#174=FACE_BOUND('',#1245,.T.);
#175=FACE_BOUND('',#1255,.T.);
#176=FACE_BOUND('',#1256,.T.);
#177=FACE_BOUND('',#1257,.T.);
#178=FACE_BOUND('',#1258,.T.);
#179=FACE_BOUND('',#1259,.T.);
#180=FACE_BOUND('',#1260,.T.);
#181=FACE_BOUND('',#1261,.T.);
#182=FACE_BOUND('',#1289,.T.);
#183=FACE_BOUND('',#1315,.T.);
#184=FACE_BOUND('',#1337,.T.);
#185=FACE_BOUND('',#1338,.T.);
#186=FACE_BOUND('',#1339,.T.);
#187=FACE_BOUND('',#1342,.T.);
#188=FACE_BOUND('',#1343,.T.);
#189=FACE_BOUND('',#1344,.T.);
#190=FACE_BOUND('',#1394,.T.);
#191=FACE_BOUND('',#1396,.T.);
#192=FACE_BOUND('',#1397,.T.);
#193=FACE_BOUND('',#1399,.T.);
#194=FACE_BOUND('',#1400,.T.);
#195=FACE_BOUND('',#1409,.T.);
#196=FACE_BOUND('',#1467,.T.);
#197=FACE_BOUND('',#1468,.T.);
#198=FACE_BOUND('',#1469,.T.);
#199=FACE_BOUND('',#1498,.T.);
#200=FACE_BOUND('',#1499,.T.);
#201=FACE_BOUND('',#1500,.T.);
#202=ELLIPSE('',#7435,1.00018682407725,0.999999999999996);
#203=ELLIPSE('',#7509,1.00018682407725,0.999999999999996);
#204=ELLIPSE('',#7599,3.95131269327043,2.794);
#205=ELLIPSE('',#7600,3.95131269327043,2.794);
#206=ELLIPSE('',#7608,2.17624477465094,2.);
#207=ELLIPSE('',#7613,2.17624477465094,2.);
#208=ELLIPSE('',#7620,25.3662719294332,10.);
#209=ELLIPSE('',#7623,25.3662719294331,10.);
#210=ELLIPSE('',#7721,3.53553390593274,2.5);
#211=ELLIPSE('',#7918,3.53553390593274,2.5);
#212=PLANE('',#7414);
#213=PLANE('',#7416);
#214=PLANE('',#7420);
#215=PLANE('',#7424);
#216=PLANE('',#7428);
#217=PLANE('',#7441);
#218=PLANE('',#7442);
#219=PLANE('',#7447);
#220=PLANE('',#7448);
#221=PLANE('',#7449);
#222=PLANE('',#7455);
#223=PLANE('',#7459);
#224=PLANE('',#7463);
#225=PLANE('',#7473);
#226=PLANE('',#7477);
#227=PLANE('',#7481);
#228=PLANE('',#7482);
#229=PLANE('',#7483);
#230=PLANE('',#7488);
#231=PLANE('',#7490);
#232=PLANE('',#7494);
#233=PLANE('',#7498);
#234=PLANE('',#7502);
#235=PLANE('',#7515);
#236=PLANE('',#7516);
#237=PLANE('',#7521);
#238=PLANE('',#7522);
#239=PLANE('',#7523);
#240=PLANE('',#7529);
#241=PLANE('',#7533);
#242=PLANE('',#7537);
#243=PLANE('',#7547);
#244=PLANE('',#7551);
#245=PLANE('',#7555);
#246=PLANE('',#7556);
#247=PLANE('',#7557);
#248=PLANE('',#7571);
#249=PLANE('',#7575);
#250=PLANE('',#7576);
#251=PLANE('',#7577);
#252=PLANE('',#7588);
#253=PLANE('',#7592);
#254=PLANE('',#7593);
#255=PLANE('',#7594);
#256=PLANE('',#7598);
#257=PLANE('',#7601);
#258=PLANE('',#7604);
#259=PLANE('',#7609);
#260=PLANE('',#7614);
#261=PLANE('',#7619);
#262=PLANE('',#7622);
#263=PLANE('',#7625);
#264=PLANE('',#7631);
#265=PLANE('',#7642);
#266=PLANE('',#7646);
#267=PLANE('',#7649);
#268=PLANE('',#7651);
#269=PLANE('',#7653);
#270=PLANE('',#7654);
#271=PLANE('',#7655);
#272=PLANE('',#7656);
#273=PLANE('',#7657);
#274=PLANE('',#7658);
#275=PLANE('',#7659);
#276=PLANE('',#7660);
#277=PLANE('',#7661);
#278=PLANE('',#7665);
#279=PLANE('',#7674);
#280=PLANE('',#7682);
#281=PLANE('',#7690);
#282=PLANE('',#7691);
#283=PLANE('',#7698);
#284=PLANE('',#7705);
#285=PLANE('',#7715);
#286=PLANE('',#7722);
#287=PLANE('',#7727);
#288=PLANE('',#7728);
#289=PLANE('',#7745);
#290=PLANE('',#7748);
#291=PLANE('',#7751);
#292=PLANE('',#7754);
#293=PLANE('',#7759);
#294=PLANE('',#7764);
#295=PLANE('',#7768);
#296=PLANE('',#7770);
#297=PLANE('',#7772);
#298=PLANE('',#7774);
#299=PLANE('',#7776);
#300=PLANE('',#7779);
#301=PLANE('',#7780);
#302=PLANE('',#7786);
#303=PLANE('',#7788);
#304=PLANE('',#7790);
#305=PLANE('',#7791);
#306=PLANE('',#7792);
#307=PLANE('',#7793);
#308=PLANE('',#7795);
#309=PLANE('',#7796);
#310=PLANE('',#7797);
#311=PLANE('',#7799);
#312=PLANE('',#7800);
#313=PLANE('',#7801);
#314=PLANE('',#7803);
#315=PLANE('',#7804);
#316=PLANE('',#7805);
#317=PLANE('',#7806);
#318=PLANE('',#7807);
#319=PLANE('',#7810);
#320=PLANE('',#7811);
#321=PLANE('',#7817);
#322=PLANE('',#7819);
#323=PLANE('',#7821);
#324=PLANE('',#7822);
#325=PLANE('',#7823);
#326=PLANE('',#7824);
#327=PLANE('',#7826);
#328=PLANE('',#7827);
#329=PLANE('',#7830);
#330=PLANE('',#7831);
#331=PLANE('',#7833);
#332=PLANE('',#7834);
#333=PLANE('',#7835);
#334=PLANE('',#7836);
#335=PLANE('',#7837);
#336=PLANE('',#7838);
#337=PLANE('',#7851);
#338=PLANE('',#7852);
#339=PLANE('',#7873);
#340=PLANE('',#7874);
#341=PLANE('',#7875);
#342=PLANE('',#7876);
#343=PLANE('',#7877);
#344=PLANE('',#7878);
#345=PLANE('',#7879);
#346=PLANE('',#7882);
#347=PLANE('',#7883);
#348=PLANE('',#7884);
#349=PLANE('',#7885);
#350=PLANE('',#7886);
#351=PLANE('',#7887);
#352=PLANE('',#7888);
#353=PLANE('',#7889);
#354=PLANE('',#7890);
#355=PLANE('',#7891);
#356=PLANE('',#7892);
#357=PLANE('',#7893);
#358=PLANE('',#7894);
#359=PLANE('',#7895);
#360=PLANE('',#7896);
#361=PLANE('',#7897);
#362=PLANE('',#7898);
#363=PLANE('',#7899);
#364=PLANE('',#7900);
#365=PLANE('',#7901);
#366=PLANE('',#7902);
#367=PLANE('',#7903);
#368=PLANE('',#7904);
#369=PLANE('',#7905);
#370=PLANE('',#7906);
#371=PLANE('',#7914);
#372=PLANE('',#7920);
#373=PLANE('',#7923);
#374=PLANE('',#7924);
#375=PLANE('',#7925);
#376=PLANE('',#7926);
#377=PLANE('',#7927);
#378=PLANE('',#7928);
#379=PLANE('',#7929);
#380=PLANE('',#7930);
#381=PLANE('',#7931);
#382=PLANE('',#7932);
#383=PLANE('',#7933);
#384=PLANE('',#7938);
#385=PLANE('',#7939);
#386=PLANE('',#7941);
#387=PLANE('',#7943);
#388=PLANE('',#7969);
#389=PLANE('',#7970);
#390=PLANE('',#7971);
#391=PLANE('',#7979);
#392=PLANE('',#7983);
#393=PLANE('',#7984);
#394=PLANE('',#7985);
#395=PLANE('',#7988);
#396=PLANE('',#7991);
#397=PLANE('',#7994);
#398=PLANE('',#7997);
#399=PLANE('',#8000);
#400=PLANE('',#8003);
#401=PLANE('',#8006);
#402=PLANE('',#8009);
#403=PLANE('',#8010);
#404=PLANE('',#8011);
#405=PLANE('',#8014);
#406=PLANE('',#8017);
#407=PLANE('',#8018);
#408=PLANE('',#8019);
#409=PLANE('',#8020);
#410=PLANE('',#8021);
#411=PLANE('',#8022);
#412=PLANE('',#8025);
#413=PLANE('',#8026);
#414=PLANE('',#8027);
#415=PLANE('',#8030);
#416=PLANE('',#8033);
#417=PLANE('',#8036);
#418=PLANE('',#8039);
#419=PLANE('',#8042);
#420=PLANE('',#8045);
#421=PLANE('',#8048);
#422=PLANE('',#8051);
#423=PLANE('',#8054);
#424=PLANE('',#8057);
#425=PLANE('',#8058);
#426=CIRCLE('',#7413,3.28854813152145);
#427=CIRCLE('',#7415,0.999999999999996);
#428=CIRCLE('',#7418,1.5);
#429=CIRCLE('',#7419,1.5);
#430=CIRCLE('',#7422,1.49999999999999);
#431=CIRCLE('',#7423,1.49999999999999);
#432=CIRCLE('',#7426,1.49999999999463);
#433=CIRCLE('',#7427,1.49999999999463);
#434=CIRCLE('',#7430,1.49999999999327);
#435=CIRCLE('',#7431,1.49999999999327);
#436=CIRCLE('',#7433,0.999999999999996);
#437=CIRCLE('',#7434,0.999999999999996);
#438=CIRCLE('',#7436,0.999999999999996);
#439=CIRCLE('',#7437,0.999999999999996);
#440=CIRCLE('',#7439,4.99999999972959);
#441=CIRCLE('',#7440,4.99999999972959);
#442=CIRCLE('',#7444,0.999999999999996);
#443=CIRCLE('',#7445,0.999999999999996);
#444=CIRCLE('',#7446,0.999999999999996);
#445=CIRCLE('',#7451,48.1449158500669);
#446=CIRCLE('',#7452,50.);
#447=CIRCLE('',#7454,50.);
#448=CIRCLE('',#7457,2.79399999999999);
#449=CIRCLE('',#7458,2.79399999999999);
#450=CIRCLE('',#7461,13.937);
#451=CIRCLE('',#7462,13.937);
#452=CIRCLE('',#7465,40.);
#453=CIRCLE('',#7466,40.);
#454=CIRCLE('',#7468,3.937);
#455=CIRCLE('',#7469,3.937);
#456=CIRCLE('',#7471,13.9370000000035);
#457=CIRCLE('',#7472,13.9370000000035);
#458=CIRCLE('',#7475,14.999999999716);
#459=CIRCLE('',#7476,14.999999999716);
#460=CIRCLE('',#7479,10.);
#461=CIRCLE('',#7480,10.);
#462=CIRCLE('',#7487,3.28854813152145);
#463=CIRCLE('',#7489,0.999999999999996);
#464=CIRCLE('',#7492,1.5);
#465=CIRCLE('',#7493,1.5);
#466=CIRCLE('',#7496,1.49999999999999);
#467=CIRCLE('',#7497,1.49999999999999);
#468=CIRCLE('',#7500,1.49999999999463);
#469=CIRCLE('',#7501,1.49999999999463);
#470=CIRCLE('',#7504,1.49999999999327);
#471=CIRCLE('',#7505,1.49999999999327);
#472=CIRCLE('',#7507,0.999999999999996);
#473=CIRCLE('',#7508,0.999999999999996);
#474=CIRCLE('',#7510,0.999999999999996);
#475=CIRCLE('',#7511,0.999999999999996);
#476=CIRCLE('',#7513,4.99999999972959);
#477=CIRCLE('',#7514,4.99999999972959);
#478=CIRCLE('',#7518,0.999999999999996);
#479=CIRCLE('',#7519,0.999999999999996);
#480=CIRCLE('',#7520,0.999999999999996);
#481=CIRCLE('',#7525,48.1449158500669);
#482=CIRCLE('',#7526,50.);
#483=CIRCLE('',#7528,50.);
#484=CIRCLE('',#7531,2.79399999999999);
#485=CIRCLE('',#7532,2.79399999999999);
#486=CIRCLE('',#7535,13.937);
#487=CIRCLE('',#7536,13.937);
#488=CIRCLE('',#7539,40.);
#489=CIRCLE('',#7540,40.);
#490=CIRCLE('',#7542,3.937);
#491=CIRCLE('',#7543,3.937);
#492=CIRCLE('',#7545,13.9370000000035);
#493=CIRCLE('',#7546,13.9370000000035);
#494=CIRCLE('',#7549,14.999999999716);
#495=CIRCLE('',#7550,14.999999999716);
#496=CIRCLE('',#7553,10.);
#497=CIRCLE('',#7554,10.);
#498=CIRCLE('',#7563,3.937);
#499=CIRCLE('',#7564,3.937);
#500=CIRCLE('',#7566,3.93699999999999);
#501=CIRCLE('',#7567,3.93699999999999);
#502=CIRCLE('',#7569,10.);
#503=CIRCLE('',#7570,10.);
#504=CIRCLE('',#7573,10.);
#505=CIRCLE('',#7574,10.);
#506=CIRCLE('',#7580,3.937);
#507=CIRCLE('',#7581,3.937);
#508=CIRCLE('',#7583,3.93699999999999);
#509=CIRCLE('',#7584,3.93699999999999);
#510=CIRCLE('',#7586,10.);
#511=CIRCLE('',#7587,10.);
#512=CIRCLE('',#7590,10.);
#513=CIRCLE('',#7591,10.);
#514=CIRCLE('',#7602,2.794);
#515=CIRCLE('',#7605,5.24789999999999);
#516=CIRCLE('',#7606,2.24789999999999);
#517=CIRCLE('',#7610,5.24789999999999);
#518=CIRCLE('',#7611,2.24789999999999);
#519=CIRCLE('',#7615,10.);
#520=CIRCLE('',#7616,10.);
#521=CIRCLE('',#7617,2.794);
#522=CIRCLE('',#7618,2.794);
#523=CIRCLE('',#7626,10.);
#524=CIRCLE('',#7628,2.794);
#525=CIRCLE('',#7630,10.);
#526=CIRCLE('',#7633,1.99999999999999);
#527=CIRCLE('',#7634,6.24790000000001);
#528=CIRCLE('',#7635,2.);
#529=CIRCLE('',#7636,6.24790000000001);
#530=CIRCLE('',#7638,6.24790000000001);
#531=CIRCLE('',#7639,6.24790000000001);
#532=CIRCLE('',#7641,6.24790000000001);
#533=CIRCLE('',#7643,2.24789999999999);
#534=CIRCLE('',#7645,5.);
#535=CIRCLE('',#7648,2.24789999999999);
#536=CIRCLE('',#7652,12.);
#537=CIRCLE('',#7663,5.);
#538=CIRCLE('',#7664,5.);
#539=CIRCLE('',#7666,3.);
#540=CIRCLE('',#7667,1.);
#541=CIRCLE('',#7668,1.);
#542=CIRCLE('',#7669,1.);
#543=CIRCLE('',#7670,2.);
#544=CIRCLE('',#7672,5.);
#545=CIRCLE('',#7673,5.);
#546=CIRCLE('',#7675,5.);
#547=CIRCLE('',#7676,5.);
#548=CIRCLE('',#7677,5.);
#549=CIRCLE('',#7678,5.);
#550=CIRCLE('',#7680,12.);
#551=CIRCLE('',#7681,12.);
#552=CIRCLE('',#7683,3.);
#553=CIRCLE('',#7684,1.);
#554=CIRCLE('',#7685,1.);
#555=CIRCLE('',#7686,1.);
#556=CIRCLE('',#7687,2.);
#557=CIRCLE('',#7689,8.);
#558=CIRCLE('',#7692,5.);
#559=CIRCLE('',#7693,5.);
#560=CIRCLE('',#7694,5.);
#561=CIRCLE('',#7695,8.);
#562=CIRCLE('',#7696,5.);
#563=CIRCLE('',#7699,2.5);
#564=CIRCLE('',#7700,5.);
#565=CIRCLE('',#7701,2.5);
#566=CIRCLE('',#7702,2.5);
#567=CIRCLE('',#7704,5.);
#568=CIRCLE('',#7706,2.5);
#569=CIRCLE('',#7707,0.2);
#570=CIRCLE('',#7708,0.2);
#571=CIRCLE('',#7709,0.2);
#572=CIRCLE('',#7710,0.2);
#573=CIRCLE('',#7711,0.2);
#574=CIRCLE('',#7712,0.2);
#575=CIRCLE('',#7714,2.5);
#576=CIRCLE('',#7716,5.);
#577=CIRCLE('',#7717,2.5);
#578=CIRCLE('',#7719,5.);
#579=CIRCLE('',#7723,30.);
#580=CIRCLE('',#7725,5.);
#581=CIRCLE('',#7726,5.);
#582=CIRCLE('',#7729,5.);
#583=CIRCLE('',#7730,5.);
#584=CIRCLE('',#7731,5.);
#585=CIRCLE('',#7732,5.);
#586=CIRCLE('',#7733,5.);
#587=CIRCLE('',#7734,5.);
#588=CIRCLE('',#7735,5.);
#589=CIRCLE('',#7736,5.);
#590=CIRCLE('',#7737,5.);
#591=CIRCLE('',#7738,2.5);
#592=CIRCLE('',#7739,2.5);
#593=CIRCLE('',#7740,2.5);
#594=CIRCLE('',#7741,2.5);
#595=CIRCLE('',#7742,2.5);
#596=CIRCLE('',#7744,5.);
#597=CIRCLE('',#7747,5.);
#598=CIRCLE('',#7750,5.);
#599=CIRCLE('',#7753,5.);
#600=CIRCLE('',#7756,5.);
#601=CIRCLE('',#7758,5.);
#602=CIRCLE('',#7761,5.);
#603=CIRCLE('',#7763,5.);
#604=CIRCLE('',#7766,5.);
#605=CIRCLE('',#7775,3.);
#606=CIRCLE('',#7778,1.);
#607=CIRCLE('',#7781,3.);
#608=CIRCLE('',#7782,1.);
#609=CIRCLE('',#7783,1.);
#610=CIRCLE('',#7784,2.);
#611=CIRCLE('',#7794,3.);
#612=CIRCLE('',#7809,1.);
#613=CIRCLE('',#7812,3.);
#614=CIRCLE('',#7813,1.);
#615=CIRCLE('',#7814,1.);
#616=CIRCLE('',#7815,2.);
#617=CIRCLE('',#7825,3.);
#618=CIRCLE('',#7829,3.);
#619=CIRCLE('',#7839,10.);
#620=CIRCLE('',#7840,10.);
#621=CIRCLE('',#7841,6.5);
#622=CIRCLE('',#7842,8.5);
#623=CIRCLE('',#7843,1.);
#624=CIRCLE('',#7844,1.);
#625=CIRCLE('',#7845,1.);
#626=CIRCLE('',#7846,1.);
#627=CIRCLE('',#7847,1.);
#628=CIRCLE('',#7848,1.);
#629=CIRCLE('',#7849,1.);
#630=CIRCLE('',#7850,1.);
#631=CIRCLE('',#7853,10.);
#632=CIRCLE('',#7854,10.);
#633=CIRCLE('',#7855,8.5);
#634=CIRCLE('',#7856,6.5);
#635=CIRCLE('',#7857,1.);
#636=CIRCLE('',#7858,1.);
#637=CIRCLE('',#7859,1.);
#638=CIRCLE('',#7860,1.);
#639=CIRCLE('',#7861,1.);
#640=CIRCLE('',#7862,1.);
#641=CIRCLE('',#7863,1.);
#642=CIRCLE('',#7864,1.);
#643=CIRCLE('',#7866,2.5);
#644=CIRCLE('',#7868,2.5);
#645=CIRCLE('',#7870,2.5);
#646=CIRCLE('',#7872,2.5);
#647=CIRCLE('',#7881,2.5);
#648=CIRCLE('',#7907,12.15);
#649=CIRCLE('',#7909,10.);
#650=CIRCLE('',#7911,10.);
#651=CIRCLE('',#7913,10.);
#652=CIRCLE('',#7916,10.);
#653=CIRCLE('',#7922,30.);
#654=CIRCLE('',#7934,3.96529844840882);
#655=CIRCLE('',#7935,3.);
#656=CIRCLE('',#7937,3.);
#657=CIRCLE('',#7947,5.38675134594813);
#658=CIRCLE('',#7949,5.);
#659=CIRCLE('',#7950,5.);
#660=CIRCLE('',#7951,5.);
#661=CIRCLE('',#7952,5.);
#662=CIRCLE('',#7953,5.);
#663=CIRCLE('',#7954,5.);
#664=CIRCLE('',#7955,5.);
#665=CIRCLE('',#7957,1.03470155159119);
#666=CIRCLE('',#7959,5.38675134594813);
#667=CIRCLE('',#7961,5.38675134594813);
#668=CIRCLE('',#7964,5.38675134594813);
#669=CIRCLE('',#7966,5.38675134594813);
#670=CIRCLE('',#7968,5.38675134594813);
#671=CIRCLE('',#7981,12.15);
#672=CIRCLE('',#7982,12.15);
#673=CIRCLE('',#7987,1.);
#674=CIRCLE('',#7990,1.);
#675=CIRCLE('',#7993,1.);
#676=CIRCLE('',#7996,1.);
#677=CIRCLE('',#7999,1.);
#678=CIRCLE('',#8002,1.);
#679=CIRCLE('',#8005,1.);
#680=CIRCLE('',#8008,1.);
#681=CIRCLE('',#8013,8.5);
#682=CIRCLE('',#8016,6.5);
#683=CIRCLE('',#8024,12.15);
#684=CIRCLE('',#8029,1.);
#685=CIRCLE('',#8032,1.);
#686=CIRCLE('',#8035,1.);
#687=CIRCLE('',#8038,1.);
#688=CIRCLE('',#8041,1.);
#689=CIRCLE('',#8044,1.);
#690=CIRCLE('',#8047,1.);
#691=CIRCLE('',#8050,1.);
#692=CIRCLE('',#8053,8.5);
#693=CIRCLE('',#8056,6.5);
#694=FACE_OUTER_BOUND('',#1062,.T.);
#695=FACE_OUTER_BOUND('',#1063,.T.);
#696=FACE_OUTER_BOUND('',#1064,.T.);
#697=FACE_OUTER_BOUND('',#1065,.T.);
#698=FACE_OUTER_BOUND('',#1066,.T.);
#699=FACE_OUTER_BOUND('',#1067,.T.);
#700=FACE_OUTER_BOUND('',#1068,.T.);
#701=FACE_OUTER_BOUND('',#1069,.T.);
#702=FACE_OUTER_BOUND('',#1070,.T.);
#703=FACE_OUTER_BOUND('',#1071,.T.);
#704=FACE_OUTER_BOUND('',#1072,.T.);
#705=FACE_OUTER_BOUND('',#1073,.T.);
#706=FACE_OUTER_BOUND('',#1074,.T.);
#707=FACE_OUTER_BOUND('',#1075,.T.);
#708=FACE_OUTER_BOUND('',#1076,.T.);
#709=FACE_OUTER_BOUND('',#1077,.T.);
#710=FACE_OUTER_BOUND('',#1078,.T.);
#711=FACE_OUTER_BOUND('',#1080,.T.);
#712=FACE_OUTER_BOUND('',#1081,.T.);
#713=FACE_OUTER_BOUND('',#1082,.T.);
#714=FACE_OUTER_BOUND('',#1083,.T.);
#715=FACE_OUTER_BOUND('',#1084,.T.);
#716=FACE_OUTER_BOUND('',#1085,.T.);
#717=FACE_OUTER_BOUND('',#1086,.T.);
#718=FACE_OUTER_BOUND('',#1087,.T.);
#719=FACE_OUTER_BOUND('',#1088,.T.);
#720=FACE_OUTER_BOUND('',#1089,.T.);
#721=FACE_OUTER_BOUND('',#1090,.T.);
#722=FACE_OUTER_BOUND('',#1091,.T.);
#723=FACE_OUTER_BOUND('',#1092,.T.);
#724=FACE_OUTER_BOUND('',#1094,.T.);
#725=FACE_OUTER_BOUND('',#1095,.T.);
#726=FACE_OUTER_BOUND('',#1096,.T.);
#727=FACE_OUTER_BOUND('',#1097,.T.);
#728=FACE_OUTER_BOUND('',#1098,.T.);
#729=FACE_OUTER_BOUND('',#1104,.T.);
#730=FACE_OUTER_BOUND('',#1110,.T.);
#731=FACE_OUTER_BOUND('',#1111,.T.);
#732=FACE_OUTER_BOUND('',#1112,.T.);
#733=FACE_OUTER_BOUND('',#1113,.T.);
#734=FACE_OUTER_BOUND('',#1114,.T.);
#735=FACE_OUTER_BOUND('',#1115,.T.);
#736=FACE_OUTER_BOUND('',#1116,.T.);
#737=FACE_OUTER_BOUND('',#1117,.T.);
#738=FACE_OUTER_BOUND('',#1118,.T.);
#739=FACE_OUTER_BOUND('',#1119,.T.);
#740=FACE_OUTER_BOUND('',#1120,.T.);
#741=FACE_OUTER_BOUND('',#1121,.T.);
#742=FACE_OUTER_BOUND('',#1122,.T.);
#743=FACE_OUTER_BOUND('',#1123,.T.);
#744=FACE_OUTER_BOUND('',#1124,.T.);
#745=FACE_OUTER_BOUND('',#1125,.T.);
#746=FACE_OUTER_BOUND('',#1126,.T.);
#747=FACE_OUTER_BOUND('',#1128,.T.);
#748=FACE_OUTER_BOUND('',#1129,.T.);
#749=FACE_OUTER_BOUND('',#1130,.T.);
#750=FACE_OUTER_BOUND('',#1131,.T.);
#751=FACE_OUTER_BOUND('',#1132,.T.);
#752=FACE_OUTER_BOUND('',#1133,.T.);
#753=FACE_OUTER_BOUND('',#1134,.T.);
#754=FACE_OUTER_BOUND('',#1135,.T.);
#755=FACE_OUTER_BOUND('',#1136,.T.);
#756=FACE_OUTER_BOUND('',#1137,.T.);
#757=FACE_OUTER_BOUND('',#1138,.T.);
#758=FACE_OUTER_BOUND('',#1139,.T.);
#759=FACE_OUTER_BOUND('',#1140,.T.);
#760=FACE_OUTER_BOUND('',#1142,.T.);
#761=FACE_OUTER_BOUND('',#1143,.T.);
#762=FACE_OUTER_BOUND('',#1144,.T.);
#763=FACE_OUTER_BOUND('',#1145,.T.);
#764=FACE_OUTER_BOUND('',#1146,.T.);
#765=FACE_OUTER_BOUND('',#1152,.T.);
#766=FACE_OUTER_BOUND('',#1158,.T.);
#767=FACE_OUTER_BOUND('',#1159,.T.);
#768=FACE_OUTER_BOUND('',#1160,.T.);
#769=FACE_OUTER_BOUND('',#1161,.T.);
#770=FACE_OUTER_BOUND('',#1162,.T.);
#771=FACE_OUTER_BOUND('',#1163,.T.);
#772=FACE_OUTER_BOUND('',#1164,.T.);
#773=FACE_OUTER_BOUND('',#1167,.T.);
#774=FACE_OUTER_BOUND('',#1170,.T.);
#775=FACE_OUTER_BOUND('',#1171,.T.);
#776=FACE_OUTER_BOUND('',#1172,.T.);
#777=FACE_OUTER_BOUND('',#1173,.T.);
#778=FACE_OUTER_BOUND('',#1174,.T.);
#779=FACE_OUTER_BOUND('',#1175,.T.);
#780=FACE_OUTER_BOUND('',#1176,.T.);
#781=FACE_OUTER_BOUND('',#1179,.T.);
#782=FACE_OUTER_BOUND('',#1182,.T.);
#783=FACE_OUTER_BOUND('',#1183,.T.);
#784=FACE_OUTER_BOUND('',#1184,.T.);
#785=FACE_OUTER_BOUND('',#1185,.T.);
#786=FACE_OUTER_BOUND('',#1187,.T.);
#787=FACE_OUTER_BOUND('',#1188,.T.);
#788=FACE_OUTER_BOUND('',#1190,.T.);
#789=FACE_OUTER_BOUND('',#1191,.T.);
#790=FACE_OUTER_BOUND('',#1192,.T.);
#791=FACE_OUTER_BOUND('',#1193,.T.);
#792=FACE_OUTER_BOUND('',#1194,.T.);
#793=FACE_OUTER_BOUND('',#1195,.T.);
#794=FACE_OUTER_BOUND('',#1196,.T.);
#795=FACE_OUTER_BOUND('',#1197,.T.);
#796=FACE_OUTER_BOUND('',#1198,.T.);
#797=FACE_OUTER_BOUND('',#1199,.T.);
#798=FACE_OUTER_BOUND('',#1201,.T.);
#799=FACE_OUTER_BOUND('',#1202,.T.);
#800=FACE_OUTER_BOUND('',#1203,.T.);
#801=FACE_OUTER_BOUND('',#1204,.T.);
#802=FACE_OUTER_BOUND('',#1205,.T.);
#803=FACE_OUTER_BOUND('',#1206,.T.);
#804=FACE_OUTER_BOUND('',#1207,.T.);
#805=FACE_OUTER_BOUND('',#1208,.T.);
#806=FACE_OUTER_BOUND('',#1210,.T.);
#807=FACE_OUTER_BOUND('',#1211,.T.);
#808=FACE_OUTER_BOUND('',#1212,.T.);
#809=FACE_OUTER_BOUND('',#1213,.T.);
#810=FACE_OUTER_BOUND('',#1215,.T.);
#811=FACE_OUTER_BOUND('',#1216,.T.);
#812=FACE_OUTER_BOUND('',#1217,.T.);
#813=FACE_OUTER_BOUND('',#1218,.T.);
#814=FACE_OUTER_BOUND('',#1219,.T.);
#815=FACE_OUTER_BOUND('',#1220,.T.);
#816=FACE_OUTER_BOUND('',#1221,.T.);
#817=FACE_OUTER_BOUND('',#1222,.T.);
#818=FACE_OUTER_BOUND('',#1223,.T.);
#819=FACE_OUTER_BOUND('',#1224,.T.);
#820=FACE_OUTER_BOUND('',#1225,.T.);
#821=FACE_OUTER_BOUND('',#1226,.T.);
#822=FACE_OUTER_BOUND('',#1228,.T.);
#823=FACE_OUTER_BOUND('',#1229,.T.);
#824=FACE_OUTER_BOUND('',#1230,.T.);
#825=FACE_OUTER_BOUND('',#1231,.T.);
#826=FACE_OUTER_BOUND('',#1233,.T.);
#827=FACE_OUTER_BOUND('',#1234,.T.);
#828=FACE_OUTER_BOUND('',#1235,.T.);
#829=FACE_OUTER_BOUND('',#1240,.T.);
#830=FACE_OUTER_BOUND('',#1241,.T.);
#831=FACE_OUTER_BOUND('',#1242,.T.);
#832=FACE_OUTER_BOUND('',#1243,.T.);
#833=FACE_OUTER_BOUND('',#1244,.T.);
#834=FACE_OUTER_BOUND('',#1246,.T.);
#835=FACE_OUTER_BOUND('',#1247,.T.);
#836=FACE_OUTER_BOUND('',#1248,.T.);
#837=FACE_OUTER_BOUND('',#1249,.T.);
#838=FACE_OUTER_BOUND('',#1250,.T.);
#839=FACE_OUTER_BOUND('',#1251,.T.);
#840=FACE_OUTER_BOUND('',#1252,.T.);
#841=FACE_OUTER_BOUND('',#1253,.T.);
#842=FACE_OUTER_BOUND('',#1254,.T.);
#843=FACE_OUTER_BOUND('',#1262,.T.);
#844=FACE_OUTER_BOUND('',#1263,.T.);
#845=FACE_OUTER_BOUND('',#1264,.T.);
#846=FACE_OUTER_BOUND('',#1265,.T.);
#847=FACE_OUTER_BOUND('',#1266,.T.);
#848=FACE_OUTER_BOUND('',#1267,.T.);
#849=FACE_OUTER_BOUND('',#1268,.T.);
#850=FACE_OUTER_BOUND('',#1269,.T.);
#851=FACE_OUTER_BOUND('',#1270,.T.);
#852=FACE_OUTER_BOUND('',#1271,.T.);
#853=FACE_OUTER_BOUND('',#1272,.T.);
#854=FACE_OUTER_BOUND('',#1273,.T.);
#855=FACE_OUTER_BOUND('',#1274,.T.);
#856=FACE_OUTER_BOUND('',#1275,.T.);
#857=FACE_OUTER_BOUND('',#1276,.T.);
#858=FACE_OUTER_BOUND('',#1277,.T.);
#859=FACE_OUTER_BOUND('',#1278,.T.);
#860=FACE_OUTER_BOUND('',#1279,.T.);
#861=FACE_OUTER_BOUND('',#1280,.T.);
#862=FACE_OUTER_BOUND('',#1281,.T.);
#863=FACE_OUTER_BOUND('',#1282,.T.);
#864=FACE_OUTER_BOUND('',#1283,.T.);
#865=FACE_OUTER_BOUND('',#1284,.T.);
#866=FACE_OUTER_BOUND('',#1285,.T.);
#867=FACE_OUTER_BOUND('',#1286,.T.);
#868=FACE_OUTER_BOUND('',#1287,.T.);
#869=FACE_OUTER_BOUND('',#1288,.T.);
#870=FACE_OUTER_BOUND('',#1290,.T.);
#871=FACE_OUTER_BOUND('',#1291,.T.);
#872=FACE_OUTER_BOUND('',#1292,.T.);
#873=FACE_OUTER_BOUND('',#1293,.T.);
#874=FACE_OUTER_BOUND('',#1294,.T.);
#875=FACE_OUTER_BOUND('',#1295,.T.);
#876=FACE_OUTER_BOUND('',#1296,.T.);
#877=FACE_OUTER_BOUND('',#1297,.T.);
#878=FACE_OUTER_BOUND('',#1298,.T.);
#879=FACE_OUTER_BOUND('',#1299,.T.);
#880=FACE_OUTER_BOUND('',#1300,.T.);
#881=FACE_OUTER_BOUND('',#1301,.T.);
#882=FACE_OUTER_BOUND('',#1302,.T.);
#883=FACE_OUTER_BOUND('',#1303,.T.);
#884=FACE_OUTER_BOUND('',#1304,.T.);
#885=FACE_OUTER_BOUND('',#1305,.T.);
#886=FACE_OUTER_BOUND('',#1306,.T.);
#887=FACE_OUTER_BOUND('',#1307,.T.);
#888=FACE_OUTER_BOUND('',#1308,.T.);
#889=FACE_OUTER_BOUND('',#1309,.T.);
#890=FACE_OUTER_BOUND('',#1310,.T.);
#891=FACE_OUTER_BOUND('',#1311,.T.);
#892=FACE_OUTER_BOUND('',#1312,.T.);
#893=FACE_OUTER_BOUND('',#1313,.T.);
#894=FACE_OUTER_BOUND('',#1314,.T.);
#895=FACE_OUTER_BOUND('',#1316,.T.);
#896=FACE_OUTER_BOUND('',#1317,.T.);
#897=FACE_OUTER_BOUND('',#1318,.T.);
#898=FACE_OUTER_BOUND('',#1319,.T.);
#899=FACE_OUTER_BOUND('',#1320,.T.);
#900=FACE_OUTER_BOUND('',#1321,.T.);
#901=FACE_OUTER_BOUND('',#1322,.T.);
#902=FACE_OUTER_BOUND('',#1323,.T.);
#903=FACE_OUTER_BOUND('',#1324,.T.);
#904=FACE_OUTER_BOUND('',#1325,.T.);
#905=FACE_OUTER_BOUND('',#1326,.T.);
#906=FACE_OUTER_BOUND('',#1327,.T.);
#907=FACE_OUTER_BOUND('',#1328,.T.);
#908=FACE_OUTER_BOUND('',#1329,.T.);
#909=FACE_OUTER_BOUND('',#1330,.T.);
#910=FACE_OUTER_BOUND('',#1331,.T.);
#911=FACE_OUTER_BOUND('',#1332,.T.);
#912=FACE_OUTER_BOUND('',#1333,.T.);
#913=FACE_OUTER_BOUND('',#1334,.T.);
#914=FACE_OUTER_BOUND('',#1335,.T.);
#915=FACE_OUTER_BOUND('',#1336,.T.);
#916=FACE_OUTER_BOUND('',#1340,.T.);
#917=FACE_OUTER_BOUND('',#1341,.T.);
#918=FACE_OUTER_BOUND('',#1345,.T.);
#919=FACE_OUTER_BOUND('',#1346,.T.);
#920=FACE_OUTER_BOUND('',#1347,.T.);
#921=FACE_OUTER_BOUND('',#1348,.T.);
#922=FACE_OUTER_BOUND('',#1349,.T.);
#923=FACE_OUTER_BOUND('',#1350,.T.);
#924=FACE_OUTER_BOUND('',#1351,.T.);
#925=FACE_OUTER_BOUND('',#1352,.T.);
#926=FACE_OUTER_BOUND('',#1353,.T.);
#927=FACE_OUTER_BOUND('',#1354,.T.);
#928=FACE_OUTER_BOUND('',#1355,.T.);
#929=FACE_OUTER_BOUND('',#1356,.T.);
#930=FACE_OUTER_BOUND('',#1357,.T.);
#931=FACE_OUTER_BOUND('',#1358,.T.);
#932=FACE_OUTER_BOUND('',#1359,.T.);
#933=FACE_OUTER_BOUND('',#1360,.T.);
#934=FACE_OUTER_BOUND('',#1361,.T.);
#935=FACE_OUTER_BOUND('',#1362,.T.);
#936=FACE_OUTER_BOUND('',#1363,.T.);
#937=FACE_OUTER_BOUND('',#1364,.T.);
#938=FACE_OUTER_BOUND('',#1365,.T.);
#939=FACE_OUTER_BOUND('',#1366,.T.);
#940=FACE_OUTER_BOUND('',#1367,.T.);
#941=FACE_OUTER_BOUND('',#1368,.T.);
#942=FACE_OUTER_BOUND('',#1369,.T.);
#943=FACE_OUTER_BOUND('',#1370,.T.);
#944=FACE_OUTER_BOUND('',#1371,.T.);
#945=FACE_OUTER_BOUND('',#1372,.T.);
#946=FACE_OUTER_BOUND('',#1373,.T.);
#947=FACE_OUTER_BOUND('',#1374,.T.);
#948=FACE_OUTER_BOUND('',#1375,.T.);
#949=FACE_OUTER_BOUND('',#1376,.T.);
#950=FACE_OUTER_BOUND('',#1377,.T.);
#951=FACE_OUTER_BOUND('',#1378,.T.);
#952=FACE_OUTER_BOUND('',#1379,.T.);
#953=FACE_OUTER_BOUND('',#1380,.T.);
#954=FACE_OUTER_BOUND('',#1381,.T.);
#955=FACE_OUTER_BOUND('',#1382,.T.);
#956=FACE_OUTER_BOUND('',#1383,.T.);
#957=FACE_OUTER_BOUND('',#1384,.T.);
#958=FACE_OUTER_BOUND('',#1385,.T.);
#959=FACE_OUTER_BOUND('',#1386,.T.);
#960=FACE_OUTER_BOUND('',#1387,.T.);
#961=FACE_OUTER_BOUND('',#1388,.T.);
#962=FACE_OUTER_BOUND('',#1389,.T.);
#963=FACE_OUTER_BOUND('',#1390,.T.);
#964=FACE_OUTER_BOUND('',#1391,.T.);
#965=FACE_OUTER_BOUND('',#1392,.T.);
#966=FACE_OUTER_BOUND('',#1393,.T.);
#967=FACE_OUTER_BOUND('',#1395,.T.);
#968=FACE_OUTER_BOUND('',#1398,.T.);
#969=FACE_OUTER_BOUND('',#1401,.T.);
#970=FACE_OUTER_BOUND('',#1402,.T.);
#971=FACE_OUTER_BOUND('',#1403,.T.);
#972=FACE_OUTER_BOUND('',#1404,.T.);
#973=FACE_OUTER_BOUND('',#1405,.T.);
#974=FACE_OUTER_BOUND('',#1406,.T.);
#975=FACE_OUTER_BOUND('',#1407,.T.);
#976=FACE_OUTER_BOUND('',#1408,.T.);
#977=FACE_OUTER_BOUND('',#1410,.T.);
#978=FACE_OUTER_BOUND('',#1411,.T.);
#979=FACE_OUTER_BOUND('',#1412,.T.);
#980=FACE_OUTER_BOUND('',#1413,.T.);
#981=FACE_OUTER_BOUND('',#1414,.T.);
#982=FACE_OUTER_BOUND('',#1415,.T.);
#983=FACE_OUTER_BOUND('',#1416,.T.);
#984=FACE_OUTER_BOUND('',#1417,.T.);
#985=FACE_OUTER_BOUND('',#1418,.T.);
#986=FACE_OUTER_BOUND('',#1419,.T.);
#987=FACE_OUTER_BOUND('',#1420,.T.);
#988=FACE_OUTER_BOUND('',#1421,.T.);
#989=FACE_OUTER_BOUND('',#1422,.T.);
#990=FACE_OUTER_BOUND('',#1423,.T.);
#991=FACE_OUTER_BOUND('',#1424,.T.);
#992=FACE_OUTER_BOUND('',#1425,.T.);
#993=FACE_OUTER_BOUND('',#1426,.T.);
#994=FACE_OUTER_BOUND('',#1427,.T.);
#995=FACE_OUTER_BOUND('',#1428,.T.);
#996=FACE_OUTER_BOUND('',#1429,.T.);
#997=FACE_OUTER_BOUND('',#1430,.T.);
#998=FACE_OUTER_BOUND('',#1431,.T.);
#999=FACE_OUTER_BOUND('',#1432,.T.);
#1000=FACE_OUTER_BOUND('',#1433,.T.);
#1001=FACE_OUTER_BOUND('',#1434,.T.);
#1002=FACE_OUTER_BOUND('',#1435,.T.);
#1003=FACE_OUTER_BOUND('',#1436,.T.);
#1004=FACE_OUTER_BOUND('',#1437,.T.);
#1005=FACE_OUTER_BOUND('',#1438,.T.);
#1006=FACE_OUTER_BOUND('',#1439,.T.);
#1007=FACE_OUTER_BOUND('',#1440,.T.);
#1008=FACE_OUTER_BOUND('',#1441,.T.);
#1009=FACE_OUTER_BOUND('',#1442,.T.);
#1010=FACE_OUTER_BOUND('',#1443,.T.);
#1011=FACE_OUTER_BOUND('',#1444,.T.);
#1012=FACE_OUTER_BOUND('',#1445,.T.);
#1013=FACE_OUTER_BOUND('',#1446,.T.);
#1014=FACE_OUTER_BOUND('',#1447,.T.);
#1015=FACE_OUTER_BOUND('',#1448,.T.);
#1016=FACE_OUTER_BOUND('',#1449,.T.);
#1017=FACE_OUTER_BOUND('',#1450,.T.);
#1018=FACE_OUTER_BOUND('',#1451,.T.);
#1019=FACE_OUTER_BOUND('',#1452,.T.);
#1020=FACE_OUTER_BOUND('',#1453,.T.);
#1021=FACE_OUTER_BOUND('',#1454,.T.);
#1022=FACE_OUTER_BOUND('',#1455,.T.);
#1023=FACE_OUTER_BOUND('',#1456,.T.);
#1024=FACE_OUTER_BOUND('',#1457,.T.);
#1025=FACE_OUTER_BOUND('',#1458,.T.);
#1026=FACE_OUTER_BOUND('',#1459,.T.);
#1027=FACE_OUTER_BOUND('',#1460,.T.);
#1028=FACE_OUTER_BOUND('',#1461,.T.);
#1029=FACE_OUTER_BOUND('',#1462,.T.);
#1030=FACE_OUTER_BOUND('',#1463,.T.);
#1031=FACE_OUTER_BOUND('',#1464,.T.);
#1032=FACE_OUTER_BOUND('',#1465,.T.);
#1033=FACE_OUTER_BOUND('',#1466,.T.);
#1034=FACE_OUTER_BOUND('',#1470,.T.);
#1035=FACE_OUTER_BOUND('',#1471,.T.);
#1036=FACE_OUTER_BOUND('',#1472,.T.);
#1037=FACE_OUTER_BOUND('',#1473,.T.);
#1038=FACE_OUTER_BOUND('',#1474,.T.);
#1039=FACE_OUTER_BOUND('',#1475,.T.);
#1040=FACE_OUTER_BOUND('',#1476,.T.);
#1041=FACE_OUTER_BOUND('',#1477,.T.);
#1042=FACE_OUTER_BOUND('',#1478,.T.);
#1043=FACE_OUTER_BOUND('',#1479,.T.);
#1044=FACE_OUTER_BOUND('',#1480,.T.);
#1045=FACE_OUTER_BOUND('',#1481,.T.);
#1046=FACE_OUTER_BOUND('',#1482,.T.);
#1047=FACE_OUTER_BOUND('',#1483,.T.);
#1048=FACE_OUTER_BOUND('',#1484,.T.);
#1049=FACE_OUTER_BOUND('',#1485,.T.);
#1050=FACE_OUTER_BOUND('',#1486,.T.);
#1051=FACE_OUTER_BOUND('',#1487,.T.);
#1052=FACE_OUTER_BOUND('',#1488,.T.);
#1053=FACE_OUTER_BOUND('',#1489,.T.);
#1054=FACE_OUTER_BOUND('',#1490,.T.);
#1055=FACE_OUTER_BOUND('',#1491,.T.);
#1056=FACE_OUTER_BOUND('',#1492,.T.);
#1057=FACE_OUTER_BOUND('',#1493,.T.);
#1058=FACE_OUTER_BOUND('',#1494,.T.);
#1059=FACE_OUTER_BOUND('',#1495,.T.);
#1060=FACE_OUTER_BOUND('',#1496,.T.);
#1061=FACE_OUTER_BOUND('',#1497,.T.);
#1062=EDGE_LOOP('',(#4713,#4714,#4715,#4716,#4717));
#1063=EDGE_LOOP('',(#4718,#4719,#4720,#4721));
#1064=EDGE_LOOP('',(#4722,#4723,#4724));
#1065=EDGE_LOOP('',(#4725,#4726,#4727,#4728));
#1066=EDGE_LOOP('',(#4729,#4730,#4731,#4732));
#1067=EDGE_LOOP('',(#4733,#4734,#4735,#4736));
#1068=EDGE_LOOP('',(#4737,#4738,#4739,#4740));
#1069=EDGE_LOOP('',(#4741,#4742,#4743,#4744));
#1070=EDGE_LOOP('',(#4745,#4746,#4747,#4748));
#1071=EDGE_LOOP('',(#4749,#4750,#4751,#4752));
#1072=EDGE_LOOP('',(#4753,#4754,#4755,#4756));
#1073=EDGE_LOOP('',(#4757,#4758,#4759,#4760,#4761,#4762,#4763,#4764));
#1074=EDGE_LOOP('',(#4765,#4766,#4767,#4768,#4769,#4770));
#1075=EDGE_LOOP('',(#4771,#4772,#4773));
#1076=EDGE_LOOP('',(#4774,#4775,#4776));
#1077=EDGE_LOOP('',(#4777,#4778,#4779,#4780,#4781,#4782,#4783,#4784));
#1078=EDGE_LOOP('',(#4785,#4786,#4787,#4788));
#1079=EDGE_LOOP('',(#4789));
#1080=EDGE_LOOP('',(#4790,#4791,#4792));
#1081=EDGE_LOOP('',(#4793,#4794,#4795));
#1082=EDGE_LOOP('',(#4796,#4797,#4798,#4799,#4800,#4801));
#1083=EDGE_LOOP('',(#4802,#4803,#4804,#4805,#4806,#4807));
#1084=EDGE_LOOP('',(#4808,#4809,#4810,#4811));
#1085=EDGE_LOOP('',(#4812,#4813,#4814,#4815));
#1086=EDGE_LOOP('',(#4816,#4817,#4818,#4819));
#1087=EDGE_LOOP('',(#4820,#4821,#4822,#4823));
#1088=EDGE_LOOP('',(#4824,#4825,#4826,#4827));
#1089=EDGE_LOOP('',(#4828,#4829,#4830,#4831));
#1090=EDGE_LOOP('',(#4832,#4833,#4834,#4835));
#1091=EDGE_LOOP('',(#4836,#4837,#4838,#4839));
#1092=EDGE_LOOP('',(#4840,#4841,#4842,#4843));
#1093=EDGE_LOOP('',(#4844));
#1094=EDGE_LOOP('',(#4845,#4846,#4847,#4848));
#1095=EDGE_LOOP('',(#4849,#4850,#4851,#4852));
#1096=EDGE_LOOP('',(#4853,#4854,#4855,#4856));
#1097=EDGE_LOOP('',(#4857,#4858,#4859,#4860));
#1098=EDGE_LOOP('',(#4861,#4862,#4863,#4864,#4865,#4866,#4867,#4868,#4869,
#4870));
#1099=EDGE_LOOP('',(#4871,#4872,#4873,#4874));
#1100=EDGE_LOOP('',(#4875,#4876,#4877,#4878));
#1101=EDGE_LOOP('',(#4879));
#1102=EDGE_LOOP('',(#4880,#4881,#4882,#4883));
#1103=EDGE_LOOP('',(#4884));
#1104=EDGE_LOOP('',(#4885,#4886,#4887,#4888,#4889,#4890,#4891,#4892,#4893,
#4894));
#1105=EDGE_LOOP('',(#4895,#4896,#4897,#4898));
#1106=EDGE_LOOP('',(#4899,#4900,#4901,#4902));
#1107=EDGE_LOOP('',(#4903));
#1108=EDGE_LOOP('',(#4904,#4905,#4906,#4907));
#1109=EDGE_LOOP('',(#4908));
#1110=EDGE_LOOP('',(#4909,#4910,#4911,#4912,#4913));
#1111=EDGE_LOOP('',(#4914,#4915,#4916,#4917));
#1112=EDGE_LOOP('',(#4918,#4919,#4920));
#1113=EDGE_LOOP('',(#4921,#4922,#4923,#4924));
#1114=EDGE_LOOP('',(#4925,#4926,#4927,#4928));
#1115=EDGE_LOOP('',(#4929,#4930,#4931,#4932));
#1116=EDGE_LOOP('',(#4933,#4934,#4935,#4936));
#1117=EDGE_LOOP('',(#4937,#4938,#4939,#4940));
#1118=EDGE_LOOP('',(#4941,#4942,#4943,#4944));
#1119=EDGE_LOOP('',(#4945,#4946,#4947,#4948));
#1120=EDGE_LOOP('',(#4949,#4950,#4951,#4952));
#1121=EDGE_LOOP('',(#4953,#4954,#4955,#4956,#4957,#4958,#4959,#4960));
#1122=EDGE_LOOP('',(#4961,#4962,#4963,#4964,#4965,#4966));
#1123=EDGE_LOOP('',(#4967,#4968,#4969));
#1124=EDGE_LOOP('',(#4970,#4971,#4972));
#1125=EDGE_LOOP('',(#4973,#4974,#4975,#4976,#4977,#4978,#4979,#4980));
#1126=EDGE_LOOP('',(#4981,#4982,#4983,#4984));
#1127=EDGE_LOOP('',(#4985));
#1128=EDGE_LOOP('',(#4986,#4987,#4988));
#1129=EDGE_LOOP('',(#4989,#4990,#4991));
#1130=EDGE_LOOP('',(#4992,#4993,#4994,#4995,#4996,#4997));
#1131=EDGE_LOOP('',(#4998,#4999,#5000,#5001,#5002,#5003));
#1132=EDGE_LOOP('',(#5004,#5005,#5006,#5007));
#1133=EDGE_LOOP('',(#5008,#5009,#5010,#5011));
#1134=EDGE_LOOP('',(#5012,#5013,#5014,#5015));
#1135=EDGE_LOOP('',(#5016,#5017,#5018,#5019));
#1136=EDGE_LOOP('',(#5020,#5021,#5022,#5023));
#1137=EDGE_LOOP('',(#5024,#5025,#5026,#5027));
#1138=EDGE_LOOP('',(#5028,#5029,#5030,#5031));
#1139=EDGE_LOOP('',(#5032,#5033,#5034,#5035));
#1140=EDGE_LOOP('',(#5036,#5037,#5038,#5039));
#1141=EDGE_LOOP('',(#5040));
#1142=EDGE_LOOP('',(#5041,#5042,#5043,#5044));
#1143=EDGE_LOOP('',(#5045,#5046,#5047,#5048));
#1144=EDGE_LOOP('',(#5049,#5050,#5051,#5052));
#1145=EDGE_LOOP('',(#5053,#5054,#5055,#5056));
#1146=EDGE_LOOP('',(#5057,#5058,#5059,#5060,#5061,#5062,#5063,#5064,#5065,
#5066));
#1147=EDGE_LOOP('',(#5067,#5068,#5069,#5070));
#1148=EDGE_LOOP('',(#5071,#5072,#5073,#5074));
#1149=EDGE_LOOP('',(#5075));
#1150=EDGE_LOOP('',(#5076,#5077,#5078,#5079));
#1151=EDGE_LOOP('',(#5080));
#1152=EDGE_LOOP('',(#5081,#5082,#5083,#5084,#5085,#5086,#5087,#5088,#5089,
#5090));
#1153=EDGE_LOOP('',(#5091,#5092,#5093,#5094));
#1154=EDGE_LOOP('',(#5095,#5096,#5097,#5098));
#1155=EDGE_LOOP('',(#5099));
#1156=EDGE_LOOP('',(#5100,#5101,#5102,#5103));
#1157=EDGE_LOOP('',(#5104));
#1158=EDGE_LOOP('',(#5105,#5106,#5107,#5108));
#1159=EDGE_LOOP('',(#5109,#5110,#5111,#5112));
#1160=EDGE_LOOP('',(#5113,#5114,#5115,#5116));
#1161=EDGE_LOOP('',(#5117,#5118,#5119,#5120));
#1162=EDGE_LOOP('',(#5121,#5122,#5123,#5124));
#1163=EDGE_LOOP('',(#5125,#5126,#5127,#5128));
#1164=EDGE_LOOP('',(#5129,#5130,#5131,#5132));
#1165=EDGE_LOOP('',(#5133));
#1166=EDGE_LOOP('',(#5134));
#1167=EDGE_LOOP('',(#5135,#5136,#5137,#5138));
#1168=EDGE_LOOP('',(#5139));
#1169=EDGE_LOOP('',(#5140));
#1170=EDGE_LOOP('',(#5141,#5142,#5143,#5144));
#1171=EDGE_LOOP('',(#5145,#5146,#5147,#5148));
#1172=EDGE_LOOP('',(#5149,#5150,#5151,#5152));
#1173=EDGE_LOOP('',(#5153,#5154,#5155,#5156));
#1174=EDGE_LOOP('',(#5157,#5158,#5159,#5160));
#1175=EDGE_LOOP('',(#5161,#5162,#5163,#5164));
#1176=EDGE_LOOP('',(#5165,#5166,#5167,#5168));
#1177=EDGE_LOOP('',(#5169));
#1178=EDGE_LOOP('',(#5170));
#1179=EDGE_LOOP('',(#5171,#5172,#5173,#5174));
#1180=EDGE_LOOP('',(#5175));
#1181=EDGE_LOOP('',(#5176));
#1182=EDGE_LOOP('',(#5177,#5178,#5179,#5180));
#1183=EDGE_LOOP('',(#5181,#5182));
#1184=EDGE_LOOP('',(#5183,#5184,#5185,#5186));
#1185=EDGE_LOOP('',(#5187,#5188,#5189,#5190,#5191,#5192));
#1186=EDGE_LOOP('',(#5193));
#1187=EDGE_LOOP('',(#5194,#5195,#5196,#5197,#5198));
#1188=EDGE_LOOP('',(#5199,#5200,#5201,#5202,#5203,#5204));
#1189=EDGE_LOOP('',(#5205));
#1190=EDGE_LOOP('',(#5206,#5207,#5208,#5209,#5210));
#1191=EDGE_LOOP('',(#5211,#5212,#5213,#5214,#5215,#5216));
#1192=EDGE_LOOP('',(#5217,#5218,#5219,#5220,#5221));
#1193=EDGE_LOOP('',(#5222,#5223,#5224,#5225));
#1194=EDGE_LOOP('',(#5226,#5227,#5228,#5229,#5230));
#1195=EDGE_LOOP('',(#5231,#5232,#5233,#5234));
#1196=EDGE_LOOP('',(#5235,#5236));
#1197=EDGE_LOOP('',(#5237,#5238,#5239,#5240,#5241,#5242,#5243,#5244,#5245,
#5246));
#1198=EDGE_LOOP('',(#5247,#5248,#5249,#5250,#5251,#5252,#5253,#5254,#5255,
#5256,#5257,#5258,#5259,#5260));
#1199=EDGE_LOOP('',(#5261));
#1200=EDGE_LOOP('',(#5262));
#1201=EDGE_LOOP('',(#5263,#5264,#5265,#5266));
#1202=EDGE_LOOP('',(#5267,#5268,#5269));
#1203=EDGE_LOOP('',(#5270,#5271,#5272,#5273));
#1204=EDGE_LOOP('',(#5274,#5275,#5276));
#1205=EDGE_LOOP('',(#5277,#5278,#5279,#5280));
#1206=EDGE_LOOP('',(#5281,#5282,#5283,#5284));
#1207=EDGE_LOOP('',(#5285,#5286));
#1208=EDGE_LOOP('',(#5287,#5288,#5289,#5290,#5291,#5292,#5293,#5294));
#1209=EDGE_LOOP('',(#5295));
#1210=EDGE_LOOP('',(#5296,#5297,#5298,#5299,#5300,#5301,#5302,#5303,#5304,
#5305));
#1211=EDGE_LOOP('',(#5306));
#1212=EDGE_LOOP('',(#5307,#5308,#5309,#5310));
#1213=EDGE_LOOP('',(#5311,#5312,#5313));
#1214=EDGE_LOOP('',(#5314));
#1215=EDGE_LOOP('',(#5315,#5316,#5317,#5318,#5319,#5320,#5321,#5322,#5323,
#5324,#5325,#5326,#5327));
#1216=EDGE_LOOP('',(#5328,#5329,#5330,#5331));
#1217=EDGE_LOOP('',(#5332,#5333,#5334,#5335));
#1218=EDGE_LOOP('',(#5336,#5337,#5338,#5339,#5340,#5341));
#1219=EDGE_LOOP('',(#5342,#5343,#5344,#5345));
#1220=EDGE_LOOP('',(#5346,#5347,#5348,#5349,#5350,#5351,#5352,#5353));
#1221=EDGE_LOOP('',(#5354,#5355,#5356,#5357,#5358,#5359));
#1222=EDGE_LOOP('',(#5360,#5361,#5362,#5363));
#1223=EDGE_LOOP('',(#5364,#5365,#5366,#5367));
#1224=EDGE_LOOP('',(#5368,#5369,#5370,#5371,#5372,#5373));
#1225=EDGE_LOOP('',(#5374,#5375,#5376,#5377,#5378));
#1226=EDGE_LOOP('',(#5379,#5380,#5381,#5382,#5383,#5384,#5385,#5386,#5387,
#5388,#5389,#5390));
#1227=EDGE_LOOP('',(#5391));
#1228=EDGE_LOOP('',(#5392,#5393,#5394,#5395));
#1229=EDGE_LOOP('',(#5396,#5397,#5398,#5399,#5400,#5401,#5402,#5403,#5404,
#5405,#5406,#5407,#5408,#5409,#5410,#5411,#5412,#5413,#5414,#5415,#5416,
#5417,#5418,#5419,#5420,#5421,#5422,#5423,#5424,#5425,#5426,#5427,#5428,
#5429,#5430,#5431,#5432,#5433,#5434,#5435,#5436,#5437,#5438,#5439,#5440,
#5441,#5442,#5443,#5444,#5445,#5446,#5447,#5448,#5449,#5450,#5451,#5452,
#5453,#5454,#5455,#5456,#5457,#5458,#5459,#5460,#5461));
#1230=EDGE_LOOP('',(#5462,#5463,#5464,#5465,#5466,#5467));
#1231=EDGE_LOOP('',(#5468,#5469,#5470,#5471,#5472,#5473,#5474,#5475,#5476,
#5477,#5478,#5479,#5480,#5481,#5482));
#1232=EDGE_LOOP('',(#5483));
#1233=EDGE_LOOP('',(#5484,#5485,#5486,#5487));
#1234=EDGE_LOOP('',(#5488,#5489,#5490,#5491,#5492));
#1235=EDGE_LOOP('',(#5493,#5494,#5495,#5496,#5497,#5498,#5499,#5500,#5501,
#5502,#5503,#5504,#5505,#5506,#5507,#5508,#5509,#5510,#5511,#5512,#5513,
#5514,#5515,#5516,#5517,#5518,#5519,#5520,#5521,#5522,#5523,#5524));
#1236=EDGE_LOOP('',(#5525,#5526,#5527,#5528));
#1237=EDGE_LOOP('',(#5529,#5530,#5531,#5532));
#1238=EDGE_LOOP('',(#5533,#5534,#5535,#5536));
#1239=EDGE_LOOP('',(#5537,#5538,#5539,#5540));
#1240=EDGE_LOOP('',(#5541,#5542,#5543,#5544));
#1241=EDGE_LOOP('',(#5545,#5546,#5547,#5548,#5549,#5550,#5551,#5552,#5553,
#5554));
#1242=EDGE_LOOP('',(#5555,#5556,#5557,#5558));
#1243=EDGE_LOOP('',(#5559,#5560,#5561,#5562));
#1244=EDGE_LOOP('',(#5563,#5564,#5565,#5566,#5567,#5568));
#1245=EDGE_LOOP('',(#5569,#5570,#5571,#5572,#5573,#5574,#5575,#5576,#5577,
#5578,#5579,#5580));
#1246=EDGE_LOOP('',(#5581,#5582,#5583,#5584));
#1247=EDGE_LOOP('',(#5585,#5586,#5587,#5588,#5589,#5590,#5591,#5592));
#1248=EDGE_LOOP('',(#5593,#5594,#5595,#5596));
#1249=EDGE_LOOP('',(#5597,#5598,#5599,#5600));
#1250=EDGE_LOOP('',(#5601,#5602,#5603,#5604));
#1251=EDGE_LOOP('',(#5605,#5606,#5607,#5608,#5609,#5610,#5611,#5612,#5613));
#1252=EDGE_LOOP('',(#5614,#5615,#5616,#5617));
#1253=EDGE_LOOP('',(#5618,#5619,#5620,#5621));
#1254=EDGE_LOOP('',(#5622,#5623,#5624,#5625,#5626,#5627,#5628,#5629,#5630,
#5631,#5632,#5633,#5634,#5635,#5636,#5637,#5638,#5639,#5640,#5641,#5642,
#5643));
#1255=EDGE_LOOP('',(#5644,#5645,#5646,#5647));
#1256=EDGE_LOOP('',(#5648));
#1257=EDGE_LOOP('',(#5649,#5650,#5651,#5652));
#1258=EDGE_LOOP('',(#5653));
#1259=EDGE_LOOP('',(#5654));
#1260=EDGE_LOOP('',(#5655));
#1261=EDGE_LOOP('',(#5656));
#1262=EDGE_LOOP('',(#5657,#5658,#5659,#5660));
#1263=EDGE_LOOP('',(#5661,#5662,#5663,#5664));
#1264=EDGE_LOOP('',(#5665,#5666,#5667,#5668));
#1265=EDGE_LOOP('',(#5669,#5670,#5671,#5672));
#1266=EDGE_LOOP('',(#5673,#5674,#5675,#5676));
#1267=EDGE_LOOP('',(#5677,#5678,#5679,#5680,#5681,#5682,#5683,#5684,#5685,
#5686));
#1268=EDGE_LOOP('',(#5687,#5688,#5689,#5690));
#1269=EDGE_LOOP('',(#5691,#5692,#5693,#5694));
#1270=EDGE_LOOP('',(#5695,#5696,#5697,#5698));
#1271=EDGE_LOOP('',(#5699,#5700,#5701,#5702));
#1272=EDGE_LOOP('',(#5703,#5704,#5705,#5706));
#1273=EDGE_LOOP('',(#5707,#5708,#5709,#5710));
#1274=EDGE_LOOP('',(#5711,#5712,#5713,#5714));
#1275=EDGE_LOOP('',(#5715,#5716,#5717,#5718));
#1276=EDGE_LOOP('',(#5719,#5720,#5721,#5722));
#1277=EDGE_LOOP('',(#5723,#5724,#5725,#5726));
#1278=EDGE_LOOP('',(#5727,#5728,#5729,#5730,#5731,#5732,#5733,#5734,#5735,
#5736,#5737));
#1279=EDGE_LOOP('',(#5738,#5739,#5740,#5741));
#1280=EDGE_LOOP('',(#5742,#5743,#5744,#5745,#5746,#5747,#5748));
#1281=EDGE_LOOP('',(#5749,#5750,#5751,#5752));
#1282=EDGE_LOOP('',(#5753,#5754,#5755,#5756,#5757,#5758,#5759,#5760,#5761,
#5762,#5763));
#1283=EDGE_LOOP('',(#5764,#5765,#5766,#5767));
#1284=EDGE_LOOP('',(#5768,#5769,#5770,#5771,#5772,#5773,#5774,#5775,#5776,
#5777));
#1285=EDGE_LOOP('',(#5778,#5779,#5780,#5781));
#1286=EDGE_LOOP('',(#5782,#5783,#5784,#5785));
#1287=EDGE_LOOP('',(#5786,#5787,#5788,#5789));
#1288=EDGE_LOOP('',(#5790,#5791,#5792,#5793,#5794,#5795,#5796,#5797,#5798,
#5799,#5800,#5801,#5802));
#1289=EDGE_LOOP('',(#5803));
#1290=EDGE_LOOP('',(#5804,#5805,#5806,#5807));
#1291=EDGE_LOOP('',(#5808,#5809,#5810,#5811));
#1292=EDGE_LOOP('',(#5812,#5813,#5814,#5815));
#1293=EDGE_LOOP('',(#5816,#5817,#5818,#5819));
#1294=EDGE_LOOP('',(#5820,#5821,#5822,#5823));
#1295=EDGE_LOOP('',(#5824,#5825,#5826,#5827));
#1296=EDGE_LOOP('',(#5828,#5829,#5830,#5831));
#1297=EDGE_LOOP('',(#5832,#5833,#5834,#5835));
#1298=EDGE_LOOP('',(#5836,#5837,#5838,#5839,#5840,#5841));
#1299=EDGE_LOOP('',(#5842,#5843,#5844,#5845));
#1300=EDGE_LOOP('',(#5846,#5847,#5848,#5849));
#1301=EDGE_LOOP('',(#5850,#5851,#5852,#5853));
#1302=EDGE_LOOP('',(#5854,#5855,#5856,#5857));
#1303=EDGE_LOOP('',(#5858,#5859,#5860,#5861));
#1304=EDGE_LOOP('',(#5862,#5863,#5864,#5865));
#1305=EDGE_LOOP('',(#5866,#5867,#5868,#5869));
#1306=EDGE_LOOP('',(#5870,#5871,#5872,#5873,#5874));
#1307=EDGE_LOOP('',(#5875,#5876,#5877,#5878));
#1308=EDGE_LOOP('',(#5879,#5880,#5881,#5882,#5883));
#1309=EDGE_LOOP('',(#5884,#5885,#5886,#5887));
#1310=EDGE_LOOP('',(#5888,#5889,#5890,#5891));
#1311=EDGE_LOOP('',(#5892,#5893,#5894,#5895));
#1312=EDGE_LOOP('',(#5896,#5897,#5898,#5899));
#1313=EDGE_LOOP('',(#5900,#5901,#5902,#5903));
#1314=EDGE_LOOP('',(#5904,#5905,#5906,#5907,#5908,#5909,#5910,#5911,#5912,
#5913,#5914,#5915,#5916));
#1315=EDGE_LOOP('',(#5917));
#1316=EDGE_LOOP('',(#5918,#5919,#5920,#5921));
#1317=EDGE_LOOP('',(#5922,#5923,#5924,#5925));
#1318=EDGE_LOOP('',(#5926,#5927,#5928,#5929));
#1319=EDGE_LOOP('',(#5930,#5931,#5932,#5933));
#1320=EDGE_LOOP('',(#5934,#5935,#5936,#5937));
#1321=EDGE_LOOP('',(#5938,#5939,#5940,#5941));
#1322=EDGE_LOOP('',(#5942,#5943,#5944,#5945));
#1323=EDGE_LOOP('',(#5946,#5947,#5948,#5949,#5950,#5951,#5952,#5953));
#1324=EDGE_LOOP('',(#5954,#5955,#5956,#5957,#5958,#5959));
#1325=EDGE_LOOP('',(#5960,#5961,#5962,#5963));
#1326=EDGE_LOOP('',(#5964,#5965,#5966,#5967));
#1327=EDGE_LOOP('',(#5968,#5969,#5970,#5971));
#1328=EDGE_LOOP('',(#5972,#5973,#5974,#5975));
#1329=EDGE_LOOP('',(#5976,#5977,#5978,#5979));
#1330=EDGE_LOOP('',(#5980,#5981,#5982,#5983));
#1331=EDGE_LOOP('',(#5984,#5985,#5986,#5987));
#1332=EDGE_LOOP('',(#5988,#5989,#5990,#5991));
#1333=EDGE_LOOP('',(#5992,#5993,#5994,#5995));
#1334=EDGE_LOOP('',(#5996,#5997,#5998,#5999,#6000,#6001,#6002,#6003,#6004,
#6005));
#1335=EDGE_LOOP('',(#6006,#6007,#6008,#6009,#6010));
#1336=EDGE_LOOP('',(#6011,#6012,#6013,#6014,#6015,#6016));
#1337=EDGE_LOOP('',(#6017,#6018,#6019,#6020));
#1338=EDGE_LOOP('',(#6021,#6022,#6023,#6024,#6025,#6026,#6027,#6028));
#1339=EDGE_LOOP('',(#6029,#6030,#6031,#6032,#6033,#6034,#6035,#6036));
#1340=EDGE_LOOP('',(#6037,#6038,#6039,#6040));
#1341=EDGE_LOOP('',(#6041,#6042,#6043,#6044,#6045,#6046));
#1342=EDGE_LOOP('',(#6047,#6048,#6049,#6050));
#1343=EDGE_LOOP('',(#6051,#6052,#6053,#6054,#6055,#6056,#6057,#6058));
#1344=EDGE_LOOP('',(#6059,#6060,#6061,#6062,#6063,#6064,#6065,#6066));
#1345=EDGE_LOOP('',(#6067,#6068,#6069,#6070));
#1346=EDGE_LOOP('',(#6071,#6072,#6073,#6074));
#1347=EDGE_LOOP('',(#6075,#6076,#6077,#6078));
#1348=EDGE_LOOP('',(#6079,#6080,#6081,#6082));
#1349=EDGE_LOOP('',(#6083,#6084,#6085,#6086));
#1350=EDGE_LOOP('',(#6087,#6088,#6089,#6090));
#1351=EDGE_LOOP('',(#6091,#6092,#6093,#6094,#6095));
#1352=EDGE_LOOP('',(#6096,#6097,#6098,#6099));
#1353=EDGE_LOOP('',(#6100,#6101,#6102,#6103,#6104,#6105));
#1354=EDGE_LOOP('',(#6106,#6107,#6108,#6109,#6110,#6111,#6112,#6113,#6114));
#1355=EDGE_LOOP('',(#6115,#6116,#6117,#6118));
#1356=EDGE_LOOP('',(#6119,#6120,#6121,#6122,#6123));
#1357=EDGE_LOOP('',(#6124,#6125,#6126,#6127,#6128,#6129));
#1358=EDGE_LOOP('',(#6130,#6131,#6132,#6133));
#1359=EDGE_LOOP('',(#6134,#6135,#6136,#6137,#6138));
#1360=EDGE_LOOP('',(#6139,#6140,#6141,#6142));
#1361=EDGE_LOOP('',(#6143,#6144,#6145,#6146,#6147));
#1362=EDGE_LOOP('',(#6148,#6149,#6150,#6151));
#1363=EDGE_LOOP('',(#6152,#6153,#6154,#6155,#6156));
#1364=EDGE_LOOP('',(#6157,#6158,#6159,#6160));
#1365=EDGE_LOOP('',(#6161,#6162,#6163,#6164,#6165));
#1366=EDGE_LOOP('',(#6166,#6167,#6168,#6169));
#1367=EDGE_LOOP('',(#6170,#6171,#6172,#6173,#6174));
#1368=EDGE_LOOP('',(#6175,#6176,#6177,#6178));
#1369=EDGE_LOOP('',(#6179,#6180,#6181,#6182));
#1370=EDGE_LOOP('',(#6183,#6184,#6185,#6186,#6187));
#1371=EDGE_LOOP('',(#6188,#6189,#6190,#6191,#6192));
#1372=EDGE_LOOP('',(#6193,#6194,#6195,#6196));
#1373=EDGE_LOOP('',(#6197,#6198,#6199,#6200));
#1374=EDGE_LOOP('',(#6201,#6202,#6203,#6204,#6205));
#1375=EDGE_LOOP('',(#6206,#6207,#6208,#6209,#6210,#6211,#6212,#6213));
#1376=EDGE_LOOP('',(#6214,#6215,#6216,#6217,#6218,#6219));
#1377=EDGE_LOOP('',(#6220,#6221,#6222,#6223,#6224,#6225));
#1378=EDGE_LOOP('',(#6226,#6227,#6228,#6229,#6230,#6231,#6232,#6233));
#1379=EDGE_LOOP('',(#6234,#6235,#6236,#6237,#6238,#6239));
#1380=EDGE_LOOP('',(#6240,#6241,#6242,#6243,#6244,#6245,#6246,#6247));
#1381=EDGE_LOOP('',(#6248,#6249,#6250,#6251,#6252,#6253,#6254,#6255));
#1382=EDGE_LOOP('',(#6256,#6257,#6258,#6259,#6260,#6261));
#1383=EDGE_LOOP('',(#6262,#6263,#6264,#6265,#6266,#6267,#6268,#6269));
#1384=EDGE_LOOP('',(#6270,#6271,#6272,#6273));
#1385=EDGE_LOOP('',(#6274,#6275,#6276,#6277));
#1386=EDGE_LOOP('',(#6278,#6279,#6280,#6281));
#1387=EDGE_LOOP('',(#6282,#6283,#6284,#6285));
#1388=EDGE_LOOP('',(#6286,#6287,#6288,#6289));
#1389=EDGE_LOOP('',(#6290,#6291,#6292,#6293));
#1390=EDGE_LOOP('',(#6294,#6295,#6296,#6297));
#1391=EDGE_LOOP('',(#6298,#6299,#6300,#6301));
#1392=EDGE_LOOP('',(#6302,#6303,#6304,#6305));
#1393=EDGE_LOOP('',(#6306,#6307,#6308,#6309));
#1394=EDGE_LOOP('',(#6310));
#1395=EDGE_LOOP('',(#6311,#6312,#6313,#6314,#6315,#6316,#6317,#6318,#6319,
#6320,#6321,#6322,#6323,#6324,#6325));
#1396=EDGE_LOOP('',(#6326));
#1397=EDGE_LOOP('',(#6327));
#1398=EDGE_LOOP('',(#6328,#6329,#6330,#6331,#6332,#6333,#6334,#6335,#6336,
#6337,#6338,#6339,#6340,#6341,#6342));
#1399=EDGE_LOOP('',(#6343));
#1400=EDGE_LOOP('',(#6344));
#1401=EDGE_LOOP('',(#6345,#6346,#6347,#6348));
#1402=EDGE_LOOP('',(#6349,#6350,#6351,#6352,#6353,#6354,#6355,#6356,#6357));
#1403=EDGE_LOOP('',(#6358,#6359,#6360,#6361));
#1404=EDGE_LOOP('',(#6362,#6363,#6364,#6365));
#1405=EDGE_LOOP('',(#6366,#6367,#6368,#6369));
#1406=EDGE_LOOP('',(#6370,#6371,#6372,#6373,#6374,#6375,#6376,#6377,#6378));
#1407=EDGE_LOOP('',(#6379,#6380,#6381,#6382));
#1408=EDGE_LOOP('',(#6383));
#1409=EDGE_LOOP('',(#6384));
#1410=EDGE_LOOP('',(#6385,#6386,#6387,#6388));
#1411=EDGE_LOOP('',(#6389));
#1412=EDGE_LOOP('',(#6390,#6391,#6392,#6393,#6394,#6395,#6396));
#1413=EDGE_LOOP('',(#6397,#6398,#6399,#6400));
#1414=EDGE_LOOP('',(#6401,#6402,#6403,#6404,#6405,#6406,#6407));
#1415=EDGE_LOOP('',(#6408,#6409,#6410,#6411));
#1416=EDGE_LOOP('',(#6412,#6413,#6414,#6415,#6416,#6417,#6418));
#1417=EDGE_LOOP('',(#6419,#6420,#6421,#6422));
#1418=EDGE_LOOP('',(#6423,#6424,#6425,#6426));
#1419=EDGE_LOOP('',(#6427,#6428,#6429,#6430));
#1420=EDGE_LOOP('',(#6431,#6432,#6433,#6434,#6435,#6436,#6437,#6438,#6439));
#1421=EDGE_LOOP('',(#6440,#6441,#6442,#6443));
#1422=EDGE_LOOP('',(#6444,#6445,#6446,#6447));
#1423=EDGE_LOOP('',(#6448,#6449,#6450,#6451));
#1424=EDGE_LOOP('',(#6452,#6453,#6454,#6455));
#1425=EDGE_LOOP('',(#6456,#6457,#6458,#6459));
#1426=EDGE_LOOP('',(#6460,#6461,#6462,#6463));
#1427=EDGE_LOOP('',(#6464,#6465,#6466,#6467));
#1428=EDGE_LOOP('',(#6468,#6469,#6470,#6471,#6472,#6473,#6474));
#1429=EDGE_LOOP('',(#6475,#6476,#6477,#6478,#6479,#6480,#6481));
#1430=EDGE_LOOP('',(#6482,#6483,#6484,#6485,#6486,#6487,#6488));
#1431=EDGE_LOOP('',(#6489,#6490,#6491,#6492));
#1432=EDGE_LOOP('',(#6493,#6494,#6495,#6496));
#1433=EDGE_LOOP('',(#6497,#6498,#6499,#6500));
#1434=EDGE_LOOP('',(#6501,#6502,#6503,#6504));
#1435=EDGE_LOOP('',(#6505,#6506,#6507,#6508));
#1436=EDGE_LOOP('',(#6509,#6510,#6511,#6512));
#1437=EDGE_LOOP('',(#6513,#6514,#6515,#6516));
#1438=EDGE_LOOP('',(#6517,#6518,#6519,#6520));
#1439=EDGE_LOOP('',(#6521,#6522,#6523,#6524));
#1440=EDGE_LOOP('',(#6525,#6526,#6527,#6528));
#1441=EDGE_LOOP('',(#6529,#6530,#6531,#6532));
#1442=EDGE_LOOP('',(#6533,#6534,#6535,#6536,#6537,#6538,#6539,#6540,#6541,
#6542,#6543,#6544,#6545,#6546,#6547,#6548));
#1443=EDGE_LOOP('',(#6549,#6550,#6551,#6552));
#1444=EDGE_LOOP('',(#6553,#6554,#6555,#6556));
#1445=EDGE_LOOP('',(#6557,#6558,#6559,#6560));
#1446=EDGE_LOOP('',(#6561,#6562,#6563,#6564));
#1447=EDGE_LOOP('',(#6565,#6566,#6567,#6568));
#1448=EDGE_LOOP('',(#6569,#6570,#6571,#6572));
#1449=EDGE_LOOP('',(#6573,#6574,#6575,#6576));
#1450=EDGE_LOOP('',(#6577,#6578,#6579,#6580));
#1451=EDGE_LOOP('',(#6581,#6582,#6583,#6584));
#1452=EDGE_LOOP('',(#6585,#6586,#6587,#6588));
#1453=EDGE_LOOP('',(#6589,#6590,#6591,#6592));
#1454=EDGE_LOOP('',(#6593,#6594,#6595,#6596));
#1455=EDGE_LOOP('',(#6597,#6598,#6599,#6600));
#1456=EDGE_LOOP('',(#6601,#6602,#6603,#6604));
#1457=EDGE_LOOP('',(#6605,#6606,#6607,#6608));
#1458=EDGE_LOOP('',(#6609,#6610,#6611,#6612));
#1459=EDGE_LOOP('',(#6613,#6614,#6615,#6616));
#1460=EDGE_LOOP('',(#6617,#6618,#6619,#6620,#6621,#6622,#6623,#6624));
#1461=EDGE_LOOP('',(#6625,#6626,#6627,#6628));
#1462=EDGE_LOOP('',(#6629,#6630,#6631,#6632));
#1463=EDGE_LOOP('',(#6633,#6634,#6635,#6636));
#1464=EDGE_LOOP('',(#6637,#6638,#6639,#6640));
#1465=EDGE_LOOP('',(#6641,#6642,#6643,#6644));
#1466=EDGE_LOOP('',(#6645,#6646,#6647,#6648,#6649,#6650));
#1467=EDGE_LOOP('',(#6651,#6652,#6653,#6654));
#1468=EDGE_LOOP('',(#6655,#6656,#6657,#6658,#6659,#6660,#6661,#6662));
#1469=EDGE_LOOP('',(#6663,#6664,#6665,#6666,#6667,#6668,#6669,#6670));
#1470=EDGE_LOOP('',(#6671,#6672,#6673,#6674,#6675,#6676,#6677,#6678,#6679));
#1471=EDGE_LOOP('',(#6680,#6681,#6682,#6683,#6684,#6685,#6686,#6687,#6688));
#1472=EDGE_LOOP('',(#6689,#6690,#6691,#6692));
#1473=EDGE_LOOP('',(#6693,#6694,#6695,#6696));
#1474=EDGE_LOOP('',(#6697,#6698,#6699,#6700));
#1475=EDGE_LOOP('',(#6701,#6702,#6703,#6704));
#1476=EDGE_LOOP('',(#6705,#6706,#6707,#6708,#6709,#6710,#6711,#6712,#6713,
#6714,#6715,#6716,#6717,#6718,#6719,#6720));
#1477=EDGE_LOOP('',(#6721,#6722,#6723,#6724));
#1478=EDGE_LOOP('',(#6725,#6726,#6727,#6728));
#1479=EDGE_LOOP('',(#6729,#6730,#6731,#6732));
#1480=EDGE_LOOP('',(#6733,#6734,#6735,#6736));
#1481=EDGE_LOOP('',(#6737,#6738,#6739,#6740));
#1482=EDGE_LOOP('',(#6741,#6742,#6743,#6744));
#1483=EDGE_LOOP('',(#6745,#6746,#6747,#6748));
#1484=EDGE_LOOP('',(#6749,#6750,#6751,#6752));
#1485=EDGE_LOOP('',(#6753,#6754,#6755,#6756));
#1486=EDGE_LOOP('',(#6757,#6758,#6759,#6760));
#1487=EDGE_LOOP('',(#6761,#6762,#6763,#6764));
#1488=EDGE_LOOP('',(#6765,#6766,#6767,#6768));
#1489=EDGE_LOOP('',(#6769,#6770,#6771,#6772));
#1490=EDGE_LOOP('',(#6773,#6774,#6775,#6776));
#1491=EDGE_LOOP('',(#6777,#6778,#6779,#6780));
#1492=EDGE_LOOP('',(#6781,#6782,#6783,#6784));
#1493=EDGE_LOOP('',(#6785,#6786,#6787,#6788));
#1494=EDGE_LOOP('',(#6789,#6790,#6791,#6792));
#1495=EDGE_LOOP('',(#6793,#6794,#6795,#6796));
#1496=EDGE_LOOP('',(#6797,#6798,#6799,#6800));
#1497=EDGE_LOOP('',(#6801,#6802,#6803,#6804,#6805,#6806));
#1498=EDGE_LOOP('',(#6807,#6808,#6809,#6810));
#1499=EDGE_LOOP('',(#6811,#6812,#6813,#6814,#6815,#6816,#6817,#6818));
#1500=EDGE_LOOP('',(#6819,#6820,#6821,#6822,#6823,#6824,#6825,#6826));
#1501=LINE('',#10114,#2217);
#1502=LINE('',#10144,#2218);
#1503=LINE('',#10159,#2219);
#1504=LINE('',#10162,#2220);
#1505=LINE('',#10166,#2221);
#1506=LINE('',#10170,#2222);
#1507=LINE('',#10172,#2223);
#1508=LINE('',#10174,#2224);
#1509=LINE('',#10175,#2225);
#1510=LINE('',#10181,#2226);
#1511=LINE('',#10184,#2227);
#1512=LINE('',#10186,#2228);
#1513=LINE('',#10187,#2229);
#1514=LINE('',#10194,#2230);
#1515=LINE('',#10196,#2231);
#1516=LINE('',#10198,#2232);
#1517=LINE('',#10199,#2233);
#1518=LINE('',#10205,#2234);
#1519=LINE('',#10208,#2235);
#1520=LINE('',#10210,#2236);
#1521=LINE('',#10211,#2237);
#1522=LINE('',#10245,#2238);
#1523=LINE('',#10252,#2239);
#1524=LINE('',#10256,#2240);
#1525=LINE('',#10259,#2241);
#1526=LINE('',#10261,#2242);
#1527=LINE('',#10263,#2243);
#1528=LINE('',#10266,#2244);
#1529=LINE('',#10273,#2245);
#1530=LINE('',#10275,#2246);
#1531=LINE('',#10276,#2247);
#1532=LINE('',#10279,#2248);
#1533=LINE('',#10280,#2249);
#1534=LINE('',#10282,#2250);
#1535=LINE('',#10287,#2251);
#1536=LINE('',#10290,#2252);
#1537=LINE('',#10296,#2253);
#1538=LINE('',#10301,#2254);
#1539=LINE('',#10303,#2255);
#1540=LINE('',#10305,#2256);
#1541=LINE('',#10306,#2257);
#1542=LINE('',#10312,#2258);
#1543=LINE('',#10315,#2259);
#1544=LINE('',#10317,#2260);
#1545=LINE('',#10318,#2261);
#1546=LINE('',#10326,#2262);
#1547=LINE('',#10333,#2263);
#1548=LINE('',#10336,#2264);
#1549=LINE('',#10338,#2265);
#1550=LINE('',#10339,#2266);
#1551=LINE('',#10345,#2267);
#1552=LINE('',#10348,#2268);
#1553=LINE('',#10350,#2269);
#1554=LINE('',#10351,#2270);
#1555=LINE('',#10357,#2271);
#1556=LINE('',#10359,#2272);
#1557=LINE('',#10360,#2273);
#1558=LINE('',#10380,#2274);
#1559=LINE('',#10410,#2275);
#1560=LINE('',#10425,#2276);
#1561=LINE('',#10428,#2277);
#1562=LINE('',#10432,#2278);
#1563=LINE('',#10436,#2279);
#1564=LINE('',#10438,#2280);
#1565=LINE('',#10440,#2281);
#1566=LINE('',#10441,#2282);
#1567=LINE('',#10446,#2283);
#1568=LINE('',#10450,#2284);
#1569=LINE('',#10452,#2285);
#1570=LINE('',#10453,#2286);
#1571=LINE('',#10460,#2287);
#1572=LINE('',#10462,#2288);
#1573=LINE('',#10464,#2289);
#1574=LINE('',#10465,#2290);
#1575=LINE('',#10470,#2291);
#1576=LINE('',#10474,#2292);
#1577=LINE('',#10476,#2293);
#1578=LINE('',#10477,#2294);
#1579=LINE('',#10511,#2295);
#1580=LINE('',#10518,#2296);
#1581=LINE('',#10522,#2297);
#1582=LINE('',#10525,#2298);
#1583=LINE('',#10527,#2299);
#1584=LINE('',#10529,#2300);
#1585=LINE('',#10532,#2301);
#1586=LINE('',#10539,#2302);
#1587=LINE('',#10541,#2303);
#1588=LINE('',#10542,#2304);
#1589=LINE('',#10545,#2305);
#1590=LINE('',#10546,#2306);
#1591=LINE('',#10548,#2307);
#1592=LINE('',#10552,#2308);
#1593=LINE('',#10556,#2309);
#1594=LINE('',#10562,#2310);
#1595=LINE('',#10567,#2311);
#1596=LINE('',#10569,#2312);
#1597=LINE('',#10571,#2313);
#1598=LINE('',#10572,#2314);
#1599=LINE('',#10577,#2315);
#1600=LINE('',#10581,#2316);
#1601=LINE('',#10583,#2317);
#1602=LINE('',#10584,#2318);
#1603=LINE('',#10592,#2319);
#1604=LINE('',#10598,#2320);
#1605=LINE('',#10602,#2321);
#1606=LINE('',#10604,#2322);
#1607=LINE('',#10605,#2323);
#1608=LINE('',#10610,#2324);
#1609=LINE('',#10614,#2325);
#1610=LINE('',#10616,#2326);
#1611=LINE('',#10617,#2327);
#1612=LINE('',#10622,#2328);
#1613=LINE('',#10625,#2329);
#1614=LINE('',#10626,#2330);
#1615=LINE('',#10637,#2331);
#1616=LINE('',#10643,#2332);
#1617=LINE('',#10650,#2333);
#1618=LINE('',#10653,#2334);
#1619=LINE('',#10656,#2335);
#1620=LINE('',#10658,#2336);
#1621=LINE('',#10659,#2337);
#1622=LINE('',#10665,#2338);
#1623=LINE('',#10667,#2339);
#1624=LINE('',#10668,#2340);
#1625=LINE('',#10676,#2341);
#1626=LINE('',#10682,#2342);
#1627=LINE('',#10689,#2343);
#1628=LINE('',#10692,#2344);
#1629=LINE('',#10695,#2345);
#1630=LINE('',#10697,#2346);
#1631=LINE('',#10698,#2347);
#1632=LINE('',#10703,#2348);
#1633=LINE('',#10706,#2349);
#1634=LINE('',#10707,#2350);
#1635=LINE('',#10718,#2351);
#1636=LINE('',#10721,#2352);
#1637=LINE('',#10738,#2353);
#1638=LINE('',#10750,#2354);
#1639=LINE('',#10753,#2355);
#1640=LINE('',#10755,#2356);
#1641=LINE('',#10759,#2357);
#1642=LINE('',#10760,#2358);
#1643=LINE('',#10773,#2359);
#1644=LINE('',#10789,#2360);
#1645=LINE('',#10793,#2361);
#1646=LINE('',#10795,#2362);
#1647=LINE('',#10798,#2363);
#1648=LINE('',#10820,#2364);
#1649=LINE('',#10836,#2365);
#1650=LINE('',#10838,#2366);
#1651=LINE('',#10841,#2367);
#1652=LINE('',#10847,#2368);
#1653=LINE('',#10851,#2369);
#1654=LINE('',#11228,#2370);
#1655=LINE('',#11229,#2371);
#1656=LINE('',#11235,#2372);
#1657=LINE('',#11240,#2373);
#1658=LINE('',#11246,#2374);
#1659=LINE('',#11250,#2375);
#1660=LINE('',#11252,#2376);
#1661=LINE('',#11254,#2377);
#1662=LINE('',#11256,#2378);
#1663=LINE('',#11258,#2379);
#1664=LINE('',#11260,#2380);
#1665=LINE('',#11262,#2381);
#1666=LINE('',#11264,#2382);
#1667=LINE('',#11266,#2383);
#1668=LINE('',#11268,#2384);
#1669=LINE('',#11269,#2385);
#1670=LINE('',#11273,#2386);
#1671=LINE('',#11275,#2387);
#1672=LINE('',#11277,#2388);
#1673=LINE('',#11278,#2389);
#1674=LINE('',#11281,#2390);
#1675=LINE('',#11283,#2391);
#1676=LINE('',#11284,#2392);
#1677=LINE('',#11287,#2393);
#1678=LINE('',#11289,#2394);
#1679=LINE('',#11291,#2395);
#1680=LINE('',#11293,#2396);
#1681=LINE('',#11294,#2397);
#1682=LINE('',#11297,#2398);
#1683=LINE('',#11299,#2399);
#1684=LINE('',#11300,#2400);
#1685=LINE('',#11302,#2401);
#1686=LINE('',#11304,#2402);
#1687=LINE('',#11306,#2403);
#1688=LINE('',#11308,#2404);
#1689=LINE('',#11310,#2405);
#1690=LINE('',#11311,#2406);
#1691=LINE('',#11313,#2407);
#1692=LINE('',#11316,#2408);
#1693=LINE('',#11318,#2409);
#1694=LINE('',#11319,#2410);
#1695=LINE('',#11321,#2411);
#1696=LINE('',#11324,#2412);
#1697=LINE('',#11325,#2413);
#1698=LINE('',#11336,#2414);
#1699=LINE('',#11340,#2415);
#1700=LINE('',#11346,#2416);
#1701=LINE('',#11350,#2417);
#1702=LINE('',#11352,#2418);
#1703=LINE('',#11354,#2419);
#1704=LINE('',#11358,#2420);
#1705=LINE('',#11362,#2421);
#1706=LINE('',#11363,#2422);
#1707=LINE('',#11371,#2423);
#1708=LINE('',#11374,#2424);
#1709=LINE('',#11377,#2425);
#1710=LINE('',#11379,#2426);
#1711=LINE('',#11381,#2427);
#1712=LINE('',#11385,#2428);
#1713=LINE('',#11387,#2429);
#1714=LINE('',#11389,#2430);
#1715=LINE('',#11391,#2431);
#1716=LINE('',#11393,#2432);
#1717=LINE('',#11395,#2433);
#1718=LINE('',#11397,#2434);
#1719=LINE('',#11399,#2435);
#1720=LINE('',#11401,#2436);
#1721=LINE('',#11403,#2437);
#1722=LINE('',#11405,#2438);
#1723=LINE('',#11407,#2439);
#1724=LINE('',#11409,#2440);
#1725=LINE('',#11411,#2441);
#1726=LINE('',#11413,#2442);
#1727=LINE('',#11415,#2443);
#1728=LINE('',#11417,#2444);
#1729=LINE('',#11419,#2445);
#1730=LINE('',#11421,#2446);
#1731=LINE('',#11423,#2447);
#1732=LINE('',#11425,#2448);
#1733=LINE('',#11427,#2449);
#1734=LINE('',#11429,#2450);
#1735=LINE('',#11431,#2451);
#1736=LINE('',#11433,#2452);
#1737=LINE('',#11435,#2453);
#1738=LINE('',#11437,#2454);
#1739=LINE('',#11439,#2455);
#1740=LINE('',#11441,#2456);
#1741=LINE('',#11443,#2457);
#1742=LINE('',#11445,#2458);
#1743=LINE('',#11447,#2459);
#1744=LINE('',#11449,#2460);
#1745=LINE('',#11451,#2461);
#1746=LINE('',#11453,#2462);
#1747=LINE('',#11455,#2463);
#1748=LINE('',#11457,#2464);
#1749=LINE('',#11459,#2465);
#1750=LINE('',#11461,#2466);
#1751=LINE('',#11463,#2467);
#1752=LINE('',#11465,#2468);
#1753=LINE('',#11468,#2469);
#1754=LINE('',#11470,#2470);
#1755=LINE('',#11472,#2471);
#1756=LINE('',#11474,#2472);
#1757=LINE('',#11476,#2473);
#1758=LINE('',#11478,#2474);
#1759=LINE('',#11480,#2475);
#1760=LINE('',#11482,#2476);
#1761=LINE('',#11484,#2477);
#1762=LINE('',#11486,#2478);
#1763=LINE('',#11488,#2479);
#1764=LINE('',#11489,#2480);
#1765=LINE('',#11491,#2481);
#1766=LINE('',#11495,#2482);
#1767=LINE('',#11499,#2483);
#1768=LINE('',#11503,#2484);
#1769=LINE('',#11506,#2485);
#1770=LINE('',#11510,#2486);
#1771=LINE('',#11514,#2487);
#1772=LINE('',#11516,#2488);
#1773=LINE('',#11518,#2489);
#1774=LINE('',#11522,#2490);
#1775=LINE('',#11526,#2491);
#1776=LINE('',#11528,#2492);
#1777=LINE('',#11529,#2493);
#1778=LINE('',#11556,#2494);
#1779=LINE('',#11559,#2495);
#1780=LINE('',#11562,#2496);
#1781=LINE('',#11563,#2497);
#1782=LINE('',#11564,#2498);
#1783=LINE('',#11569,#2499);
#1784=LINE('',#11573,#2500);
#1785=LINE('',#11575,#2501);
#1786=LINE('',#11577,#2502);
#1787=LINE('',#11580,#2503);
#1788=LINE('',#11582,#2504);
#1789=LINE('',#11584,#2505);
#1790=LINE('',#11586,#2506);
#1791=LINE('',#11588,#2507);
#1792=LINE('',#11590,#2508);
#1793=LINE('',#11592,#2509);
#1794=LINE('',#11594,#2510);
#1795=LINE('',#11596,#2511);
#1796=LINE('',#11598,#2512);
#1797=LINE('',#11600,#2513);
#1798=LINE('',#11604,#2514);
#1799=LINE('',#11608,#2515);
#1800=LINE('',#11610,#2516);
#1801=LINE('',#11611,#2517);
#1802=LINE('',#11614,#2518);
#1803=LINE('',#11616,#2519);
#1804=LINE('',#11618,#2520);
#1805=LINE('',#11619,#2521);
#1806=LINE('',#11622,#2522);
#1807=LINE('',#11624,#2523);
#1808=LINE('',#11626,#2524);
#1809=LINE('',#11627,#2525);
#1810=LINE('',#11630,#2526);
#1811=LINE('',#11632,#2527);
#1812=LINE('',#11634,#2528);
#1813=LINE('',#11635,#2529);
#1814=LINE('',#11638,#2530);
#1815=LINE('',#11640,#2531);
#1816=LINE('',#11642,#2532);
#1817=LINE('',#11643,#2533);
#1818=LINE('',#11646,#2534);
#1819=LINE('',#11664,#2535);
#1820=LINE('',#11667,#2536);
#1821=LINE('',#11669,#2537);
#1822=LINE('',#11670,#2538);
#1823=LINE('',#11672,#2539);
#1824=LINE('',#11674,#2540);
#1825=LINE('',#11676,#2541);
#1826=LINE('',#11708,#2542);
#1827=LINE('',#11709,#2543);
#1828=LINE('',#11712,#2544);
#1829=LINE('',#11716,#2545);
#1830=LINE('',#11718,#2546);
#1831=LINE('',#11719,#2547);
#1832=LINE('',#11722,#2548);
#1833=LINE('',#11726,#2549);
#1834=LINE('',#11730,#2550);
#1835=LINE('',#11734,#2551);
#1836=LINE('',#11738,#2552);
#1837=LINE('',#11742,#2553);
#1838=LINE('',#11746,#2554);
#1839=LINE('',#11750,#2555);
#1840=LINE('',#11752,#2556);
#1841=LINE('',#11754,#2557);
#1842=LINE('',#11756,#2558);
#1843=LINE('',#11758,#2559);
#1844=LINE('',#11759,#2560);
#1845=LINE('',#11775,#2561);
#1846=LINE('',#11778,#2562);
#1847=LINE('',#11782,#2563);
#1848=LINE('',#11784,#2564);
#1849=LINE('',#11785,#2565);
#1850=LINE('',#11787,#2566);
#1851=LINE('',#11790,#2567);
#1852=LINE('',#11795,#2568);
#1853=LINE('',#11799,#2569);
#1854=LINE('',#11801,#2570);
#1855=LINE('',#11802,#2571);
#1856=LINE('',#11805,#2572);
#1857=LINE('',#11809,#2573);
#1858=LINE('',#11813,#2574);
#1859=LINE('',#11817,#2575);
#1860=LINE('',#11821,#2576);
#1861=LINE('',#11826,#2577);
#1862=LINE('',#11830,#2578);
#1863=LINE('',#11834,#2579);
#1864=LINE('',#11837,#2580);
#1865=LINE('',#11838,#2581);
#1866=LINE('',#11842,#2582);
#1867=LINE('',#11844,#2583);
#1868=LINE('',#11845,#2584);
#1869=LINE('',#11856,#2585);
#1870=LINE('',#11860,#2586);
#1871=LINE('',#11861,#2587);
#1872=LINE('',#11864,#2588);
#1873=LINE('',#11868,#2589);
#1874=LINE('',#11869,#2590);
#1875=LINE('',#11874,#2591);
#1876=LINE('',#11875,#2592);
#1877=LINE('',#11892,#2593);
#1878=LINE('',#11894,#2594);
#1879=LINE('',#11896,#2595);
#1880=LINE('',#11897,#2596);
#1881=LINE('',#11902,#2597);
#1882=LINE('',#11903,#2598);
#1883=LINE('',#11906,#2599);
#1884=LINE('',#11907,#2600);
#1885=LINE('',#11911,#2601);
#1886=LINE('',#11914,#2602);
#1887=LINE('',#11917,#2603);
#1888=LINE('',#11920,#2604);
#1889=LINE('',#11921,#2605);
#1890=LINE('',#11927,#2606);
#1891=LINE('',#11930,#2607);
#1892=LINE('',#11931,#2608);
#1893=LINE('',#11935,#2609);
#1894=LINE('',#11938,#2610);
#1895=LINE('',#11940,#2611);
#1896=LINE('',#11941,#2612);
#1897=LINE('',#11943,#2613);
#1898=LINE('',#11945,#2614);
#1899=LINE('',#11946,#2615);
#1900=LINE('',#11948,#2616);
#1901=LINE('',#11949,#2617);
#1902=LINE('',#11952,#2618);
#1903=LINE('',#11953,#2619);
#1904=LINE('',#11955,#2620);
#1905=LINE('',#11956,#2621);
#1906=LINE('',#11959,#2622);
#1907=LINE('',#11960,#2623);
#1908=LINE('',#11962,#2624);
#1909=LINE('',#11964,#2625);
#1910=LINE('',#11965,#2626);
#1911=LINE('',#11967,#2627);
#1912=LINE('',#11970,#2628);
#1913=LINE('',#11971,#2629);
#1914=LINE('',#11973,#2630);
#1915=LINE('',#11975,#2631);
#1916=LINE('',#11978,#2632);
#1917=LINE('',#11981,#2633);
#1918=LINE('',#11982,#2634);
#1919=LINE('',#11985,#2635);
#1920=LINE('',#11988,#2636);
#1921=LINE('',#11991,#2637);
#1922=LINE('',#11992,#2638);
#1923=LINE('',#11995,#2639);
#1924=LINE('',#11998,#2640);
#1925=LINE('',#12000,#2641);
#1926=LINE('',#12004,#2642);
#1927=LINE('',#12008,#2643);
#1928=LINE('',#12009,#2644);
#1929=LINE('',#12013,#2645);
#1930=LINE('',#12014,#2646);
#1931=LINE('',#12016,#2647);
#1932=LINE('',#12018,#2648);
#1933=LINE('',#12020,#2649);
#1934=LINE('',#12022,#2650);
#1935=LINE('',#12027,#2651);
#1936=LINE('',#12028,#2652);
#1937=LINE('',#12031,#2653);
#1938=LINE('',#12035,#2654);
#1939=LINE('',#12036,#2655);
#1940=LINE('',#12038,#2656);
#1941=LINE('',#12041,#2657);
#1942=LINE('',#12043,#2658);
#1943=LINE('',#12045,#2659);
#1944=LINE('',#12049,#2660);
#1945=LINE('',#12050,#2661);
#1946=LINE('',#12052,#2662);
#1947=LINE('',#12053,#2663);
#1948=LINE('',#12056,#2664);
#1949=LINE('',#12060,#2665);
#1950=LINE('',#12063,#2666);
#1951=LINE('',#12066,#2667);
#1952=LINE('',#12069,#2668);
#1953=LINE('',#12070,#2669);
#1954=LINE('',#12073,#2670);
#1955=LINE('',#12076,#2671);
#1956=LINE('',#12078,#2672);
#1957=LINE('',#12080,#2673);
#1958=LINE('',#12084,#2674);
#1959=LINE('',#12088,#2675);
#1960=LINE('',#12089,#2676);
#1961=LINE('',#12093,#2677);
#1962=LINE('',#12094,#2678);
#1963=LINE('',#12096,#2679);
#1964=LINE('',#12098,#2680);
#1965=LINE('',#12100,#2681);
#1966=LINE('',#12102,#2682);
#1967=LINE('',#12105,#2683);
#1968=LINE('',#12108,#2684);
#1969=LINE('',#12110,#2685);
#1970=LINE('',#12111,#2686);
#1971=LINE('',#12114,#2687);
#1972=LINE('',#12118,#2688);
#1973=LINE('',#12119,#2689);
#1974=LINE('',#12121,#2690);
#1975=LINE('',#12124,#2691);
#1976=LINE('',#12125,#2692);
#1977=LINE('',#12129,#2693);
#1978=LINE('',#12132,#2694);
#1979=LINE('',#12133,#2695);
#1980=LINE('',#12135,#2696);
#1981=LINE('',#12137,#2697);
#1982=LINE('',#12138,#2698);
#1983=LINE('',#12144,#2699);
#1984=LINE('',#12147,#2700);
#1985=LINE('',#12151,#2701);
#1986=LINE('',#12154,#2702);
#1987=LINE('',#12157,#2703);
#1988=LINE('',#12161,#2704);
#1989=LINE('',#12165,#2705);
#1990=LINE('',#12169,#2706);
#1991=LINE('',#12173,#2707);
#1992=LINE('',#12177,#2708);
#1993=LINE('',#12181,#2709);
#1994=LINE('',#12185,#2710);
#1995=LINE('',#12189,#2711);
#1996=LINE('',#12193,#2712);
#1997=LINE('',#12198,#2713);
#1998=LINE('',#12202,#2714);
#1999=LINE('',#12205,#2715);
#2000=LINE('',#12208,#2716);
#2001=LINE('',#12212,#2717);
#2002=LINE('',#12216,#2718);
#2003=LINE('',#12220,#2719);
#2004=LINE('',#12224,#2720);
#2005=LINE('',#12228,#2721);
#2006=LINE('',#12232,#2722);
#2007=LINE('',#12236,#2723);
#2008=LINE('',#12240,#2724);
#2009=LINE('',#12244,#2725);
#2010=LINE('',#12249,#2726);
#2011=LINE('',#12253,#2727);
#2012=LINE('',#12257,#2728);
#2013=LINE('',#12261,#2729);
#2014=LINE('',#12263,#2730);
#2015=LINE('',#12265,#2731);
#2016=LINE('',#12287,#2732);
#2017=LINE('',#12299,#2733);
#2018=LINE('',#12300,#2734);
#2019=LINE('',#12301,#2735);
#2020=LINE('',#12303,#2736);
#2021=LINE('',#12306,#2737);
#2022=LINE('',#12308,#2738);
#2023=LINE('',#12309,#2739);
#2024=LINE('',#12310,#2740);
#2025=LINE('',#12312,#2741);
#2026=LINE('',#12313,#2742);
#2027=LINE('',#12314,#2743);
#2028=LINE('',#12361,#2744);
#2029=LINE('',#12363,#2745);
#2030=LINE('',#12367,#2746);
#2031=LINE('',#12370,#2747);
#2032=LINE('',#12372,#2748);
#2033=LINE('',#12373,#2749);
#2034=LINE('',#12374,#2750);
#2035=LINE('',#12376,#2751);
#2036=LINE('',#12379,#2752);
#2037=LINE('',#12381,#2753);
#2038=LINE('',#12382,#2754);
#2039=LINE('',#12384,#2755);
#2040=LINE('',#12387,#2756);
#2041=LINE('',#12389,#2757);
#2042=LINE('',#12390,#2758);
#2043=LINE('',#12391,#2759);
#2044=LINE('',#12393,#2760);
#2045=LINE('',#12396,#2761);
#2046=LINE('',#12398,#2762);
#2047=LINE('',#12399,#2763);
#2048=LINE('',#12401,#2764);
#2049=LINE('',#12403,#2765);
#2050=LINE('',#12405,#2766);
#2051=LINE('',#12407,#2767);
#2052=LINE('',#12408,#2768);
#2053=LINE('',#12410,#2769);
#2054=LINE('',#12413,#2770);
#2055=LINE('',#12414,#2771);
#2056=LINE('',#12417,#2772);
#2057=LINE('',#12418,#2773);
#2058=LINE('',#12420,#2774);
#2059=LINE('',#12422,#2775);
#2060=LINE('',#12424,#2776);
#2061=LINE('',#12425,#2777);
#2062=LINE('',#12427,#2778);
#2063=LINE('',#12430,#2779);
#2064=LINE('',#12431,#2780);
#2065=LINE('',#12434,#2781);
#2066=LINE('',#12435,#2782);
#2067=LINE('',#12438,#2783);
#2068=LINE('',#12439,#2784);
#2069=LINE('',#12441,#2785);
#2070=LINE('',#12442,#2786);
#2071=LINE('',#12445,#2787);
#2072=LINE('',#12447,#2788);
#2073=LINE('',#12448,#2789);
#2074=LINE('',#12451,#2790);
#2075=LINE('',#12453,#2791);
#2076=LINE('',#12454,#2792);
#2077=LINE('',#12457,#2793);
#2078=LINE('',#12459,#2794);
#2079=LINE('',#12460,#2795);
#2080=LINE('',#12462,#2796);
#2081=LINE('',#12463,#2797);
#2082=LINE('',#12466,#2798);
#2083=LINE('',#12468,#2799);
#2084=LINE('',#12469,#2800);
#2085=LINE('',#12472,#2801);
#2086=LINE('',#12473,#2802);
#2087=LINE('',#12475,#2803);
#2088=LINE('',#12476,#2804);
#2089=LINE('',#12479,#2805);
#2090=LINE('',#12480,#2806);
#2091=LINE('',#12482,#2807);
#2092=LINE('',#12484,#2808);
#2093=LINE('',#12485,#2809);
#2094=LINE('',#12488,#2810);
#2095=LINE('',#12490,#2811);
#2096=LINE('',#12491,#2812);
#2097=LINE('',#12494,#2813);
#2098=LINE('',#12496,#2814);
#2099=LINE('',#12500,#2815);
#2100=LINE('',#12501,#2816);
#2101=LINE('',#12505,#2817);
#2102=LINE('',#12509,#2818);
#2103=LINE('',#12513,#2819);
#2104=LINE('',#12516,#2820);
#2105=LINE('',#12517,#2821);
#2106=LINE('',#12522,#2822);
#2107=LINE('',#12525,#2823);
#2108=LINE('',#12528,#2824);
#2109=LINE('',#12529,#2825);
#2110=LINE('',#12533,#2826);
#2111=LINE('',#12535,#2827);
#2112=LINE('',#12537,#2828);
#2113=LINE('',#12540,#2829);
#2114=LINE('',#12541,#2830);
#2115=LINE('',#12543,#2831);
#2116=LINE('',#12545,#2832);
#2117=LINE('',#12547,#2833);
#2118=LINE('',#12548,#2834);
#2119=LINE('',#12552,#2835);
#2120=LINE('',#12554,#2836);
#2121=LINE('',#12562,#2837);
#2122=LINE('',#12567,#2838);
#2123=LINE('',#12584,#2839);
#2124=LINE('',#12601,#2840);
#2125=LINE('',#12619,#2841);
#2126=LINE('',#12636,#2842);
#2127=LINE('',#12654,#2843);
#2128=LINE('',#12671,#2844);
#2129=LINE('',#12674,#2845);
#2130=LINE('',#12690,#2846);
#2131=LINE('',#12704,#2847);
#2132=LINE('',#12751,#2848);
#2133=LINE('',#12760,#2849);
#2134=LINE('',#12769,#2850);
#2135=LINE('',#12808,#2851);
#2136=LINE('',#12810,#2852);
#2137=LINE('',#12812,#2853);
#2138=LINE('',#12813,#2854);
#2139=LINE('',#12819,#2855);
#2140=LINE('',#12822,#2856);
#2141=LINE('',#12824,#2857);
#2142=LINE('',#12825,#2858);
#2143=LINE('',#12827,#2859);
#2144=LINE('',#12829,#2860);
#2145=LINE('',#12830,#2861);
#2146=LINE('',#12831,#2862);
#2147=LINE('',#12834,#2863);
#2148=LINE('',#12837,#2864);
#2149=LINE('',#12840,#2865);
#2150=LINE('',#12841,#2866);
#2151=LINE('',#12844,#2867);
#2152=LINE('',#12847,#2868);
#2153=LINE('',#12849,#2869);
#2154=LINE('',#12852,#2870);
#2155=LINE('',#12855,#2871);
#2156=LINE('',#12858,#2872);
#2157=LINE('',#12859,#2873);
#2158=LINE('',#12862,#2874);
#2159=LINE('',#12866,#2875);
#2160=LINE('',#12867,#2876);
#2161=LINE('',#12870,#2877);
#2162=LINE('',#12874,#2878);
#2163=LINE('',#12875,#2879);
#2164=LINE('',#12878,#2880);
#2165=LINE('',#12881,#2881);
#2166=LINE('',#12884,#2882);
#2167=LINE('',#12887,#2883);
#2168=LINE('',#12889,#2884);
#2169=LINE('',#12892,#2885);
#2170=LINE('',#12895,#2886);
#2171=LINE('',#12897,#2887);
#2172=LINE('',#12901,#2888);
#2173=LINE('',#12904,#2889);
#2174=LINE('',#12907,#2890);
#2175=LINE('',#12908,#2891);
#2176=LINE('',#12912,#2892);
#2177=LINE('',#12914,#2893);
#2178=LINE('',#12916,#2894);
#2179=LINE('',#12922,#2895);
#2180=LINE('',#12924,#2896);
#2181=LINE('',#12925,#2897);
#2182=LINE('',#12929,#2898);
#2183=LINE('',#12932,#2899);
#2184=LINE('',#12933,#2900);
#2185=LINE('',#12935,#2901);
#2186=LINE('',#12937,#2902);
#2187=LINE('',#12940,#2903);
#2188=LINE('',#12943,#2904);
#2189=LINE('',#12946,#2905);
#2190=LINE('',#12947,#2906);
#2191=LINE('',#12950,#2907);
#2192=LINE('',#12953,#2908);
#2193=LINE('',#12955,#2909);
#2194=LINE('',#12958,#2910);
#2195=LINE('',#12961,#2911);
#2196=LINE('',#12964,#2912);
#2197=LINE('',#12965,#2913);
#2198=LINE('',#12968,#2914);
#2199=LINE('',#12972,#2915);
#2200=LINE('',#12973,#2916);
#2201=LINE('',#12976,#2917);
#2202=LINE('',#12980,#2918);
#2203=LINE('',#12981,#2919);
#2204=LINE('',#12984,#2920);
#2205=LINE('',#12987,#2921);
#2206=LINE('',#12990,#2922);
#2207=LINE('',#12993,#2923);
#2208=LINE('',#12995,#2924);
#2209=LINE('',#12998,#2925);
#2210=LINE('',#13001,#2926);
#2211=LINE('',#13004,#2927);
#2212=LINE('',#13007,#2928);
#2213=LINE('',#13010,#2929);
#2214=LINE('',#13011,#2930);
#2215=LINE('',#13015,#2931);
#2216=LINE('',#13017,#2932);
#2217=VECTOR('',#8073,10.);
#2218=VECTOR('',#8074,10.);
#2219=VECTOR('',#8077,10.);
#2220=VECTOR('',#8080,10.);
#2221=VECTOR('',#8085,10.);
#2222=VECTOR('',#8088,10.);
#2223=VECTOR('',#8089,10.);
#2224=VECTOR('',#8090,10.);
#2225=VECTOR('',#8091,10.);
#2226=VECTOR('',#8098,10.);
#2227=VECTOR('',#8101,10.);
#2228=VECTOR('',#8102,10.);
#2229=VECTOR('',#8103,10.);
#2230=VECTOR('',#8112,10.);
#2231=VECTOR('',#8113,10.);
#2232=VECTOR('',#8114,10.);
#2233=VECTOR('',#8115,10.);
#2234=VECTOR('',#8122,10.);
#2235=VECTOR('',#8125,10.);
#2236=VECTOR('',#8126,10.);
#2237=VECTOR('',#8127,10.);
#2238=VECTOR('',#8140,0.999999999999996);
#2239=VECTOR('',#8149,10.);
#2240=VECTOR('',#8152,10.);
#2241=VECTOR('',#8155,10.);
#2242=VECTOR('',#8158,10.);
#2243=VECTOR('',#8161,10.);
#2244=VECTOR('',#8164,0.999999999999996);
#2245=VECTOR('',#8173,10.);
#2246=VECTOR('',#8174,10.);
#2247=VECTOR('',#8175,10.);
#2248=VECTOR('',#8178,10.);
#2249=VECTOR('',#8179,10.);
#2250=VECTOR('',#8182,10.);
#2251=VECTOR('',#8189,10.);
#2252=VECTOR('',#8194,10.);
#2253=VECTOR('',#8201,2.79399999999999);
#2254=VECTOR('',#8206,10.);
#2255=VECTOR('',#8207,10.);
#2256=VECTOR('',#8208,10.);
#2257=VECTOR('',#8209,10.);
#2258=VECTOR('',#8216,10.);
#2259=VECTOR('',#8219,10.);
#2260=VECTOR('',#8220,10.);
#2261=VECTOR('',#8221,10.);
#2262=VECTOR('',#8232,3.937);
#2263=VECTOR('',#8241,10.);
#2264=VECTOR('',#8244,10.);
#2265=VECTOR('',#8245,10.);
#2266=VECTOR('',#8246,10.);
#2267=VECTOR('',#8253,10.);
#2268=VECTOR('',#8256,10.);
#2269=VECTOR('',#8257,10.);
#2270=VECTOR('',#8258,10.);
#2271=VECTOR('',#8265,10.);
#2272=VECTOR('',#8268,10.);
#2273=VECTOR('',#8269,10.);
#2274=VECTOR('',#8278,10.);
#2275=VECTOR('',#8279,10.);
#2276=VECTOR('',#8282,10.);
#2277=VECTOR('',#8285,10.);
#2278=VECTOR('',#8290,10.);
#2279=VECTOR('',#8293,10.);
#2280=VECTOR('',#8294,10.);
#2281=VECTOR('',#8295,10.);
#2282=VECTOR('',#8296,10.);
#2283=VECTOR('',#8301,10.);
#2284=VECTOR('',#8306,10.);
#2285=VECTOR('',#8307,10.);
#2286=VECTOR('',#8308,10.);
#2287=VECTOR('',#8317,10.);
#2288=VECTOR('',#8318,10.);
#2289=VECTOR('',#8319,10.);
#2290=VECTOR('',#8320,10.);
#2291=VECTOR('',#8325,10.);
#2292=VECTOR('',#8330,10.);
#2293=VECTOR('',#8331,10.);
#2294=VECTOR('',#8332,10.);
#2295=VECTOR('',#8345,0.999999999999996);
#2296=VECTOR('',#8354,10.);
#2297=VECTOR('',#8357,10.);
#2298=VECTOR('',#8360,10.);
#2299=VECTOR('',#8363,10.);
#2300=VECTOR('',#8366,10.);
#2301=VECTOR('',#8369,0.999999999999996);
#2302=VECTOR('',#8378,10.);
#2303=VECTOR('',#8379,10.);
#2304=VECTOR('',#8380,10.);
#2305=VECTOR('',#8383,10.);
#2306=VECTOR('',#8384,10.);
#2307=VECTOR('',#8387,10.);
#2308=VECTOR('',#8392,10.);
#2309=VECTOR('',#8399,10.);
#2310=VECTOR('',#8406,2.79399999999999);
#2311=VECTOR('',#8411,10.);
#2312=VECTOR('',#8412,10.);
#2313=VECTOR('',#8413,10.);
#2314=VECTOR('',#8414,10.);
#2315=VECTOR('',#8419,10.);
#2316=VECTOR('',#8424,10.);
#2317=VECTOR('',#8425,10.);
#2318=VECTOR('',#8426,10.);
#2319=VECTOR('',#8437,3.937);
#2320=VECTOR('',#8444,10.);
#2321=VECTOR('',#8449,10.);
#2322=VECTOR('',#8450,10.);
#2323=VECTOR('',#8451,10.);
#2324=VECTOR('',#8456,10.);
#2325=VECTOR('',#8461,10.);
#2326=VECTOR('',#8462,10.);
#2327=VECTOR('',#8463,10.);
#2328=VECTOR('',#8468,10.);
#2329=VECTOR('',#8473,10.);
#2330=VECTOR('',#8474,10.);
#2331=VECTOR('',#8491,3.937);
#2332=VECTOR('',#8498,3.93699999999999);
#2333=VECTOR('',#8505,10.);
#2334=VECTOR('',#8508,10.);
#2335=VECTOR('',#8511,10.);
#2336=VECTOR('',#8512,10.);
#2337=VECTOR('',#8513,10.);
#2338=VECTOR('',#8520,10.);
#2339=VECTOR('',#8523,10.);
#2340=VECTOR('',#8524,10.);
#2341=VECTOR('',#8535,3.937);
#2342=VECTOR('',#8542,3.93699999999999);
#2343=VECTOR('',#8549,10.);
#2344=VECTOR('',#8552,10.);
#2345=VECTOR('',#8555,10.);
#2346=VECTOR('',#8556,10.);
#2347=VECTOR('',#8557,10.);
#2348=VECTOR('',#8562,10.);
#2349=VECTOR('',#8567,10.);
#2350=VECTOR('',#8568,10.);
#2351=VECTOR('',#8583,10.);
#2352=VECTOR('',#8586,10.);
#2353=VECTOR('',#8593,10.);
#2354=VECTOR('',#8594,10.);
#2355=VECTOR('',#8597,10.);
#2356=VECTOR('',#8598,10.);
#2357=VECTOR('',#8601,10.);
#2358=VECTOR('',#8602,10.);
#2359=VECTOR('',#8607,10.);
#2360=VECTOR('',#8608,10.);
#2361=VECTOR('',#8613,10.);
#2362=VECTOR('',#8614,10.);
#2363=VECTOR('',#8617,10.);
#2364=VECTOR('',#8624,10.);
#2365=VECTOR('',#8639,10.);
#2366=VECTOR('',#8642,2.24789999999999);
#2367=VECTOR('',#8647,10.);
#2368=VECTOR('',#8656,2.794);
#2369=VECTOR('',#8661,10.);
#2370=VECTOR('',#8688,10.);
#2371=VECTOR('',#8689,10.);
#2372=VECTOR('',#8696,5.);
#2373=VECTOR('',#8703,2.24789999999999);
#2374=VECTOR('',#8710,10.);
#2375=VECTOR('',#8713,10.);
#2376=VECTOR('',#8714,10.);
#2377=VECTOR('',#8715,10.);
#2378=VECTOR('',#8716,10.);
#2379=VECTOR('',#8717,10.);
#2380=VECTOR('',#8718,10.);
#2381=VECTOR('',#8719,10.);
#2382=VECTOR('',#8720,10.);
#2383=VECTOR('',#8721,10.);
#2384=VECTOR('',#8722,10.);
#2385=VECTOR('',#8723,10.);
#2386=VECTOR('',#8726,10.);
#2387=VECTOR('',#8727,10.);
#2388=VECTOR('',#8728,10.);
#2389=VECTOR('',#8729,10.);
#2390=VECTOR('',#8732,10.);
#2391=VECTOR('',#8733,10.);
#2392=VECTOR('',#8734,10.);
#2393=VECTOR('',#8737,10.);
#2394=VECTOR('',#8738,10.);
#2395=VECTOR('',#8739,10.);
#2396=VECTOR('',#8740,10.);
#2397=VECTOR('',#8741,10.);
#2398=VECTOR('',#8744,10.);
#2399=VECTOR('',#8745,10.);
#2400=VECTOR('',#8746,10.);
#2401=VECTOR('',#8749,10.);
#2402=VECTOR('',#8750,10.);
#2403=VECTOR('',#8751,10.);
#2404=VECTOR('',#8752,10.);
#2405=VECTOR('',#8753,10.);
#2406=VECTOR('',#8754,10.);
#2407=VECTOR('',#8757,10.);
#2408=VECTOR('',#8760,10.);
#2409=VECTOR('',#8761,10.);
#2410=VECTOR('',#8762,10.);
#2411=VECTOR('',#8765,10.);
#2412=VECTOR('',#8768,10.);
#2413=VECTOR('',#8769,10.);
#2414=VECTOR('',#8772,10.);
#2415=VECTOR('',#8775,10.);
#2416=VECTOR('',#8782,10.);
#2417=VECTOR('',#8785,10.);
#2418=VECTOR('',#8786,10.);
#2419=VECTOR('',#8787,10.);
#2420=VECTOR('',#8790,10.);
#2421=VECTOR('',#8793,10.);
#2422=VECTOR('',#8794,10.);
#2423=VECTOR('',#8801,10.);
#2424=VECTOR('',#8804,10.);
#2425=VECTOR('',#8807,10.);
#2426=VECTOR('',#8808,10.);
#2427=VECTOR('',#8809,10.);
#2428=VECTOR('',#8812,10.);
#2429=VECTOR('',#8813,10.);
#2430=VECTOR('',#8814,10.);
#2431=VECTOR('',#8815,10.);
#2432=VECTOR('',#8816,10.);
#2433=VECTOR('',#8817,10.);
#2434=VECTOR('',#8818,10.);
#2435=VECTOR('',#8819,10.);
#2436=VECTOR('',#8820,10.);
#2437=VECTOR('',#8821,10.);
#2438=VECTOR('',#8822,10.);
#2439=VECTOR('',#8823,10.);
#2440=VECTOR('',#8824,10.);
#2441=VECTOR('',#8825,10.);
#2442=VECTOR('',#8826,10.);
#2443=VECTOR('',#8827,10.);
#2444=VECTOR('',#8828,10.);
#2445=VECTOR('',#8829,10.);
#2446=VECTOR('',#8830,10.);
#2447=VECTOR('',#8831,10.);
#2448=VECTOR('',#8832,10.);
#2449=VECTOR('',#8833,10.);
#2450=VECTOR('',#8834,10.);
#2451=VECTOR('',#8835,10.);
#2452=VECTOR('',#8836,10.);
#2453=VECTOR('',#8837,10.);
#2454=VECTOR('',#8838,10.);
#2455=VECTOR('',#8839,10.);
#2456=VECTOR('',#8840,10.);
#2457=VECTOR('',#8841,10.);
#2458=VECTOR('',#8842,10.);
#2459=VECTOR('',#8843,10.);
#2460=VECTOR('',#8844,10.);
#2461=VECTOR('',#8845,10.);
#2462=VECTOR('',#8846,10.);
#2463=VECTOR('',#8847,10.);
#2464=VECTOR('',#8848,10.);
#2465=VECTOR('',#8849,10.);
#2466=VECTOR('',#8850,10.);
#2467=VECTOR('',#8851,10.);
#2468=VECTOR('',#8852,10.);
#2469=VECTOR('',#8855,10.);
#2470=VECTOR('',#8856,10.);
#2471=VECTOR('',#8857,10.);
#2472=VECTOR('',#8858,10.);
#2473=VECTOR('',#8859,10.);
#2474=VECTOR('',#8860,10.);
#2475=VECTOR('',#8861,10.);
#2476=VECTOR('',#8862,10.);
#2477=VECTOR('',#8863,10.);
#2478=VECTOR('',#8864,10.);
#2479=VECTOR('',#8865,10.);
#2480=VECTOR('',#8866,10.);
#2481=VECTOR('',#8867,10.);
#2482=VECTOR('',#8870,10.);
#2483=VECTOR('',#8875,10.);
#2484=VECTOR('',#8880,10.);
#2485=VECTOR('',#8883,10.);
#2486=VECTOR('',#8886,10.);
#2487=VECTOR('',#8889,10.);
#2488=VECTOR('',#8890,10.);
#2489=VECTOR('',#8891,10.);
#2490=VECTOR('',#8894,10.);
#2491=VECTOR('',#8897,10.);
#2492=VECTOR('',#8898,10.);
#2493=VECTOR('',#8899,10.);
#2494=VECTOR('',#8904,10.);
#2495=VECTOR('',#8907,10.);
#2496=VECTOR('',#8910,10.);
#2497=VECTOR('',#8911,10.);
#2498=VECTOR('',#8912,10.);
#2499=VECTOR('',#8917,10.);
#2500=VECTOR('',#8920,10.);
#2501=VECTOR('',#8921,10.);
#2502=VECTOR('',#8922,10.);
#2503=VECTOR('',#8925,10.);
#2504=VECTOR('',#8926,10.);
#2505=VECTOR('',#8927,10.);
#2506=VECTOR('',#8928,10.);
#2507=VECTOR('',#8929,10.);
#2508=VECTOR('',#8930,10.);
#2509=VECTOR('',#8931,10.);
#2510=VECTOR('',#8932,10.);
#2511=VECTOR('',#8933,10.);
#2512=VECTOR('',#8934,10.);
#2513=VECTOR('',#8935,10.);
#2514=VECTOR('',#8938,10.);
#2515=VECTOR('',#8941,10.);
#2516=VECTOR('',#8942,10.);
#2517=VECTOR('',#8943,10.);
#2518=VECTOR('',#8944,10.);
#2519=VECTOR('',#8945,10.);
#2520=VECTOR('',#8946,10.);
#2521=VECTOR('',#8947,10.);
#2522=VECTOR('',#8948,10.);
#2523=VECTOR('',#8949,10.);
#2524=VECTOR('',#8950,10.);
#2525=VECTOR('',#8951,10.);
#2526=VECTOR('',#8952,10.);
#2527=VECTOR('',#8953,10.);
#2528=VECTOR('',#8954,10.);
#2529=VECTOR('',#8955,10.);
#2530=VECTOR('',#8956,10.);
#2531=VECTOR('',#8957,10.);
#2532=VECTOR('',#8958,10.);
#2533=VECTOR('',#8959,10.);
#2534=VECTOR('',#8962,10.);
#2535=VECTOR('',#8963,10.);
#2536=VECTOR('',#8966,10.);
#2537=VECTOR('',#8967,10.);
#2538=VECTOR('',#8968,10.);
#2539=VECTOR('',#8969,10.);
#2540=VECTOR('',#8970,10.);
#2541=VECTOR('',#8971,10.);
#2542=VECTOR('',#8984,10.);
#2543=VECTOR('',#8985,10.);
#2544=VECTOR('',#8988,10.);
#2545=VECTOR('',#8991,10.);
#2546=VECTOR('',#8992,10.);
#2547=VECTOR('',#8993,10.);
#2548=VECTOR('',#8994,10.);
#2549=VECTOR('',#8997,10.);
#2550=VECTOR('',#9000,10.);
#2551=VECTOR('',#9003,10.);
#2552=VECTOR('',#9006,10.);
#2553=VECTOR('',#9009,10.);
#2554=VECTOR('',#9014,10.);
#2555=VECTOR('',#9019,10.);
#2556=VECTOR('',#9020,10.);
#2557=VECTOR('',#9021,10.);
#2558=VECTOR('',#9022,10.);
#2559=VECTOR('',#9023,10.);
#2560=VECTOR('',#9024,10.);
#2561=VECTOR('',#9033,10.);
#2562=VECTOR('',#9036,10.);
#2563=VECTOR('',#9041,10.);
#2564=VECTOR('',#9042,10.);
#2565=VECTOR('',#9043,10.);
#2566=VECTOR('',#9044,10.);
#2567=VECTOR('',#9047,10.);
#2568=VECTOR('',#9052,10.);
#2569=VECTOR('',#9057,10.);
#2570=VECTOR('',#9058,10.);
#2571=VECTOR('',#9059,10.);
#2572=VECTOR('',#9062,10.);
#2573=VECTOR('',#9065,10.);
#2574=VECTOR('',#9068,10.);
#2575=VECTOR('',#9071,10.);
#2576=VECTOR('',#9074,10.);
#2577=VECTOR('',#9079,10.);
#2578=VECTOR('',#9082,10.);
#2579=VECTOR('',#9085,10.);
#2580=VECTOR('',#9088,10.);
#2581=VECTOR('',#9089,10.);
#2582=VECTOR('',#9092,10.);
#2583=VECTOR('',#9093,10.);
#2584=VECTOR('',#9094,10.);
#2585=VECTOR('',#9105,10.);
#2586=VECTOR('',#9110,10.);
#2587=VECTOR('',#9111,10.);
#2588=VECTOR('',#9114,10.);
#2589=VECTOR('',#9119,10.);
#2590=VECTOR('',#9120,10.);
#2591=VECTOR('',#9125,10.);
#2592=VECTOR('',#9126,10.);
#2593=VECTOR('',#9129,10.);
#2594=VECTOR('',#9130,10.);
#2595=VECTOR('',#9131,10.);
#2596=VECTOR('',#9132,10.);
#2597=VECTOR('',#9137,10.);
#2598=VECTOR('',#9138,10.);
#2599=VECTOR('',#9141,10.);
#2600=VECTOR('',#9142,10.);
#2601=VECTOR('',#9147,10.);
#2602=VECTOR('',#9150,10.);
#2603=VECTOR('',#9153,10.);
#2604=VECTOR('',#9156,10.);
#2605=VECTOR('',#9157,10.);
#2606=VECTOR('',#9166,10.);
#2607=VECTOR('',#9169,10.);
#2608=VECTOR('',#9170,10.);
#2609=VECTOR('',#9177,10.);
#2610=VECTOR('',#9180,10.);
#2611=VECTOR('',#9181,10.);
#2612=VECTOR('',#9182,10.);
#2613=VECTOR('',#9183,10.);
#2614=VECTOR('',#9184,10.);
#2615=VECTOR('',#9185,10.);
#2616=VECTOR('',#9188,10.);
#2617=VECTOR('',#9189,10.);
#2618=VECTOR('',#9192,10.);
#2619=VECTOR('',#9193,10.);
#2620=VECTOR('',#9196,10.);
#2621=VECTOR('',#9197,10.);
#2622=VECTOR('',#9200,10.);
#2623=VECTOR('',#9201,10.);
#2624=VECTOR('',#9202,10.);
#2625=VECTOR('',#9203,10.);
#2626=VECTOR('',#9204,10.);
#2627=VECTOR('',#9207,10.);
#2628=VECTOR('',#9210,10.);
#2629=VECTOR('',#9211,10.);
#2630=VECTOR('',#9212,10.);
#2631=VECTOR('',#9213,10.);
#2632=VECTOR('',#9216,10.);
#2633=VECTOR('',#9219,10.);
#2634=VECTOR('',#9220,10.);
#2635=VECTOR('',#9223,10.);
#2636=VECTOR('',#9226,10.);
#2637=VECTOR('',#9229,10.);
#2638=VECTOR('',#9230,10.);
#2639=VECTOR('',#9233,10.);
#2640=VECTOR('',#9236,10.);
#2641=VECTOR('',#9237,10.);
#2642=VECTOR('',#9240,10.);
#2643=VECTOR('',#9243,10.);
#2644=VECTOR('',#9244,10.);
#2645=VECTOR('',#9249,10.);
#2646=VECTOR('',#9250,10.);
#2647=VECTOR('',#9253,10.);
#2648=VECTOR('',#9256,10.);
#2649=VECTOR('',#9259,10.);
#2650=VECTOR('',#9262,2.);
#2651=VECTOR('',#9269,10.);
#2652=VECTOR('',#9270,10.);
#2653=VECTOR('',#9273,10.);
#2654=VECTOR('',#9276,10.);
#2655=VECTOR('',#9277,10.);
#2656=VECTOR('',#9280,10.);
#2657=VECTOR('',#9285,10.);
#2658=VECTOR('',#9288,10.);
#2659=VECTOR('',#9291,10.);
#2660=VECTOR('',#9296,10.);
#2661=VECTOR('',#9297,10.);
#2662=VECTOR('',#9300,10.);
#2663=VECTOR('',#9301,10.);
#2664=VECTOR('',#9306,10.);
#2665=VECTOR('',#9313,10.);
#2666=VECTOR('',#9316,10.);
#2667=VECTOR('',#9319,10.);
#2668=VECTOR('',#9322,10.);
#2669=VECTOR('',#9323,10.);
#2670=VECTOR('',#9326,10.);
#2671=VECTOR('',#9329,10.);
#2672=VECTOR('',#9330,10.);
#2673=VECTOR('',#9331,10.);
#2674=VECTOR('',#9334,10.);
#2675=VECTOR('',#9337,10.);
#2676=VECTOR('',#9338,10.);
#2677=VECTOR('',#9343,10.);
#2678=VECTOR('',#9344,10.);
#2679=VECTOR('',#9347,10.);
#2680=VECTOR('',#9350,10.);
#2681=VECTOR('',#9353,10.);
#2682=VECTOR('',#9356,2.);
#2683=VECTOR('',#9361,10.);
#2684=VECTOR('',#9364,10.);
#2685=VECTOR('',#9365,10.);
#2686=VECTOR('',#9366,10.);
#2687=VECTOR('',#9369,10.);
#2688=VECTOR('',#9372,10.);
#2689=VECTOR('',#9373,10.);
#2690=VECTOR('',#9376,10.);
#2691=VECTOR('',#9379,10.);
#2692=VECTOR('',#9380,10.);
#2693=VECTOR('',#9385,10.);
#2694=VECTOR('',#9388,10.);
#2695=VECTOR('',#9389,10.);
#2696=VECTOR('',#9392,10.);
#2697=VECTOR('',#9395,10.);
#2698=VECTOR('',#9396,10.);
#2699=VECTOR('',#9407,10.);
#2700=VECTOR('',#9410,10.);
#2701=VECTOR('',#9413,10.);
#2702=VECTOR('',#9416,10.);
#2703=VECTOR('',#9417,10.);
#2704=VECTOR('',#9420,10.);
#2705=VECTOR('',#9423,10.);
#2706=VECTOR('',#9426,10.);
#2707=VECTOR('',#9429,10.);
#2708=VECTOR('',#9432,10.);
#2709=VECTOR('',#9435,10.);
#2710=VECTOR('',#9438,10.);
#2711=VECTOR('',#9441,10.);
#2712=VECTOR('',#9444,10.);
#2713=VECTOR('',#9451,10.);
#2714=VECTOR('',#9454,10.);
#2715=VECTOR('',#9457,10.);
#2716=VECTOR('',#9458,10.);
#2717=VECTOR('',#9461,10.);
#2718=VECTOR('',#9464,10.);
#2719=VECTOR('',#9467,10.);
#2720=VECTOR('',#9470,10.);
#2721=VECTOR('',#9473,10.);
#2722=VECTOR('',#9476,10.);
#2723=VECTOR('',#9479,10.);
#2724=VECTOR('',#9482,10.);
#2725=VECTOR('',#9485,10.);
#2726=VECTOR('',#9492,2.5);
#2727=VECTOR('',#9497,2.5);
#2728=VECTOR('',#9502,2.5);
#2729=VECTOR('',#9507,2.5);
#2730=VECTOR('',#9510,10.);
#2731=VECTOR('',#9513,10.);
#2732=VECTOR('',#9514,10.);
#2733=VECTOR('',#9517,10.);
#2734=VECTOR('',#9518,10.);
#2735=VECTOR('',#9519,10.);
#2736=VECTOR('',#9522,10.);
#2737=VECTOR('',#9525,10.);
#2738=VECTOR('',#9526,10.);
#2739=VECTOR('',#9527,10.);
#2740=VECTOR('',#9528,10.);
#2741=VECTOR('',#9531,10.);
#2742=VECTOR('',#9532,10.);
#2743=VECTOR('',#9533,10.);
#2744=VECTOR('',#9534,10.);
#2745=VECTOR('',#9537,10.);
#2746=VECTOR('',#9542,2.5);
#2747=VECTOR('',#9545,10.);
#2748=VECTOR('',#9546,10.);
#2749=VECTOR('',#9547,10.);
#2750=VECTOR('',#9548,10.);
#2751=VECTOR('',#9551,10.);
#2752=VECTOR('',#9554,10.);
#2753=VECTOR('',#9555,10.);
#2754=VECTOR('',#9556,10.);
#2755=VECTOR('',#9559,10.);
#2756=VECTOR('',#9562,10.);
#2757=VECTOR('',#9563,10.);
#2758=VECTOR('',#9564,10.);
#2759=VECTOR('',#9565,10.);
#2760=VECTOR('',#9568,10.);
#2761=VECTOR('',#9571,10.);
#2762=VECTOR('',#9572,10.);
#2763=VECTOR('',#9573,10.);
#2764=VECTOR('',#9576,10.);
#2765=VECTOR('',#9579,10.);
#2766=VECTOR('',#9580,10.);
#2767=VECTOR('',#9581,10.);
#2768=VECTOR('',#9582,10.);
#2769=VECTOR('',#9585,10.);
#2770=VECTOR('',#9588,10.);
#2771=VECTOR('',#9589,10.);
#2772=VECTOR('',#9592,10.);
#2773=VECTOR('',#9593,10.);
#2774=VECTOR('',#9596,10.);
#2775=VECTOR('',#9597,10.);
#2776=VECTOR('',#9598,10.);
#2777=VECTOR('',#9599,10.);
#2778=VECTOR('',#9602,10.);
#2779=VECTOR('',#9605,10.);
#2780=VECTOR('',#9606,10.);
#2781=VECTOR('',#9609,10.);
#2782=VECTOR('',#9610,10.);
#2783=VECTOR('',#9613,10.);
#2784=VECTOR('',#9614,10.);
#2785=VECTOR('',#9615,10.);
#2786=VECTOR('',#9616,10.);
#2787=VECTOR('',#9619,10.);
#2788=VECTOR('',#9620,10.);
#2789=VECTOR('',#9621,10.);
#2790=VECTOR('',#9624,10.);
#2791=VECTOR('',#9625,10.);
#2792=VECTOR('',#9626,10.);
#2793=VECTOR('',#9629,10.);
#2794=VECTOR('',#9630,10.);
#2795=VECTOR('',#9631,10.);
#2796=VECTOR('',#9632,10.);
#2797=VECTOR('',#9633,10.);
#2798=VECTOR('',#9636,10.);
#2799=VECTOR('',#9637,10.);
#2800=VECTOR('',#9638,10.);
#2801=VECTOR('',#9641,10.);
#2802=VECTOR('',#9642,10.);
#2803=VECTOR('',#9643,10.);
#2804=VECTOR('',#9644,10.);
#2805=VECTOR('',#9647,10.);
#2806=VECTOR('',#9648,10.);
#2807=VECTOR('',#9649,10.);
#2808=VECTOR('',#9650,10.);
#2809=VECTOR('',#9651,10.);
#2810=VECTOR('',#9654,10.);
#2811=VECTOR('',#9655,10.);
#2812=VECTOR('',#9656,10.);
#2813=VECTOR('',#9659,10.);
#2814=VECTOR('',#9660,10.);
#2815=VECTOR('',#9663,10.);
#2816=VECTOR('',#9664,10.);
#2817=VECTOR('',#9669,10.);
#2818=VECTOR('',#9674,10.);
#2819=VECTOR('',#9679,10.);
#2820=VECTOR('',#9682,10.);
#2821=VECTOR('',#9683,10.);
#2822=VECTOR('',#9690,10.);
#2823=VECTOR('',#9695,10.);
#2824=VECTOR('',#9698,10.);
#2825=VECTOR('',#9699,10.);
#2826=VECTOR('',#9704,10.);
#2827=VECTOR('',#9707,10.);
#2828=VECTOR('',#9710,10.);
#2829=VECTOR('',#9713,10.);
#2830=VECTOR('',#9714,10.);
#2831=VECTOR('',#9717,10.);
#2832=VECTOR('',#9720,10.);
#2833=VECTOR('',#9723,10.);
#2834=VECTOR('',#9724,10.);
#2835=VECTOR('',#9731,10.);
#2836=VECTOR('',#9734,10.);
#2837=VECTOR('',#9743,3.);
#2838=VECTOR('',#9750,1000.);
#2839=VECTOR('',#9751,1000.);
#2840=VECTOR('',#9754,1000.);
#2841=VECTOR('',#9757,1000.);
#2842=VECTOR('',#9760,1000.);
#2843=VECTOR('',#9763,1000.);
#2844=VECTOR('',#9766,1000.);
#2845=VECTOR('',#9769,1000.);
#2846=VECTOR('',#9770,1000.);
#2847=VECTOR('',#9779,5.);
#2848=VECTOR('',#9820,1000.);
#2849=VECTOR('',#9823,1000.);
#2850=VECTOR('',#9826,1000.);
#2851=VECTOR('',#9843,10.);
#2852=VECTOR('',#9844,10.);
#2853=VECTOR('',#9845,10.);
#2854=VECTOR('',#9846,10.);
#2855=VECTOR('',#9853,10.);
#2856=VECTOR('',#9856,10.);
#2857=VECTOR('',#9857,10.);
#2858=VECTOR('',#9858,10.);
#2859=VECTOR('',#9861,10.);
#2860=VECTOR('',#9864,10.);
#2861=VECTOR('',#9865,10.);
#2862=VECTOR('',#9866,10.);
#2863=VECTOR('',#9869,10.);
#2864=VECTOR('',#9872,10.);
#2865=VECTOR('',#9875,10.);
#2866=VECTOR('',#9876,10.);
#2867=VECTOR('',#9879,10.);
#2868=VECTOR('',#9882,10.);
#2869=VECTOR('',#9885,10.);
#2870=VECTOR('',#9888,10.);
#2871=VECTOR('',#9891,10.);
#2872=VECTOR('',#9894,10.);
#2873=VECTOR('',#9895,10.);
#2874=VECTOR('',#9898,10.);
#2875=VECTOR('',#9903,10.);
#2876=VECTOR('',#9904,10.);
#2877=VECTOR('',#9907,10.);
#2878=VECTOR('',#9912,10.);
#2879=VECTOR('',#9913,10.);
#2880=VECTOR('',#9916,10.);
#2881=VECTOR('',#9921,10.);
#2882=VECTOR('',#9924,10.);
#2883=VECTOR('',#9927,10.);
#2884=VECTOR('',#9930,10.);
#2885=VECTOR('',#9933,10.);
#2886=VECTOR('',#9938,10.);
#2887=VECTOR('',#9941,10.);
#2888=VECTOR('',#9946,10.);
#2889=VECTOR('',#9949,10.);
#2890=VECTOR('',#9952,10.);
#2891=VECTOR('',#9953,10.);
#2892=VECTOR('',#9958,10.);
#2893=VECTOR('',#9961,10.);
#2894=VECTOR('',#9964,10.);
#2895=VECTOR('',#9973,10.);
#2896=VECTOR('',#9974,10.);
#2897=VECTOR('',#9975,10.);
#2898=VECTOR('',#9980,10.);
#2899=VECTOR('',#9983,10.);
#2900=VECTOR('',#9984,10.);
#2901=VECTOR('',#9987,10.);
#2902=VECTOR('',#9990,10.);
#2903=VECTOR('',#9993,10.);
#2904=VECTOR('',#9996,10.);
#2905=VECTOR('',#9999,10.);
#2906=VECTOR('',#10000,10.);
#2907=VECTOR('',#10003,10.);
#2908=VECTOR('',#10006,10.);
#2909=VECTOR('',#10009,10.);
#2910=VECTOR('',#10012,10.);
#2911=VECTOR('',#10015,10.);
#2912=VECTOR('',#10018,10.);
#2913=VECTOR('',#10019,10.);
#2914=VECTOR('',#10022,10.);
#2915=VECTOR('',#10027,10.);
#2916=VECTOR('',#10028,10.);
#2917=VECTOR('',#10031,10.);
#2918=VECTOR('',#10036,10.);
#2919=VECTOR('',#10037,10.);
#2920=VECTOR('',#10040,10.);
#2921=VECTOR('',#10045,10.);
#2922=VECTOR('',#10048,10.);
#2923=VECTOR('',#10051,10.);
#2924=VECTOR('',#10054,10.);
#2925=VECTOR('',#10057,10.);
#2926=VECTOR('',#10062,10.);
#2927=VECTOR('',#10065,10.);
#2928=VECTOR('',#10068,10.);
#2929=VECTOR('',#10071,10.);
#2930=VECTOR('',#10072,10.);
#2931=VECTOR('',#10077,10.);
#2932=VECTOR('',#10080,10.);
#2933=B_SPLINE_CURVE_WITH_KNOTS('',3,(#10101,#10102,#10103,#10104,#10105,
#10106,#10107,#10108,#10109,#10110,#10111,#10112),.UNSPECIFIED.,.F.,.F.,
(4,2,2,2,2,4),(0.193028751483713,0.292479447259677,0.333304441559386,0.359680972263406,
0.372869237615416,0.386057502967426),.UNSPECIFIED.);
#2934=B_SPLINE_CURVE_WITH_KNOTS('',3,(#10116,#10117,#10118,#10119,#10120,
#10121,#10122,#10123,#10124,#10125,#10126,#10127,#10128,#10129,#10130,#10131,
#10132,#10133,#10134,#10135,#10136,#10137,#10138,#10139,#10140,#10141,#10142),
 .UNSPECIFIED.,.F.,.F.,(4,2,2,2,2,2,3,2,2,2,2,2,4),(-0.672733728155365,
-0.535897535642394,-0.399061343129424,-0.332824380513955,-0.266587417898486,
-0.133293708949243,0.,0.133293708949243,0.266587417898487,0.332824380513955,
0.399061343129424,0.535897535642395,0.672733728155365),.UNSPECIFIED.);
#2935=B_SPLINE_CURVE_WITH_KNOTS('',3,(#10145,#10146,#10147,#10148,#10149,
#10150,#10151,#10152,#10153,#10154,#10155,#10156),.UNSPECIFIED.,.F.,.F.,
(4,2,2,2,2,4),(0.386057502967426,0.399245768319436,0.412434033671446,0.438810564375466,
0.479635558675175,0.579086254451139),.UNSPECIFIED.);
#2936=B_SPLINE_CURVE_WITH_KNOTS('',3,(#10218,#10219,#10220,#10221,#10222,
#10223,#10224,#10225,#10226,#10227,#10228,#10229,#10230,#10231,#10232,#10233,
#10234,#10235,#10236,#10237,#10238,#10239),.UNSPECIFIED.,.F.,.F.,(4,2,2,
2,2,2,2,2,2,2,4),(-0.395513363687103,-0.313836069563562,-0.272997422501791,
-0.232158775440021,-0.214957728641786,-0.197756681843551,-0.180555635045317,
-0.163354588247082,-0.122515941185312,-0.081677294123541,0.),
 .UNSPECIFIED.);
#2937=B_SPLINE_CURVE_WITH_KNOTS('',3,(#10367,#10368,#10369,#10370,#10371,
#10372,#10373,#10374,#10375,#10376,#10377,#10378),.UNSPECIFIED.,.F.,.F.,
(4,2,2,2,2,4),(0.193028751483713,0.292479447259677,0.333304441559385,0.359680972263406,
0.372869237615416,0.386057502967426),.UNSPECIFIED.);
#2938=B_SPLINE_CURVE_WITH_KNOTS('',3,(#10382,#10383,#10384,#10385,#10386,
#10387,#10388,#10389,#10390,#10391,#10392,#10393,#10394,#10395,#10396,#10397,
#10398,#10399,#10400,#10401,#10402,#10403,#10404,#10405,#10406,#10407,#10408),
 .UNSPECIFIED.,.F.,.F.,(4,2,2,2,2,2,3,2,2,2,2,2,4),(-0.672733728155365,
-0.535897535642395,-0.399061343129424,-0.332824380513955,-0.266587417898486,
-0.133293708949243,0.,0.133293708949243,0.266587417898487,0.332824380513955,
0.399061343129424,0.535897535642395,0.672733728155365),.UNSPECIFIED.);
#2939=B_SPLINE_CURVE_WITH_KNOTS('',3,(#10411,#10412,#10413,#10414,#10415,
#10416,#10417,#10418,#10419,#10420,#10421,#10422),.UNSPECIFIED.,.F.,.F.,
(4,2,2,2,2,4),(0.386057502967426,0.399245768319436,0.412434033671446,0.438810564375466,
0.479635558675175,0.579086254451139),.UNSPECIFIED.);
#2940=B_SPLINE_CURVE_WITH_KNOTS('',3,(#10484,#10485,#10486,#10487,#10488,
#10489,#10490,#10491,#10492,#10493,#10494,#10495,#10496,#10497,#10498,#10499,
#10500,#10501,#10502,#10503,#10504,#10505),.UNSPECIFIED.,.F.,.F.,(4,2,2,
2,2,2,2,2,2,2,4),(-0.395513363687103,-0.313836069563562,-0.272997422501791,
-0.232158775440021,-0.214957728641786,-0.197756681843551,-0.180555635045317,
-0.163354588247082,-0.122515941185312,-0.081677294123541,0.),
 .UNSPECIFIED.);
#2941=B_SPLINE_CURVE_WITH_KNOTS('',3,(#10727,#10728,#10729,#10730,#10731,
#10732,#10733,#10734,#10735,#10736),.UNSPECIFIED.,.F.,.F.,(4,2,2,2,4),(0.413752265640441,
0.512131966207786,0.610511666775132,0.684203040951935,0.757894415128738),
 .UNSPECIFIED.);
#2942=B_SPLINE_CURVE_WITH_KNOTS('',3,(#10740,#10741,#10742,#10743,#10744,
#10745,#10746,#10747,#10748,#10749),.UNSPECIFIED.,.F.,.F.,(4,2,2,2,4),(0.757894415128738,
0.831585789305541,0.905277163482343,1.00365686404969,1.10203656461703),
 .UNSPECIFIED.);
#2943=B_SPLINE_CURVE_WITH_KNOTS('',3,(#10766,#10767,#10768,#10769,#10770,
#10771),.UNSPECIFIED.,.F.,.F.,(4,2,4),(0.833642112214286,0.837777656947714,
0.913759589987626),.UNSPECIFIED.);
#2944=B_SPLINE_CURVE_WITH_KNOTS('',3,(#10774,#10775,#10776,#10777,#10778,
#10779,#10780,#10781,#10782,#10783,#10784,#10785,#10786,#10787),
 .UNSPECIFIED.,.F.,.F.,(4,2,2,2,2,2,4),(1.28339406263685,1.31369713084619,
1.36421783668486,1.41473854252353,1.4634294146822,1.51212028684087,1.60950203115822),
 .UNSPECIFIED.);
#2945=B_SPLINE_CURVE_WITH_KNOTS('',3,(#10805,#10806,#10807,#10808,#10809,
#10810,#10811,#10812,#10813,#10814,#10815,#10816,#10817,#10818),
 .UNSPECIFIED.,.F.,.F.,(4,2,2,2,2,2,4),(0.536500677052739,0.633882421370081,
0.682573293528752,0.731264165687423,0.781784871526096,0.832305577364768,
0.862608645574108),.UNSPECIFIED.);
#2946=B_SPLINE_CURVE_WITH_KNOTS('',3,(#10821,#10822,#10823,#10824,#10825,
#10826),.UNSPECIFIED.,.F.,.F.,(4,2,4),(0.3084072924438,0.384389225483712,
0.388524770217141),.UNSPECIFIED.);
#2947=B_SPLINE_CURVE_WITH_KNOTS('',3,(#10884,#10885,#10886,#10887,#10888),
 .UNSPECIFIED.,.F.,.F.,(4,1,4),(-4.74285036904679,-4.39547382525642,-4.13494141741364),
 .UNSPECIFIED.);
#2948=B_SPLINE_CURVE_WITH_KNOTS('',3,(#10890,#10891,#10892,#10893,#10894,
#10895,#10896),.UNSPECIFIED.,.F.,.F.,(4,3,4),(0.,0.0558172105586647,0.111634421117329),
 .UNSPECIFIED.);
#2949=B_SPLINE_CURVE_WITH_KNOTS('',3,(#10897,#10898,#10899,#10900,#10901),
 .UNSPECIFIED.,.F.,.F.,(4,1,4),(4.13494141741364,4.39547382525642,4.74285036904679),
 .UNSPECIFIED.);
#2950=B_SPLINE_CURVE_WITH_KNOTS('',3,(#10943,#10944,#10945,#10946,#10947,
#10948,#10949,#10950),.UNSPECIFIED.,.F.,.F.,(4,1,1,2,4),(-0.562646609746494,
-0.337587965847896,-0.225058643898597,0.,0.00115089755253999),
 .UNSPECIFIED.);
#2951=B_SPLINE_CURVE_WITH_KNOTS('',3,(#10981,#10982,#10983,#10984,#10985),
 .UNSPECIFIED.,.F.,.F.,(4,1,4),(4.69665734151364,5.04406609628327,5.30462266236049),
 .UNSPECIFIED.);
#2952=B_SPLINE_CURVE_WITH_KNOTS('',3,(#10987,#10988,#10989,#10990,#10991,
#10992,#10993),.UNSPECIFIED.,.F.,.F.,(4,3,4),(0.,0.055817210558664,0.111634421117328),
 .UNSPECIFIED.);
#2953=B_SPLINE_CURVE_WITH_KNOTS('',3,(#10994,#10995,#10996,#10997,#10998),
 .UNSPECIFIED.,.F.,.F.,(4,1,4),(-5.30462266236049,-5.04406609628327,-4.69665734151364),
 .UNSPECIFIED.);
#2954=B_SPLINE_CURVE_WITH_KNOTS('',3,(#11032,#11033,#11034,#11035,#11036,
#11037,#11038,#11039),.UNSPECIFIED.,.F.,.F.,(4,2,1,1,4),(-2.6184210512047,
-2.61727015365468,-2.39221150975662,-2.27968218780759,-2.05462354390952),
 .UNSPECIFIED.);
#2955=B_SPLINE_CURVE_WITH_KNOTS('',3,(#11105,#11106,#11107,#11108,#11109,
#11110,#11111,#11112,#11113,#11114),.UNSPECIFIED.,.F.,.F.,(4,3,3,4),(0.,
0.167070629273907,0.278451048789845,0.389831468305782),.UNSPECIFIED.);
#2956=B_SPLINE_CURVE_WITH_KNOTS('',3,(#11116,#11117,#11118,#11119,#11120,
#11121,#11122,#11123,#11124,#11125,#11126,#11127,#11128,#11129,#11130,#11131,
#11132,#11133,#11134,#11135,#11136,#11137,#11138,#11139,#11140,#11141,#11142,
#11143,#11144,#11145,#11146,#11147,#11148,#11149,#11150,#11151,#11152,#11153,
#11154,#11155,#11156,#11157,#11158,#11159,#11160,#11161,#11162,#11163,#11164,
#11165,#11166,#11167,#11168,#11169,#11170,#11171,#11172,#11173,#11174,#11175,
#11176,#11177,#11178,#11179,#11180,#11181,#11182,#11183,#11184,#11185,#11186,
#11187,#11188,#11189,#11190,#11191,#11192,#11193,#11194,#11195,#11196,#11197,
#11198,#11199,#11200,#11201,#11202,#11203),.UNSPECIFIED.,.F.,.F.,(4,3,3,
3,3,3,3,3,3,3,3,3,3,3,3,3,3,3,3,3,3,3,3,3,3,3,3,3,3,4),(-2.37684321994573,
-2.36078766205503,-2.30392436485585,-2.24706106765667,-2.24102054700682,
-2.19210613914041,-2.14314549863041,-2.12648468164294,-2.10519927328847,
-2.05407065400223,-2.01154716255991,-1.96941036400832,-1.91874466015106,
-1.9014749630025,-1.85010273829069,-1.83344562727227,-1.80983025126943,
-1.77163651140055,-1.73278971317951,-1.71741602689658,-1.68044300428453,
-1.6435256084226,-1.60744594037906,-1.59813158406827,-1.56190686875438,
-1.51297410441824,-1.49399701148933,-1.48672454370211,-1.45439485890324,
-1.42610211865614),.UNSPECIFIED.);
#2957=B_SPLINE_CURVE_WITH_KNOTS('',3,(#11205,#11206,#11207,#11208,#11209,
#11210,#11211,#11212,#11213,#11214),.UNSPECIFIED.,.F.,.F.,(4,3,3,4),(0.,
0.111380419515937,0.222760839031875,0.389831468305781),.UNSPECIFIED.);
#2958=B_SPLINE_CURVE_WITH_KNOTS('',3,(#11215,#11216,#11217,#11218,#11219,
#11220,#11221,#11222,#11223,#11224),.UNSPECIFIED.,.F.,.F.,(4,1,1,1,1,1,
1,4),(1.42610211865614,1.49401219731968,1.56192227598323,1.8335625906374,
1.96938274796448,2.10520290529156,2.24102306261865,2.37684321994573),
 .UNSPECIFIED.);
#2959=B_SPLINE_CURVE_WITH_KNOTS('',3,(#11329,#11330,#11331,#11332,#11333,
#11334),.UNSPECIFIED.,.F.,.F.,(4,2,4),(0.,0.1247725806742,0.168930883399395),
 .UNSPECIFIED.);
#2960=B_SPLINE_CURVE_WITH_KNOTS('',3,(#11535,#11536,#11537,#11538,#11539,
#11540,#11541,#11542,#11543,#11544,#11545,#11546,#11547,#11548,#11549,#11550,
#11551,#11552,#11553,#11554),.UNSPECIFIED.,.F.,.F.,(4,2,2,2,2,2,2,2,2,4),
(-2.74315524505138,-2.7033613161808,-2.45744243759546,-2.17987052125609,
-1.92514753856408,-1.73865426780217,-1.63480356440699,-1.54907557153131,
-1.4931619512364,-1.48087911699476),.UNSPECIFIED.);
#2961=B_SPLINE_CURVE_WITH_KNOTS('',3,(#11648,#11649,#11650,#11651,#11652,
#11653,#11654,#11655,#11656,#11657,#11658,#11659,#11660,#11661,#11662,#11663),
 .UNSPECIFIED.,.F.,.F.,(4,2,2,2,2,2,2,4),(-1.46716770745625,-1.42622847353343,
-1.36239656385328,-1.22403528907584,-0.926004903190609,-0.620884948113102,
-0.304655865518609,-0.20281904776854),.UNSPECIFIED.);
#2962=B_SPLINE_CURVE_WITH_KNOTS('',3,(#11677,#11678,#11679,#11680,#11681,
#11682,#11683,#11684,#11685,#11686),.UNSPECIFIED.,.F.,.F.,(4,2,2,2,4),(0.789350104887866,
1.75962404299235,3.09364283271753,4.49671462383553,6.92029264035341),
 .UNSPECIFIED.);
#2963=B_SPLINE_CURVE_WITH_KNOTS('',3,(#12288,#12289,#12290,#12291,#12292,
#12293,#12294,#12295,#12296,#12297),.UNSPECIFIED.,.F.,.F.,(4,2,2,2,4),(0.,
1.75962404299235,3.09364283271753,4.49671462383553,6.92029264035341),
 .UNSPECIFIED.);
#2964=B_SPLINE_CURVE_WITH_KNOTS('',3,(#12587,#12588,#12589,#12590,#12591,
#12592,#12593,#12594,#12595,#12596,#12597,#12598,#12599,#12600),
 .UNSPECIFIED.,.F.,.F.,(4,2,2,2,2,2,4),(-0.0756859083554974,-0.0700808586791889,
-0.0665751742841884,-0.0630694898891879,-0.0595638054941875,-0.0560581210991871,
-0.0504530714229214),.UNSPECIFIED.);
#2965=B_SPLINE_CURVE_WITH_KNOTS('',3,(#12622,#12623,#12624,#12625,#12626,
#12627,#12628,#12629,#12630,#12631,#12632,#12633,#12634,#12635),
 .UNSPECIFIED.,.F.,.F.,(4,2,2,2,2,2,4),(-0.0756859083554973,-0.0700808586791889,
-0.0665751742841884,-0.0630694898891879,-0.0595638054941875,-0.056058121099187,
-0.0504530714229215),.UNSPECIFIED.);
#2966=B_SPLINE_CURVE_WITH_KNOTS('',3,(#12657,#12658,#12659,#12660,#12661,
#12662,#12663,#12664,#12665,#12666,#12667,#12668,#12669,#12670),
 .UNSPECIFIED.,.F.,.F.,(4,2,2,2,2,2,4),(-0.0756859083554972,-0.0700808586791886,
-0.0665751742841881,-0.0630694898891876,-0.0595638054941871,-0.0560581210991866,
-0.0504530714229211),.UNSPECIFIED.);
#2967=B_SPLINE_CURVE_WITH_KNOTS('',3,(#12676,#12677,#12678,#12679,#12680,
#12681,#12682,#12683,#12684,#12685,#12686,#12687,#12688,#12689),
 .UNSPECIFIED.,.F.,.F.,(4,2,2,2,2,2,4),(0.0504530714229217,0.056058121099187,
0.0595638054941874,0.0630694898891879,0.0665751742841884,0.0700808586791888,
0.0756859083554972),.UNSPECIFIED.);
#2968=B_SPLINE_CURVE_WITH_KNOTS('',3,(#12772,#12773,#12774,#12775,#12776,
#12777,#12778,#12779,#12780,#12781,#12782,#12783,#12784,#12785),
 .UNSPECIFIED.,.F.,.F.,(4,2,2,2,2,2,4),(-0.0756859083554972,-0.0700808586791887,
-0.0665751742841881,-0.0630694898891876,-0.0595638054941871,-0.0560581210991867,
-0.050453071422921),.UNSPECIFIED.);
#2969=B_SPLINE_CURVE_WITH_KNOTS('',3,(#12789,#12790,#12791,#12792,#12793,
#12794,#12795,#12796,#12797,#12798,#12799,#12800,#12801,#12802),
 .UNSPECIFIED.,.F.,.F.,(4,2,2,2,2,2,4),(-0.075685908355497,-0.0700808586791885,
-0.0665751742841881,-0.0630694898891877,-0.0595638054941872,-0.0560581210991867,
-0.0504530714229212),.UNSPECIFIED.);
#2970=VERTEX_POINT('',#10099);
#2971=VERTEX_POINT('',#10100);
#2972=VERTEX_POINT('',#10113);
#2973=VERTEX_POINT('',#10115);
#2974=VERTEX_POINT('',#10143);
#2975=VERTEX_POINT('',#10158);
#2976=VERTEX_POINT('',#10160);
#2977=VERTEX_POINT('',#10164);
#2978=VERTEX_POINT('',#10168);
#2979=VERTEX_POINT('',#10169);
#2980=VERTEX_POINT('',#10171);
#2981=VERTEX_POINT('',#10173);
#2982=VERTEX_POINT('',#10177);
#2983=VERTEX_POINT('',#10179);
#2984=VERTEX_POINT('',#10183);
#2985=VERTEX_POINT('',#10185);
#2986=VERTEX_POINT('',#10192);
#2987=VERTEX_POINT('',#10193);
#2988=VERTEX_POINT('',#10195);
#2989=VERTEX_POINT('',#10197);
#2990=VERTEX_POINT('',#10201);
#2991=VERTEX_POINT('',#10203);
#2992=VERTEX_POINT('',#10207);
#2993=VERTEX_POINT('',#10209);
#2994=VERTEX_POINT('',#10216);
#2995=VERTEX_POINT('',#10217);
#2996=VERTEX_POINT('',#10240);
#2997=VERTEX_POINT('',#10242);
#2998=VERTEX_POINT('',#10244);
#2999=VERTEX_POINT('',#10247);
#3000=VERTEX_POINT('',#10251);
#3001=VERTEX_POINT('',#10253);
#3002=VERTEX_POINT('',#10255);
#3003=VERTEX_POINT('',#10257);
#3004=VERTEX_POINT('',#10265);
#3005=VERTEX_POINT('',#10268);
#3006=VERTEX_POINT('',#10272);
#3007=VERTEX_POINT('',#10274);
#3008=VERTEX_POINT('',#10278);
#3009=VERTEX_POINT('',#10284);
#3010=VERTEX_POINT('',#10293);
#3011=VERTEX_POINT('',#10295);
#3012=VERTEX_POINT('',#10299);
#3013=VERTEX_POINT('',#10300);
#3014=VERTEX_POINT('',#10302);
#3015=VERTEX_POINT('',#10304);
#3016=VERTEX_POINT('',#10308);
#3017=VERTEX_POINT('',#10310);
#3018=VERTEX_POINT('',#10314);
#3019=VERTEX_POINT('',#10316);
#3020=VERTEX_POINT('',#10323);
#3021=VERTEX_POINT('',#10325);
#3022=VERTEX_POINT('',#10329);
#3023=VERTEX_POINT('',#10331);
#3024=VERTEX_POINT('',#10335);
#3025=VERTEX_POINT('',#10337);
#3026=VERTEX_POINT('',#10341);
#3027=VERTEX_POINT('',#10343);
#3028=VERTEX_POINT('',#10347);
#3029=VERTEX_POINT('',#10349);
#3030=VERTEX_POINT('',#10353);
#3031=VERTEX_POINT('',#10355);
#3032=VERTEX_POINT('',#10365);
#3033=VERTEX_POINT('',#10366);
#3034=VERTEX_POINT('',#10379);
#3035=VERTEX_POINT('',#10381);
#3036=VERTEX_POINT('',#10409);
#3037=VERTEX_POINT('',#10424);
#3038=VERTEX_POINT('',#10426);
#3039=VERTEX_POINT('',#10430);
#3040=VERTEX_POINT('',#10434);
#3041=VERTEX_POINT('',#10435);
#3042=VERTEX_POINT('',#10437);
#3043=VERTEX_POINT('',#10439);
#3044=VERTEX_POINT('',#10443);
#3045=VERTEX_POINT('',#10445);
#3046=VERTEX_POINT('',#10449);
#3047=VERTEX_POINT('',#10451);
#3048=VERTEX_POINT('',#10458);
#3049=VERTEX_POINT('',#10459);
#3050=VERTEX_POINT('',#10461);
#3051=VERTEX_POINT('',#10463);
#3052=VERTEX_POINT('',#10467);
#3053=VERTEX_POINT('',#10469);
#3054=VERTEX_POINT('',#10473);
#3055=VERTEX_POINT('',#10475);
#3056=VERTEX_POINT('',#10482);
#3057=VERTEX_POINT('',#10483);
#3058=VERTEX_POINT('',#10506);
#3059=VERTEX_POINT('',#10508);
#3060=VERTEX_POINT('',#10510);
#3061=VERTEX_POINT('',#10513);
#3062=VERTEX_POINT('',#10517);
#3063=VERTEX_POINT('',#10519);
#3064=VERTEX_POINT('',#10521);
#3065=VERTEX_POINT('',#10523);
#3066=VERTEX_POINT('',#10531);
#3067=VERTEX_POINT('',#10534);
#3068=VERTEX_POINT('',#10538);
#3069=VERTEX_POINT('',#10540);
#3070=VERTEX_POINT('',#10544);
#3071=VERTEX_POINT('',#10550);
#3072=VERTEX_POINT('',#10559);
#3073=VERTEX_POINT('',#10561);
#3074=VERTEX_POINT('',#10565);
#3075=VERTEX_POINT('',#10566);
#3076=VERTEX_POINT('',#10568);
#3077=VERTEX_POINT('',#10570);
#3078=VERTEX_POINT('',#10574);
#3079=VERTEX_POINT('',#10576);
#3080=VERTEX_POINT('',#10580);
#3081=VERTEX_POINT('',#10582);
#3082=VERTEX_POINT('',#10589);
#3083=VERTEX_POINT('',#10591);
#3084=VERTEX_POINT('',#10595);
#3085=VERTEX_POINT('',#10597);
#3086=VERTEX_POINT('',#10601);
#3087=VERTEX_POINT('',#10603);
#3088=VERTEX_POINT('',#10607);
#3089=VERTEX_POINT('',#10609);
#3090=VERTEX_POINT('',#10613);
#3091=VERTEX_POINT('',#10615);
#3092=VERTEX_POINT('',#10619);
#3093=VERTEX_POINT('',#10621);
#3094=VERTEX_POINT('',#10634);
#3095=VERTEX_POINT('',#10636);
#3096=VERTEX_POINT('',#10640);
#3097=VERTEX_POINT('',#10642);
#3098=VERTEX_POINT('',#10646);
#3099=VERTEX_POINT('',#10647);
#3100=VERTEX_POINT('',#10649);
#3101=VERTEX_POINT('',#10651);
#3102=VERTEX_POINT('',#10655);
#3103=VERTEX_POINT('',#10657);
#3104=VERTEX_POINT('',#10661);
#3105=VERTEX_POINT('',#10663);
#3106=VERTEX_POINT('',#10673);
#3107=VERTEX_POINT('',#10675);
#3108=VERTEX_POINT('',#10679);
#3109=VERTEX_POINT('',#10681);
#3110=VERTEX_POINT('',#10685);
#3111=VERTEX_POINT('',#10686);
#3112=VERTEX_POINT('',#10688);
#3113=VERTEX_POINT('',#10690);
#3114=VERTEX_POINT('',#10694);
#3115=VERTEX_POINT('',#10696);
#3116=VERTEX_POINT('',#10700);
#3117=VERTEX_POINT('',#10702);
#3118=VERTEX_POINT('',#10714);
#3119=VERTEX_POINT('',#10715);
#3120=VERTEX_POINT('',#10717);
#3121=VERTEX_POINT('',#10719);
#3122=VERTEX_POINT('',#10725);
#3123=VERTEX_POINT('',#10726);
#3124=VERTEX_POINT('',#10737);
#3125=VERTEX_POINT('',#10739);
#3126=VERTEX_POINT('',#10752);
#3127=VERTEX_POINT('',#10754);
#3128=VERTEX_POINT('',#10756);
#3129=VERTEX_POINT('',#10758);
#3130=VERTEX_POINT('',#10761);
#3131=VERTEX_POINT('',#10764);
#3132=VERTEX_POINT('',#10765);
#3133=VERTEX_POINT('',#10772);
#3134=VERTEX_POINT('',#10788);
#3135=VERTEX_POINT('',#10792);
#3136=VERTEX_POINT('',#10794);
#3137=VERTEX_POINT('',#10796);
#3138=VERTEX_POINT('',#10799);
#3139=VERTEX_POINT('',#10802);
#3140=VERTEX_POINT('',#10804);
#3141=VERTEX_POINT('',#10819);
#3142=VERTEX_POINT('',#10828);
#3143=VERTEX_POINT('',#10831);
#3144=VERTEX_POINT('',#10846);
#3145=VERTEX_POINT('',#10850);
#3146=VERTEX_POINT('',#10880);
#3147=VERTEX_POINT('',#10881);
#3148=VERTEX_POINT('',#10883);
#3149=VERTEX_POINT('',#10889);
#3150=VERTEX_POINT('',#10942);
#3151=VERTEX_POINT('',#10977);
#3152=VERTEX_POINT('',#10978);
#3153=VERTEX_POINT('',#10980);
#3154=VERTEX_POINT('',#10986);
#3155=VERTEX_POINT('',#11103);
#3156=VERTEX_POINT('',#11104);
#3157=VERTEX_POINT('',#11115);
#3158=VERTEX_POINT('',#11204);
#3159=VERTEX_POINT('',#11230);
#3160=VERTEX_POINT('',#11233);
#3161=VERTEX_POINT('',#11238);
#3162=VERTEX_POINT('',#11244);
#3163=VERTEX_POINT('',#11245);
#3164=VERTEX_POINT('',#11247);
#3165=VERTEX_POINT('',#11249);
#3166=VERTEX_POINT('',#11251);
#3167=VERTEX_POINT('',#11253);
#3168=VERTEX_POINT('',#11255);
#3169=VERTEX_POINT('',#11257);
#3170=VERTEX_POINT('',#11259);
#3171=VERTEX_POINT('',#11261);
#3172=VERTEX_POINT('',#11263);
#3173=VERTEX_POINT('',#11265);
#3174=VERTEX_POINT('',#11267);
#3175=VERTEX_POINT('',#11271);
#3176=VERTEX_POINT('',#11272);
#3177=VERTEX_POINT('',#11274);
#3178=VERTEX_POINT('',#11276);
#3179=VERTEX_POINT('',#11280);
#3180=VERTEX_POINT('',#11282);
#3181=VERTEX_POINT('',#11286);
#3182=VERTEX_POINT('',#11288);
#3183=VERTEX_POINT('',#11290);
#3184=VERTEX_POINT('',#11292);
#3185=VERTEX_POINT('',#11296);
#3186=VERTEX_POINT('',#11298);
#3187=VERTEX_POINT('',#11303);
#3188=VERTEX_POINT('',#11305);
#3189=VERTEX_POINT('',#11307);
#3190=VERTEX_POINT('',#11309);
#3191=VERTEX_POINT('',#11315);
#3192=VERTEX_POINT('',#11317);
#3193=VERTEX_POINT('',#11323);
#3194=VERTEX_POINT('',#11327);
#3195=VERTEX_POINT('',#11328);
#3196=VERTEX_POINT('',#11335);
#3197=VERTEX_POINT('',#11337);
#3198=VERTEX_POINT('',#11339);
#3199=VERTEX_POINT('',#11343);
#3200=VERTEX_POINT('',#11345);
#3201=VERTEX_POINT('',#11347);
#3202=VERTEX_POINT('',#11349);
#3203=VERTEX_POINT('',#11351);
#3204=VERTEX_POINT('',#11353);
#3205=VERTEX_POINT('',#11355);
#3206=VERTEX_POINT('',#11357);
#3207=VERTEX_POINT('',#11359);
#3208=VERTEX_POINT('',#11361);
#3209=VERTEX_POINT('',#11364);
#3210=VERTEX_POINT('',#11367);
#3211=VERTEX_POINT('',#11368);
#3212=VERTEX_POINT('',#11370);
#3213=VERTEX_POINT('',#11372);
#3214=VERTEX_POINT('',#11376);
#3215=VERTEX_POINT('',#11378);
#3216=VERTEX_POINT('',#11380);
#3217=VERTEX_POINT('',#11382);
#3218=VERTEX_POINT('',#11384);
#3219=VERTEX_POINT('',#11386);
#3220=VERTEX_POINT('',#11388);
#3221=VERTEX_POINT('',#11390);
#3222=VERTEX_POINT('',#11392);
#3223=VERTEX_POINT('',#11394);
#3224=VERTEX_POINT('',#11396);
#3225=VERTEX_POINT('',#11398);
#3226=VERTEX_POINT('',#11400);
#3227=VERTEX_POINT('',#11402);
#3228=VERTEX_POINT('',#11404);
#3229=VERTEX_POINT('',#11406);
#3230=VERTEX_POINT('',#11408);
#3231=VERTEX_POINT('',#11410);
#3232=VERTEX_POINT('',#11412);
#3233=VERTEX_POINT('',#11414);
#3234=VERTEX_POINT('',#11416);
#3235=VERTEX_POINT('',#11418);
#3236=VERTEX_POINT('',#11420);
#3237=VERTEX_POINT('',#11422);
#3238=VERTEX_POINT('',#11424);
#3239=VERTEX_POINT('',#11426);
#3240=VERTEX_POINT('',#11428);
#3241=VERTEX_POINT('',#11430);
#3242=VERTEX_POINT('',#11432);
#3243=VERTEX_POINT('',#11434);
#3244=VERTEX_POINT('',#11436);
#3245=VERTEX_POINT('',#11438);
#3246=VERTEX_POINT('',#11440);
#3247=VERTEX_POINT('',#11442);
#3248=VERTEX_POINT('',#11444);
#3249=VERTEX_POINT('',#11446);
#3250=VERTEX_POINT('',#11448);
#3251=VERTEX_POINT('',#11450);
#3252=VERTEX_POINT('',#11452);
#3253=VERTEX_POINT('',#11454);
#3254=VERTEX_POINT('',#11456);
#3255=VERTEX_POINT('',#11458);
#3256=VERTEX_POINT('',#11460);
#3257=VERTEX_POINT('',#11462);
#3258=VERTEX_POINT('',#11464);
#3259=VERTEX_POINT('',#11466);
#3260=VERTEX_POINT('',#11469);
#3261=VERTEX_POINT('',#11471);
#3262=VERTEX_POINT('',#11473);
#3263=VERTEX_POINT('',#11475);
#3264=VERTEX_POINT('',#11477);
#3265=VERTEX_POINT('',#11479);
#3266=VERTEX_POINT('',#11481);
#3267=VERTEX_POINT('',#11483);
#3268=VERTEX_POINT('',#11485);
#3269=VERTEX_POINT('',#11487);
#3270=VERTEX_POINT('',#11490);
#3271=VERTEX_POINT('',#11492);
#3272=VERTEX_POINT('',#11494);
#3273=VERTEX_POINT('',#11498);
#3274=VERTEX_POINT('',#11501);
#3275=VERTEX_POINT('',#11505);
#3276=VERTEX_POINT('',#11507);
#3277=VERTEX_POINT('',#11509);
#3278=VERTEX_POINT('',#11511);
#3279=VERTEX_POINT('',#11513);
#3280=VERTEX_POINT('',#11515);
#3281=VERTEX_POINT('',#11517);
#3282=VERTEX_POINT('',#11519);
#3283=VERTEX_POINT('',#11521);
#3284=VERTEX_POINT('',#11523);
#3285=VERTEX_POINT('',#11525);
#3286=VERTEX_POINT('',#11527);
#3287=VERTEX_POINT('',#11530);
#3288=VERTEX_POINT('',#11533);
#3289=VERTEX_POINT('',#11534);
#3290=VERTEX_POINT('',#11555);
#3291=VERTEX_POINT('',#11557);
#3292=VERTEX_POINT('',#11561);
#3293=VERTEX_POINT('',#11566);
#3294=VERTEX_POINT('',#11568);
#3295=VERTEX_POINT('',#11570);
#3296=VERTEX_POINT('',#11572);
#3297=VERTEX_POINT('',#11574);
#3298=VERTEX_POINT('',#11576);
#3299=VERTEX_POINT('',#11579);
#3300=VERTEX_POINT('',#11581);
#3301=VERTEX_POINT('',#11583);
#3302=VERTEX_POINT('',#11585);
#3303=VERTEX_POINT('',#11587);
#3304=VERTEX_POINT('',#11589);
#3305=VERTEX_POINT('',#11591);
#3306=VERTEX_POINT('',#11593);
#3307=VERTEX_POINT('',#11595);
#3308=VERTEX_POINT('',#11597);
#3309=VERTEX_POINT('',#11599);
#3310=VERTEX_POINT('',#11601);
#3311=VERTEX_POINT('',#11603);
#3312=VERTEX_POINT('',#11605);
#3313=VERTEX_POINT('',#11607);
#3314=VERTEX_POINT('',#11609);
#3315=VERTEX_POINT('',#11612);
#3316=VERTEX_POINT('',#11613);
#3317=VERTEX_POINT('',#11615);
#3318=VERTEX_POINT('',#11617);
#3319=VERTEX_POINT('',#11620);
#3320=VERTEX_POINT('',#11621);
#3321=VERTEX_POINT('',#11623);
#3322=VERTEX_POINT('',#11625);
#3323=VERTEX_POINT('',#11628);
#3324=VERTEX_POINT('',#11629);
#3325=VERTEX_POINT('',#11631);
#3326=VERTEX_POINT('',#11633);
#3327=VERTEX_POINT('',#11636);
#3328=VERTEX_POINT('',#11637);
#3329=VERTEX_POINT('',#11639);
#3330=VERTEX_POINT('',#11641);
#3331=VERTEX_POINT('',#11645);
#3332=VERTEX_POINT('',#11647);
#3333=VERTEX_POINT('',#11666);
#3334=VERTEX_POINT('',#11668);
#3335=VERTEX_POINT('',#11671);
#3336=VERTEX_POINT('',#11673);
#3337=VERTEX_POINT('',#11675);
#3338=VERTEX_POINT('',#11696);
#3339=VERTEX_POINT('',#11697);
#3340=VERTEX_POINT('',#11699);
#3341=VERTEX_POINT('',#11701);
#3342=VERTEX_POINT('',#11705);
#3343=VERTEX_POINT('',#11706);
#3344=VERTEX_POINT('',#11711);
#3345=VERTEX_POINT('',#11713);
#3346=VERTEX_POINT('',#11715);
#3347=VERTEX_POINT('',#11717);
#3348=VERTEX_POINT('',#11720);
#3349=VERTEX_POINT('',#11721);
#3350=VERTEX_POINT('',#11723);
#3351=VERTEX_POINT('',#11725);
#3352=VERTEX_POINT('',#11727);
#3353=VERTEX_POINT('',#11729);
#3354=VERTEX_POINT('',#11731);
#3355=VERTEX_POINT('',#11733);
#3356=VERTEX_POINT('',#11735);
#3357=VERTEX_POINT('',#11737);
#3358=VERTEX_POINT('',#11739);
#3359=VERTEX_POINT('',#11741);
#3360=VERTEX_POINT('',#11745);
#3361=VERTEX_POINT('',#11749);
#3362=VERTEX_POINT('',#11751);
#3363=VERTEX_POINT('',#11753);
#3364=VERTEX_POINT('',#11755);
#3365=VERTEX_POINT('',#11757);
#3366=VERTEX_POINT('',#11769);
#3367=VERTEX_POINT('',#11773);
#3368=VERTEX_POINT('',#11777);
#3369=VERTEX_POINT('',#11781);
#3370=VERTEX_POINT('',#11783);
#3371=VERTEX_POINT('',#11786);
#3372=VERTEX_POINT('',#11788);
#3373=VERTEX_POINT('',#11792);
#3374=VERTEX_POINT('',#11794);
#3375=VERTEX_POINT('',#11798);
#3376=VERTEX_POINT('',#11800);
#3377=VERTEX_POINT('',#11804);
#3378=VERTEX_POINT('',#11806);
#3379=VERTEX_POINT('',#11808);
#3380=VERTEX_POINT('',#11810);
#3381=VERTEX_POINT('',#11812);
#3382=VERTEX_POINT('',#11814);
#3383=VERTEX_POINT('',#11816);
#3384=VERTEX_POINT('',#11818);
#3385=VERTEX_POINT('',#11820);
#3386=VERTEX_POINT('',#11823);
#3387=VERTEX_POINT('',#11825);
#3388=VERTEX_POINT('',#11827);
#3389=VERTEX_POINT('',#11829);
#3390=VERTEX_POINT('',#11831);
#3391=VERTEX_POINT('',#11833);
#3392=VERTEX_POINT('',#11836);
#3393=VERTEX_POINT('',#11839);
#3394=VERTEX_POINT('',#11841);
#3395=VERTEX_POINT('',#11843);
#3396=VERTEX_POINT('',#11846);
#3397=VERTEX_POINT('',#11848);
#3398=VERTEX_POINT('',#11850);
#3399=VERTEX_POINT('',#11852);
#3400=VERTEX_POINT('',#11855);
#3401=VERTEX_POINT('',#11859);
#3402=VERTEX_POINT('',#11863);
#3403=VERTEX_POINT('',#11867);
#3404=VERTEX_POINT('',#11871);
#3405=VERTEX_POINT('',#11872);
#3406=VERTEX_POINT('',#11877);
#3407=VERTEX_POINT('',#11893);
#3408=VERTEX_POINT('',#11895);
#3409=VERTEX_POINT('',#11899);
#3410=VERTEX_POINT('',#11900);
#3411=VERTEX_POINT('',#11905);
#3412=VERTEX_POINT('',#11909);
#3413=VERTEX_POINT('',#11913);
#3414=VERTEX_POINT('',#11915);
#3415=VERTEX_POINT('',#11919);
#3416=VERTEX_POINT('',#11925);
#3417=VERTEX_POINT('',#11929);
#3418=VERTEX_POINT('',#11937);
#3419=VERTEX_POINT('',#11939);
#3420=VERTEX_POINT('',#11942);
#3421=VERTEX_POINT('',#11944);
#3422=VERTEX_POINT('',#11951);
#3423=VERTEX_POINT('',#11958);
#3424=VERTEX_POINT('',#11961);
#3425=VERTEX_POINT('',#11963);
#3426=VERTEX_POINT('',#11969);
#3427=VERTEX_POINT('',#11972);
#3428=VERTEX_POINT('',#11974);
#3429=VERTEX_POINT('',#11976);
#3430=VERTEX_POINT('',#11980);
#3431=VERTEX_POINT('',#11984);
#3432=VERTEX_POINT('',#11986);
#3433=VERTEX_POINT('',#11990);
#3434=VERTEX_POINT('',#11994);
#3435=VERTEX_POINT('',#11996);
#3436=VERTEX_POINT('',#11999);
#3437=VERTEX_POINT('',#12001);
#3438=VERTEX_POINT('',#12003);
#3439=VERTEX_POINT('',#12005);
#3440=VERTEX_POINT('',#12007);
#3441=VERTEX_POINT('',#12010);
#3442=VERTEX_POINT('',#12026);
#3443=VERTEX_POINT('',#12030);
#3444=VERTEX_POINT('',#12032);
#3445=VERTEX_POINT('',#12034);
#3446=VERTEX_POINT('',#12048);
#3447=VERTEX_POINT('',#12062);
#3448=VERTEX_POINT('',#12064);
#3449=VERTEX_POINT('',#12068);
#3450=VERTEX_POINT('',#12072);
#3451=VERTEX_POINT('',#12074);
#3452=VERTEX_POINT('',#12077);
#3453=VERTEX_POINT('',#12079);
#3454=VERTEX_POINT('',#12081);
#3455=VERTEX_POINT('',#12083);
#3456=VERTEX_POINT('',#12085);
#3457=VERTEX_POINT('',#12087);
#3458=VERTEX_POINT('',#12090);
#3459=VERTEX_POINT('',#12107);
#3460=VERTEX_POINT('',#12109);
#3461=VERTEX_POINT('',#12113);
#3462=VERTEX_POINT('',#12115);
#3463=VERTEX_POINT('',#12117);
#3464=VERTEX_POINT('',#12123);
#3465=VERTEX_POINT('',#12127);
#3466=VERTEX_POINT('',#12131);
#3467=VERTEX_POINT('',#12146);
#3468=VERTEX_POINT('',#12148);
#3469=VERTEX_POINT('',#12150);
#3470=VERTEX_POINT('',#12152);
#3471=VERTEX_POINT('',#12155);
#3472=VERTEX_POINT('',#12156);
#3473=VERTEX_POINT('',#12158);
#3474=VERTEX_POINT('',#12160);
#3475=VERTEX_POINT('',#12163);
#3476=VERTEX_POINT('',#12164);
#3477=VERTEX_POINT('',#12166);
#3478=VERTEX_POINT('',#12168);
#3479=VERTEX_POINT('',#12170);
#3480=VERTEX_POINT('',#12172);
#3481=VERTEX_POINT('',#12174);
#3482=VERTEX_POINT('',#12176);
#3483=VERTEX_POINT('',#12179);
#3484=VERTEX_POINT('',#12180);
#3485=VERTEX_POINT('',#12182);
#3486=VERTEX_POINT('',#12184);
#3487=VERTEX_POINT('',#12186);
#3488=VERTEX_POINT('',#12188);
#3489=VERTEX_POINT('',#12190);
#3490=VERTEX_POINT('',#12192);
#3491=VERTEX_POINT('',#12197);
#3492=VERTEX_POINT('',#12199);
#3493=VERTEX_POINT('',#12201);
#3494=VERTEX_POINT('',#12203);
#3495=VERTEX_POINT('',#12206);
#3496=VERTEX_POINT('',#12207);
#3497=VERTEX_POINT('',#12209);
#3498=VERTEX_POINT('',#12211);
#3499=VERTEX_POINT('',#12214);
#3500=VERTEX_POINT('',#12215);
#3501=VERTEX_POINT('',#12217);
#3502=VERTEX_POINT('',#12219);
#3503=VERTEX_POINT('',#12221);
#3504=VERTEX_POINT('',#12223);
#3505=VERTEX_POINT('',#12225);
#3506=VERTEX_POINT('',#12227);
#3507=VERTEX_POINT('',#12230);
#3508=VERTEX_POINT('',#12231);
#3509=VERTEX_POINT('',#12233);
#3510=VERTEX_POINT('',#12235);
#3511=VERTEX_POINT('',#12237);
#3512=VERTEX_POINT('',#12239);
#3513=VERTEX_POINT('',#12241);
#3514=VERTEX_POINT('',#12243);
#3515=VERTEX_POINT('',#12247);
#3516=VERTEX_POINT('',#12251);
#3517=VERTEX_POINT('',#12255);
#3518=VERTEX_POINT('',#12259);
#3519=VERTEX_POINT('',#12286);
#3520=VERTEX_POINT('',#12305);
#3521=VERTEX_POINT('',#12307);
#3522=VERTEX_POINT('',#12345);
#3523=VERTEX_POINT('',#12365);
#3524=VERTEX_POINT('',#12369);
#3525=VERTEX_POINT('',#12371);
#3526=VERTEX_POINT('',#12378);
#3527=VERTEX_POINT('',#12380);
#3528=VERTEX_POINT('',#12386);
#3529=VERTEX_POINT('',#12388);
#3530=VERTEX_POINT('',#12395);
#3531=VERTEX_POINT('',#12397);
#3532=VERTEX_POINT('',#12404);
#3533=VERTEX_POINT('',#12406);
#3534=VERTEX_POINT('',#12412);
#3535=VERTEX_POINT('',#12416);
#3536=VERTEX_POINT('',#12421);
#3537=VERTEX_POINT('',#12423);
#3538=VERTEX_POINT('',#12429);
#3539=VERTEX_POINT('',#12433);
#3540=VERTEX_POINT('',#12437);
#3541=VERTEX_POINT('',#12440);
#3542=VERTEX_POINT('',#12444);
#3543=VERTEX_POINT('',#12446);
#3544=VERTEX_POINT('',#12450);
#3545=VERTEX_POINT('',#12452);
#3546=VERTEX_POINT('',#12456);
#3547=VERTEX_POINT('',#12458);
#3548=VERTEX_POINT('',#12461);
#3549=VERTEX_POINT('',#12465);
#3550=VERTEX_POINT('',#12467);
#3551=VERTEX_POINT('',#12471);
#3552=VERTEX_POINT('',#12474);
#3553=VERTEX_POINT('',#12478);
#3554=VERTEX_POINT('',#12481);
#3555=VERTEX_POINT('',#12483);
#3556=VERTEX_POINT('',#12487);
#3557=VERTEX_POINT('',#12489);
#3558=VERTEX_POINT('',#12493);
#3559=VERTEX_POINT('',#12495);
#3560=VERTEX_POINT('',#12497);
#3561=VERTEX_POINT('',#12499);
#3562=VERTEX_POINT('',#12503);
#3563=VERTEX_POINT('',#12507);
#3564=VERTEX_POINT('',#12511);
#3565=VERTEX_POINT('',#12515);
#3566=VERTEX_POINT('',#12521);
#3567=VERTEX_POINT('',#12527);
#3568=VERTEX_POINT('',#12531);
#3569=VERTEX_POINT('',#12539);
#3570=VERTEX_POINT('',#12556);
#3571=VERTEX_POINT('',#12558);
#3572=VERTEX_POINT('',#12561);
#3573=VERTEX_POINT('',#12566);
#3574=VERTEX_POINT('',#12568);
#3575=VERTEX_POINT('',#12572);
#3576=VERTEX_POINT('',#12576);
#3577=VERTEX_POINT('',#12580);
#3578=VERTEX_POINT('',#12586);
#3579=VERTEX_POINT('',#12603);
#3580=VERTEX_POINT('',#12607);
#3581=VERTEX_POINT('',#12611);
#3582=VERTEX_POINT('',#12615);
#3583=VERTEX_POINT('',#12621);
#3584=VERTEX_POINT('',#12638);
#3585=VERTEX_POINT('',#12642);
#3586=VERTEX_POINT('',#12646);
#3587=VERTEX_POINT('',#12650);
#3588=VERTEX_POINT('',#12656);
#3589=VERTEX_POINT('',#12673);
#3590=VERTEX_POINT('',#12675);
#3591=VERTEX_POINT('',#12692);
#3592=VERTEX_POINT('',#12693);
#3593=VERTEX_POINT('',#12702);
#3594=VERTEX_POINT('',#12705);
#3595=VERTEX_POINT('',#12707);
#3596=VERTEX_POINT('',#12709);
#3597=VERTEX_POINT('',#12719);
#3598=VERTEX_POINT('',#12734);
#3599=VERTEX_POINT('',#12738);
#3600=VERTEX_POINT('',#12744);
#3601=VERTEX_POINT('',#12750);
#3602=VERTEX_POINT('',#12756);
#3603=VERTEX_POINT('',#12765);
#3604=VERTEX_POINT('',#12806);
#3605=VERTEX_POINT('',#12807);
#3606=VERTEX_POINT('',#12809);
#3607=VERTEX_POINT('',#12811);
#3608=VERTEX_POINT('',#12815);
#3609=VERTEX_POINT('',#12817);
#3610=VERTEX_POINT('',#12821);
#3611=VERTEX_POINT('',#12823);
#3612=VERTEX_POINT('',#12833);
#3613=VERTEX_POINT('',#12835);
#3614=VERTEX_POINT('',#12839);
#3615=VERTEX_POINT('',#12843);
#3616=VERTEX_POINT('',#12845);
#3617=VERTEX_POINT('',#12851);
#3618=VERTEX_POINT('',#12853);
#3619=VERTEX_POINT('',#12857);
#3620=VERTEX_POINT('',#12861);
#3621=VERTEX_POINT('',#12865);
#3622=VERTEX_POINT('',#12869);
#3623=VERTEX_POINT('',#12873);
#3624=VERTEX_POINT('',#12877);
#3625=VERTEX_POINT('',#12883);
#3626=VERTEX_POINT('',#12885);
#3627=VERTEX_POINT('',#12891);
#3628=VERTEX_POINT('',#12900);
#3629=VERTEX_POINT('',#12902);
#3630=VERTEX_POINT('',#12906);
#3631=VERTEX_POINT('',#12910);
#3632=VERTEX_POINT('',#12921);
#3633=VERTEX_POINT('',#12923);
#3634=VERTEX_POINT('',#12927);
#3635=VERTEX_POINT('',#12931);
#3636=VERTEX_POINT('',#12939);
#3637=VERTEX_POINT('',#12941);
#3638=VERTEX_POINT('',#12945);
#3639=VERTEX_POINT('',#12949);
#3640=VERTEX_POINT('',#12951);
#3641=VERTEX_POINT('',#12957);
#3642=VERTEX_POINT('',#12959);
#3643=VERTEX_POINT('',#12963);
#3644=VERTEX_POINT('',#12967);
#3645=VERTEX_POINT('',#12971);
#3646=VERTEX_POINT('',#12975);
#3647=VERTEX_POINT('',#12979);
#3648=VERTEX_POINT('',#12983);
#3649=VERTEX_POINT('',#12989);
#3650=VERTEX_POINT('',#12991);
#3651=VERTEX_POINT('',#12997);
#3652=VERTEX_POINT('',#13003);
#3653=VERTEX_POINT('',#13005);
#3654=VERTEX_POINT('',#13009);
#3655=VERTEX_POINT('',#13013);
#3656=EDGE_CURVE('',#2970,#2971,#2933,.T.);
#3657=EDGE_CURVE('',#2972,#2970,#1501,.T.);
#3658=EDGE_CURVE('',#2973,#2972,#2934,.T.);
#3659=EDGE_CURVE('',#2974,#2973,#1502,.T.);
#3660=EDGE_CURVE('',#2971,#2974,#2935,.T.);
#3661=EDGE_CURVE('',#2975,#2972,#1503,.T.);
#3662=EDGE_CURVE('',#2976,#2975,#426,.T.);
#3663=EDGE_CURVE('',#2976,#2973,#1504,.T.);
#3664=EDGE_CURVE('',#2970,#2977,#427,.T.);
#3665=EDGE_CURVE('',#2972,#2977,#1505,.T.);
#3666=EDGE_CURVE('',#2978,#2979,#1506,.T.);
#3667=EDGE_CURVE('',#2980,#2978,#1507,.T.);
#3668=EDGE_CURVE('',#2981,#2980,#1508,.T.);
#3669=EDGE_CURVE('',#2981,#2979,#1509,.T.);
#3670=EDGE_CURVE('',#2979,#2982,#428,.T.);
#3671=EDGE_CURVE('',#2983,#2981,#429,.T.);
#3672=EDGE_CURVE('',#2983,#2982,#1510,.T.);
#3673=EDGE_CURVE('',#2982,#2984,#1511,.T.);
#3674=EDGE_CURVE('',#2985,#2983,#1512,.T.);
#3675=EDGE_CURVE('',#2985,#2984,#1513,.T.);
#3676=EDGE_CURVE('',#2984,#2978,#430,.T.);
#3677=EDGE_CURVE('',#2980,#2985,#431,.T.);
#3678=EDGE_CURVE('',#2986,#2987,#1514,.T.);
#3679=EDGE_CURVE('',#2988,#2986,#1515,.T.);
#3680=EDGE_CURVE('',#2989,#2988,#1516,.T.);
#3681=EDGE_CURVE('',#2989,#2987,#1517,.T.);
#3682=EDGE_CURVE('',#2987,#2990,#432,.T.);
#3683=EDGE_CURVE('',#2991,#2989,#433,.T.);
#3684=EDGE_CURVE('',#2991,#2990,#1518,.T.);
#3685=EDGE_CURVE('',#2990,#2992,#1519,.T.);
#3686=EDGE_CURVE('',#2993,#2991,#1520,.T.);
#3687=EDGE_CURVE('',#2993,#2992,#1521,.T.);
#3688=EDGE_CURVE('',#2992,#2986,#434,.T.);
#3689=EDGE_CURVE('',#2988,#2993,#435,.T.);
#3690=EDGE_CURVE('',#2994,#2995,#2936,.T.);
#3691=EDGE_CURVE('',#2996,#2994,#436,.T.);
#3692=EDGE_CURVE('',#2997,#2996,#437,.T.);
#3693=EDGE_CURVE('',#2997,#2998,#1522,.T.);
#3694=EDGE_CURVE('',#2998,#2998,#202,.T.);
#3695=EDGE_CURVE('',#2999,#2997,#438,.T.);
#3696=EDGE_CURVE('',#2995,#2999,#439,.T.);
#3697=EDGE_CURVE('',#3000,#2995,#1523,.T.);
#3698=EDGE_CURVE('',#3001,#3000,#440,.T.);
#3699=EDGE_CURVE('',#3001,#3002,#1524,.T.);
#3700=EDGE_CURVE('',#3003,#3002,#441,.T.);
#3701=EDGE_CURVE('',#2994,#3003,#1525,.T.);
#3702=EDGE_CURVE('',#3000,#2999,#1526,.T.);
#3703=EDGE_CURVE('',#2996,#3003,#1527,.T.);
#3704=EDGE_CURVE('',#2971,#3004,#1528,.T.);
#3705=EDGE_CURVE('',#3004,#3004,#442,.T.);
#3706=EDGE_CURVE('',#3005,#2974,#443,.T.);
#3707=EDGE_CURVE('',#2977,#3005,#444,.T.);
#3708=EDGE_CURVE('',#3006,#2975,#1529,.T.);
#3709=EDGE_CURVE('',#3007,#3006,#1530,.T.);
#3710=EDGE_CURVE('',#3007,#2976,#1531,.T.);
#3711=EDGE_CURVE('',#3008,#3005,#1532,.T.);
#3712=EDGE_CURVE('',#2977,#3008,#1533,.T.);
#3713=EDGE_CURVE('',#3005,#2973,#1534,.T.);
#3714=EDGE_CURVE('',#3009,#3008,#445,.T.);
#3715=EDGE_CURVE('',#2973,#3000,#446,.T.);
#3716=EDGE_CURVE('',#2999,#3009,#1535,.T.);
#3717=EDGE_CURVE('',#2972,#3003,#447,.T.);
#3718=EDGE_CURVE('',#3009,#2996,#1536,.T.);
#3719=EDGE_CURVE('',#3010,#3010,#448,.T.);
#3720=EDGE_CURVE('',#3010,#3011,#1537,.T.);
#3721=EDGE_CURVE('',#3011,#3011,#449,.T.);
#3722=EDGE_CURVE('',#3012,#3013,#1538,.T.);
#3723=EDGE_CURVE('',#3013,#3014,#1539,.T.);
#3724=EDGE_CURVE('',#3015,#3014,#1540,.T.);
#3725=EDGE_CURVE('',#3012,#3015,#1541,.T.);
#3726=EDGE_CURVE('',#3016,#3012,#450,.T.);
#3727=EDGE_CURVE('',#3017,#3015,#451,.T.);
#3728=EDGE_CURVE('',#3016,#3017,#1542,.T.);
#3729=EDGE_CURVE('',#3018,#3016,#1543,.T.);
#3730=EDGE_CURVE('',#3019,#3017,#1544,.T.);
#3731=EDGE_CURVE('',#3018,#3019,#1545,.T.);
#3732=EDGE_CURVE('',#3013,#3018,#452,.T.);
#3733=EDGE_CURVE('',#3014,#3019,#453,.T.);
#3734=EDGE_CURVE('',#3020,#3020,#454,.T.);
#3735=EDGE_CURVE('',#3020,#3021,#1546,.T.);
#3736=EDGE_CURVE('',#3021,#3021,#455,.T.);
#3737=EDGE_CURVE('',#3022,#3007,#456,.T.);
#3738=EDGE_CURVE('',#3023,#3006,#457,.T.);
#3739=EDGE_CURVE('',#3022,#3023,#1547,.T.);
#3740=EDGE_CURVE('',#3022,#3024,#1548,.T.);
#3741=EDGE_CURVE('',#3025,#3023,#1549,.T.);
#3742=EDGE_CURVE('',#3024,#3025,#1550,.T.);
#3743=EDGE_CURVE('',#3026,#3024,#458,.T.);
#3744=EDGE_CURVE('',#3027,#3025,#459,.T.);
#3745=EDGE_CURVE('',#3026,#3027,#1551,.T.);
#3746=EDGE_CURVE('',#3026,#3028,#1552,.T.);
#3747=EDGE_CURVE('',#3029,#3027,#1553,.T.);
#3748=EDGE_CURVE('',#3028,#3029,#1554,.T.);
#3749=EDGE_CURVE('',#3030,#3028,#460,.T.);
#3750=EDGE_CURVE('',#3031,#3029,#461,.T.);
#3751=EDGE_CURVE('',#3030,#3031,#1555,.T.);
#3752=EDGE_CURVE('',#3001,#3030,#1556,.T.);
#3753=EDGE_CURVE('',#3002,#3031,#1557,.T.);
#3754=EDGE_CURVE('',#3032,#3033,#2937,.T.);
#3755=EDGE_CURVE('',#3034,#3032,#1558,.T.);
#3756=EDGE_CURVE('',#3035,#3034,#2938,.T.);
#3757=EDGE_CURVE('',#3036,#3035,#1559,.T.);
#3758=EDGE_CURVE('',#3033,#3036,#2939,.T.);
#3759=EDGE_CURVE('',#3037,#3034,#1560,.T.);
#3760=EDGE_CURVE('',#3037,#3038,#462,.T.);
#3761=EDGE_CURVE('',#3038,#3035,#1561,.T.);
#3762=EDGE_CURVE('',#3039,#3032,#463,.T.);
#3763=EDGE_CURVE('',#3039,#3034,#1562,.T.);
#3764=EDGE_CURVE('',#3040,#3041,#1563,.T.);
#3765=EDGE_CURVE('',#3042,#3041,#1564,.T.);
#3766=EDGE_CURVE('',#3042,#3043,#1565,.T.);
#3767=EDGE_CURVE('',#3043,#3040,#1566,.T.);
#3768=EDGE_CURVE('',#3041,#3044,#464,.T.);
#3769=EDGE_CURVE('',#3045,#3044,#1567,.T.);
#3770=EDGE_CURVE('',#3045,#3042,#465,.T.);
#3771=EDGE_CURVE('',#3044,#3046,#1568,.T.);
#3772=EDGE_CURVE('',#3047,#3046,#1569,.T.);
#3773=EDGE_CURVE('',#3047,#3045,#1570,.T.);
#3774=EDGE_CURVE('',#3046,#3040,#466,.T.);
#3775=EDGE_CURVE('',#3043,#3047,#467,.T.);
#3776=EDGE_CURVE('',#3048,#3049,#1571,.T.);
#3777=EDGE_CURVE('',#3050,#3049,#1572,.T.);
#3778=EDGE_CURVE('',#3050,#3051,#1573,.T.);
#3779=EDGE_CURVE('',#3051,#3048,#1574,.T.);
#3780=EDGE_CURVE('',#3049,#3052,#468,.T.);
#3781=EDGE_CURVE('',#3053,#3052,#1575,.T.);
#3782=EDGE_CURVE('',#3053,#3050,#469,.T.);
#3783=EDGE_CURVE('',#3052,#3054,#1576,.T.);
#3784=EDGE_CURVE('',#3055,#3054,#1577,.T.);
#3785=EDGE_CURVE('',#3055,#3053,#1578,.T.);
#3786=EDGE_CURVE('',#3054,#3048,#470,.T.);
#3787=EDGE_CURVE('',#3051,#3055,#471,.T.);
#3788=EDGE_CURVE('',#3056,#3057,#2940,.T.);
#3789=EDGE_CURVE('',#3057,#3058,#472,.T.);
#3790=EDGE_CURVE('',#3058,#3059,#473,.T.);
#3791=EDGE_CURVE('',#3059,#3060,#1579,.T.);
#3792=EDGE_CURVE('',#3060,#3060,#203,.T.);
#3793=EDGE_CURVE('',#3059,#3061,#474,.T.);
#3794=EDGE_CURVE('',#3061,#3056,#475,.T.);
#3795=EDGE_CURVE('',#3056,#3062,#1580,.T.);
#3796=EDGE_CURVE('',#3062,#3063,#476,.T.);
#3797=EDGE_CURVE('',#3064,#3063,#1581,.T.);
#3798=EDGE_CURVE('',#3064,#3065,#477,.T.);
#3799=EDGE_CURVE('',#3065,#3057,#1582,.T.);
#3800=EDGE_CURVE('',#3065,#3058,#1583,.T.);
#3801=EDGE_CURVE('',#3061,#3062,#1584,.T.);
#3802=EDGE_CURVE('',#3033,#3066,#1585,.T.);
#3803=EDGE_CURVE('',#3066,#3066,#478,.T.);
#3804=EDGE_CURVE('',#3036,#3067,#479,.T.);
#3805=EDGE_CURVE('',#3067,#3039,#480,.T.);
#3806=EDGE_CURVE('',#3068,#3037,#1586,.T.);
#3807=EDGE_CURVE('',#3068,#3069,#1587,.T.);
#3808=EDGE_CURVE('',#3069,#3038,#1588,.T.);
#3809=EDGE_CURVE('',#3067,#3070,#1589,.T.);
#3810=EDGE_CURVE('',#3070,#3039,#1590,.T.);
#3811=EDGE_CURVE('',#3035,#3067,#1591,.T.);
#3812=EDGE_CURVE('',#3071,#3070,#481,.T.);
#3813=EDGE_CURVE('',#3058,#3071,#1592,.T.);
#3814=EDGE_CURVE('',#3034,#3065,#482,.T.);
#3815=EDGE_CURVE('',#3035,#3062,#483,.T.);
#3816=EDGE_CURVE('',#3071,#3061,#1593,.T.);
#3817=EDGE_CURVE('',#3072,#3072,#484,.T.);
#3818=EDGE_CURVE('',#3072,#3073,#1594,.T.);
#3819=EDGE_CURVE('',#3073,#3073,#485,.T.);
#3820=EDGE_CURVE('',#3074,#3075,#1595,.T.);
#3821=EDGE_CURVE('',#3074,#3076,#1596,.T.);
#3822=EDGE_CURVE('',#3076,#3077,#1597,.T.);
#3823=EDGE_CURVE('',#3075,#3077,#1598,.T.);
#3824=EDGE_CURVE('',#3078,#3074,#486,.T.);
#3825=EDGE_CURVE('',#3078,#3079,#1599,.T.);
#3826=EDGE_CURVE('',#3079,#3076,#487,.T.);
#3827=EDGE_CURVE('',#3080,#3078,#1600,.T.);
#3828=EDGE_CURVE('',#3080,#3081,#1601,.T.);
#3829=EDGE_CURVE('',#3081,#3079,#1602,.T.);
#3830=EDGE_CURVE('',#3075,#3080,#488,.T.);
#3831=EDGE_CURVE('',#3077,#3081,#489,.T.);
#3832=EDGE_CURVE('',#3082,#3082,#490,.T.);
#3833=EDGE_CURVE('',#3082,#3083,#1603,.T.);
#3834=EDGE_CURVE('',#3083,#3083,#491,.T.);
#3835=EDGE_CURVE('',#3084,#3068,#492,.T.);
#3836=EDGE_CURVE('',#3084,#3085,#1604,.T.);
#3837=EDGE_CURVE('',#3085,#3069,#493,.T.);
#3838=EDGE_CURVE('',#3084,#3086,#1605,.T.);
#3839=EDGE_CURVE('',#3086,#3087,#1606,.T.);
#3840=EDGE_CURVE('',#3087,#3085,#1607,.T.);
#3841=EDGE_CURVE('',#3088,#3086,#494,.T.);
#3842=EDGE_CURVE('',#3088,#3089,#1608,.T.);
#3843=EDGE_CURVE('',#3089,#3087,#495,.T.);
#3844=EDGE_CURVE('',#3088,#3090,#1609,.T.);
#3845=EDGE_CURVE('',#3090,#3091,#1610,.T.);
#3846=EDGE_CURVE('',#3091,#3089,#1611,.T.);
#3847=EDGE_CURVE('',#3092,#3090,#496,.T.);
#3848=EDGE_CURVE('',#3092,#3093,#1612,.T.);
#3849=EDGE_CURVE('',#3093,#3091,#497,.T.);
#3850=EDGE_CURVE('',#3064,#3092,#1613,.T.);
#3851=EDGE_CURVE('',#3063,#3093,#1614,.T.);
#3852=EDGE_CURVE('',#3094,#3094,#498,.T.);
#3853=EDGE_CURVE('',#3094,#3095,#1615,.T.);
#3854=EDGE_CURVE('',#3095,#3095,#499,.T.);
#3855=EDGE_CURVE('',#3096,#3096,#500,.T.);
#3856=EDGE_CURVE('',#3096,#3097,#1616,.T.);
#3857=EDGE_CURVE('',#3097,#3097,#501,.T.);
#3858=EDGE_CURVE('',#3098,#3099,#502,.T.);
#3859=EDGE_CURVE('',#3099,#3100,#1617,.T.);
#3860=EDGE_CURVE('',#3101,#3100,#503,.T.);
#3861=EDGE_CURVE('',#3098,#3101,#1618,.T.);
#3862=EDGE_CURVE('',#3098,#3102,#1619,.T.);
#3863=EDGE_CURVE('',#3103,#3101,#1620,.T.);
#3864=EDGE_CURVE('',#3102,#3103,#1621,.T.);
#3865=EDGE_CURVE('',#3104,#3102,#504,.T.);
#3866=EDGE_CURVE('',#3105,#3103,#505,.T.);
#3867=EDGE_CURVE('',#3104,#3105,#1622,.T.);
#3868=EDGE_CURVE('',#3099,#3104,#1623,.T.);
#3869=EDGE_CURVE('',#3100,#3105,#1624,.T.);
#3870=EDGE_CURVE('',#3106,#3106,#506,.T.);
#3871=EDGE_CURVE('',#3106,#3107,#1625,.T.);
#3872=EDGE_CURVE('',#3107,#3107,#507,.T.);
#3873=EDGE_CURVE('',#3108,#3108,#508,.T.);
#3874=EDGE_CURVE('',#3108,#3109,#1626,.T.);
#3875=EDGE_CURVE('',#3109,#3109,#509,.T.);
#3876=EDGE_CURVE('',#3110,#3111,#510,.T.);
#3877=EDGE_CURVE('',#3110,#3112,#1627,.T.);
#3878=EDGE_CURVE('',#3112,#3113,#511,.T.);
#3879=EDGE_CURVE('',#3111,#3113,#1628,.T.);
#3880=EDGE_CURVE('',#3110,#3114,#1629,.T.);
#3881=EDGE_CURVE('',#3114,#3115,#1630,.T.);
#3882=EDGE_CURVE('',#3115,#3112,#1631,.T.);
#3883=EDGE_CURVE('',#3116,#3114,#512,.T.);
#3884=EDGE_CURVE('',#3116,#3117,#1632,.T.);
#3885=EDGE_CURVE('',#3117,#3115,#513,.T.);
#3886=EDGE_CURVE('',#3111,#3116,#1633,.T.);
#3887=EDGE_CURVE('',#3113,#3117,#1634,.T.);
#3888=EDGE_CURVE('',#3118,#3119,#204,.F.);
#3889=EDGE_CURVE('',#3119,#3120,#1635,.T.);
#3890=EDGE_CURVE('',#3120,#3121,#205,.F.);
#3891=EDGE_CURVE('',#3121,#3118,#1636,.T.);
#3892=EDGE_CURVE('',#3119,#3120,#514,.T.);
#3893=EDGE_CURVE('',#3122,#3123,#2941,.T.);
#3894=EDGE_CURVE('',#3123,#3124,#1637,.T.);
#3895=EDGE_CURVE('',#3124,#3125,#2942,.T.);
#3896=EDGE_CURVE('',#3125,#3122,#1638,.T.);
#3897=EDGE_CURVE('',#3123,#3126,#1639,.T.);
#3898=EDGE_CURVE('',#3126,#3127,#1640,.T.);
#3899=EDGE_CURVE('',#3127,#3128,#515,.T.);
#3900=EDGE_CURVE('',#3128,#3129,#1641,.T.);
#3901=EDGE_CURVE('',#3129,#3124,#1642,.T.);
#3902=EDGE_CURVE('',#3130,#3130,#516,.T.);
#3903=EDGE_CURVE('',#3131,#3132,#2943,.F.);
#3904=EDGE_CURVE('',#3131,#3133,#1643,.T.);
#3905=EDGE_CURVE('',#3118,#3133,#2944,.F.);
#3906=EDGE_CURVE('',#3118,#3134,#1644,.T.);
#3907=EDGE_CURVE('',#3134,#3132,#206,.T.);
#3908=EDGE_CURVE('',#3135,#3121,#1645,.T.);
#3909=EDGE_CURVE('',#3136,#3135,#1646,.T.);
#3910=EDGE_CURVE('',#3137,#3136,#517,.T.);
#3911=EDGE_CURVE('',#3134,#3137,#1647,.T.);
#3912=EDGE_CURVE('',#3138,#3138,#518,.T.);
#3913=EDGE_CURVE('',#3135,#3139,#207,.F.);
#3914=EDGE_CURVE('',#3121,#3140,#2945,.T.);
#3915=EDGE_CURVE('',#3140,#3141,#1648,.T.);
#3916=EDGE_CURVE('',#3141,#3139,#2946,.T.);
#3917=EDGE_CURVE('',#3131,#3142,#519,.T.);
#3918=EDGE_CURVE('',#3142,#3141,#520,.T.);
#3919=EDGE_CURVE('',#3140,#3143,#521,.T.);
#3920=EDGE_CURVE('',#3143,#3133,#522,.T.);
#3921=EDGE_CURVE('',#3126,#3132,#208,.T.);
#3922=EDGE_CURVE('',#3137,#3127,#1649,.T.);
#3923=EDGE_CURVE('',#3130,#3138,#1650,.T.);
#3924=EDGE_CURVE('',#3139,#3129,#209,.F.);
#3925=EDGE_CURVE('',#3136,#3128,#1651,.T.);
#3926=EDGE_CURVE('',#3125,#3122,#523,.T.);
#3927=EDGE_CURVE('',#3143,#3144,#1652,.T.);
#3928=EDGE_CURVE('',#3144,#3144,#524,.T.);
#3929=EDGE_CURVE('',#3142,#3145,#1653,.T.);
#3930=EDGE_CURVE('',#3145,#3145,#525,.T.);
#3931=EDGE_CURVE('',#3146,#3147,#526,.T.);
#3932=EDGE_CURVE('',#3147,#3148,#2947,.T.);
#3933=EDGE_CURVE('',#3148,#3149,#2948,.T.);
#3934=EDGE_CURVE('',#3149,#3146,#2949,.T.);
#3935=EDGE_CURVE('',#3146,#3150,#2950,.T.);
#3936=EDGE_CURVE('',#3147,#3150,#527,.T.);
#3937=EDGE_CURVE('',#3151,#3152,#528,.T.);
#3938=EDGE_CURVE('',#3152,#3153,#2951,.T.);
#3939=EDGE_CURVE('',#3153,#3154,#2952,.T.);
#3940=EDGE_CURVE('',#3154,#3151,#2953,.T.);
#3941=EDGE_CURVE('',#3150,#3151,#529,.T.);
#3942=EDGE_CURVE('',#3150,#3152,#2954,.T.);
#3943=EDGE_CURVE('',#3151,#3147,#530,.T.);
#3944=EDGE_CURVE('',#3154,#3148,#531,.T.);
#3945=EDGE_CURVE('',#3155,#3156,#2955,.T.);
#3946=EDGE_CURVE('',#3155,#3157,#2956,.T.);
#3947=EDGE_CURVE('',#3157,#3158,#2957,.F.);
#3948=EDGE_CURVE('',#3158,#3156,#2958,.T.);
#3949=EDGE_CURVE('',#3158,#3156,#532,.T.);
#3950=EDGE_CURVE('',#3153,#3155,#1654,.T.);
#3951=EDGE_CURVE('',#3157,#3149,#1655,.T.);
#3952=EDGE_CURVE('',#3159,#3159,#533,.T.);
#3953=EDGE_CURVE('',#3160,#3160,#534,.T.);
#3954=EDGE_CURVE('',#3160,#3150,#1656,.T.);
#3955=EDGE_CURVE('',#3161,#3161,#535,.T.);
#3956=EDGE_CURVE('',#3161,#3159,#1657,.T.);
#3957=EDGE_CURVE('',#3162,#3163,#1658,.T.);
#3958=EDGE_CURVE('',#3164,#3162,#536,.T.);
#3959=EDGE_CURVE('',#3165,#3164,#1659,.F.);
#3960=EDGE_CURVE('',#3166,#3165,#1660,.T.);
#3961=EDGE_CURVE('',#3167,#3166,#1661,.T.);
#3962=EDGE_CURVE('',#3168,#3167,#1662,.T.);
#3963=EDGE_CURVE('',#3168,#3169,#1663,.T.);
#3964=EDGE_CURVE('',#3170,#3169,#1664,.T.);
#3965=EDGE_CURVE('',#3171,#3170,#1665,.T.);
#3966=EDGE_CURVE('',#3172,#3171,#1666,.T.);
#3967=EDGE_CURVE('',#3173,#3172,#1667,.T.);
#3968=EDGE_CURVE('',#3174,#3173,#1668,.T.);
#3969=EDGE_CURVE('',#3174,#3163,#1669,.T.);
#3970=EDGE_CURVE('',#3175,#3176,#1670,.T.);
#3971=EDGE_CURVE('',#3177,#3175,#1671,.T.);
#3972=EDGE_CURVE('',#3178,#3177,#1672,.T.);
#3973=EDGE_CURVE('',#3178,#3176,#1673,.T.);
#3974=EDGE_CURVE('',#3176,#3179,#1674,.T.);
#3975=EDGE_CURVE('',#3180,#3178,#1675,.T.);
#3976=EDGE_CURVE('',#3180,#3179,#1676,.T.);
#3977=EDGE_CURVE('',#3179,#3181,#1677,.T.);
#3978=EDGE_CURVE('',#3182,#3180,#1678,.T.);
#3979=EDGE_CURVE('',#3182,#3183,#1679,.T.);
#3980=EDGE_CURVE('',#3184,#3183,#1680,.T.);
#3981=EDGE_CURVE('',#3181,#3184,#1681,.T.);
#3982=EDGE_CURVE('',#3183,#3185,#1682,.T.);
#3983=EDGE_CURVE('',#3186,#3182,#1683,.T.);
#3984=EDGE_CURVE('',#3185,#3186,#1684,.T.);
#3985=EDGE_CURVE('',#3166,#3175,#1685,.T.);
#3986=EDGE_CURVE('',#3165,#3187,#1686,.F.);
#3987=EDGE_CURVE('',#3187,#3188,#1687,.F.);
#3988=EDGE_CURVE('',#3189,#3188,#1688,.T.);
#3989=EDGE_CURVE('',#3190,#3189,#1689,.T.);
#3990=EDGE_CURVE('',#3177,#3190,#1690,.T.);
#3991=EDGE_CURVE('',#3181,#3167,#1691,.T.);
#3992=EDGE_CURVE('',#3191,#3189,#1692,.T.);
#3993=EDGE_CURVE('',#3192,#3191,#1693,.T.);
#3994=EDGE_CURVE('',#3192,#3190,#1694,.T.);
#3995=EDGE_CURVE('',#3184,#3168,#1695,.T.);
#3996=EDGE_CURVE('',#3185,#3193,#1696,.T.);
#3997=EDGE_CURVE('',#3169,#3193,#1697,.T.);
#3998=EDGE_CURVE('',#3194,#3195,#2959,.F.);
#3999=EDGE_CURVE('',#3194,#3196,#1698,.T.);
#4000=EDGE_CURVE('',#3196,#3197,#537,.T.);
#4001=EDGE_CURVE('',#3197,#3198,#1699,.T.);
#4002=EDGE_CURVE('',#3195,#3198,#538,.F.);
#4003=EDGE_CURVE('',#3194,#3199,#539,.T.);
#4004=EDGE_CURVE('',#3199,#3200,#1700,.T.);
#4005=EDGE_CURVE('',#3201,#3200,#540,.T.);
#4006=EDGE_CURVE('',#3201,#3202,#1701,.T.);
#4007=EDGE_CURVE('',#3202,#3203,#1702,.T.);
#4008=EDGE_CURVE('',#3204,#3203,#1703,.T.);
#4009=EDGE_CURVE('',#3205,#3204,#541,.T.);
#4010=EDGE_CURVE('',#3206,#3205,#1704,.T.);
#4011=EDGE_CURVE('',#3207,#3206,#542,.T.);
#4012=EDGE_CURVE('',#3207,#3208,#1705,.T.);
#4013=EDGE_CURVE('',#3208,#3196,#1706,.T.);
#4014=EDGE_CURVE('',#3209,#3209,#543,.T.);
#4015=EDGE_CURVE('',#3210,#3211,#544,.F.);
#4016=EDGE_CURVE('',#3211,#3212,#1707,.T.);
#4017=EDGE_CURVE('',#3212,#3213,#545,.T.);
#4018=EDGE_CURVE('',#3213,#3210,#1708,.T.);
#4019=EDGE_CURVE('',#3188,#3214,#1709,.T.);
#4020=EDGE_CURVE('',#3215,#3214,#1710,.T.);
#4021=EDGE_CURVE('',#3216,#3215,#1711,.T.);
#4022=EDGE_CURVE('',#3217,#3216,#546,.T.);
#4023=EDGE_CURVE('',#3217,#3218,#1712,.T.);
#4024=EDGE_CURVE('',#3218,#3219,#1713,.T.);
#4025=EDGE_CURVE('',#3220,#3219,#1714,.T.);
#4026=EDGE_CURVE('',#3221,#3220,#1715,.T.);
#4027=EDGE_CURVE('',#3222,#3221,#1716,.T.);
#4028=EDGE_CURVE('',#3223,#3222,#1717,.T.);
#4029=EDGE_CURVE('',#3224,#3223,#1718,.T.);
#4030=EDGE_CURVE('',#3225,#3224,#1719,.T.);
#4031=EDGE_CURVE('',#3226,#3225,#1720,.T.);
#4032=EDGE_CURVE('',#3227,#3226,#1721,.T.);
#4033=EDGE_CURVE('',#3228,#3227,#1722,.T.);
#4034=EDGE_CURVE('',#3229,#3228,#1723,.T.);
#4035=EDGE_CURVE('',#3229,#3230,#1724,.T.);
#4036=EDGE_CURVE('',#3231,#3230,#1725,.T.);
#4037=EDGE_CURVE('',#3232,#3231,#1726,.T.);
#4038=EDGE_CURVE('',#3233,#3232,#1727,.T.);
#4039=EDGE_CURVE('',#3233,#3234,#1728,.T.);
#4040=EDGE_CURVE('',#3234,#3235,#1729,.T.);
#4041=EDGE_CURVE('',#3236,#3235,#1730,.T.);
#4042=EDGE_CURVE('',#3237,#3236,#1731,.T.);
#4043=EDGE_CURVE('',#3238,#3237,#1732,.T.);
#4044=EDGE_CURVE('',#3238,#3239,#1733,.T.);
#4045=EDGE_CURVE('',#3240,#3239,#1734,.T.);
#4046=EDGE_CURVE('',#3240,#3241,#1735,.T.);
#4047=EDGE_CURVE('',#3241,#3242,#1736,.T.);
#4048=EDGE_CURVE('',#3243,#3242,#1737,.T.);
#4049=EDGE_CURVE('',#3244,#3243,#1738,.T.);
#4050=EDGE_CURVE('',#3245,#3244,#1739,.T.);
#4051=EDGE_CURVE('',#3245,#3246,#1740,.T.);
#4052=EDGE_CURVE('',#3247,#3246,#1741,.T.);
#4053=EDGE_CURVE('',#3248,#3247,#1742,.T.);
#4054=EDGE_CURVE('',#3248,#3249,#1743,.T.);
#4055=EDGE_CURVE('',#3249,#3250,#1744,.T.);
#4056=EDGE_CURVE('',#3250,#3251,#1745,.T.);
#4057=EDGE_CURVE('',#3252,#3251,#1746,.T.);
#4058=EDGE_CURVE('',#3252,#3253,#1747,.T.);
#4059=EDGE_CURVE('',#3253,#3254,#1748,.T.);
#4060=EDGE_CURVE('',#3254,#3255,#1749,.T.);
#4061=EDGE_CURVE('',#3256,#3255,#1750,.T.);
#4062=EDGE_CURVE('',#3256,#3257,#1751,.T.);
#4063=EDGE_CURVE('',#3257,#3258,#1752,.T.);
#4064=EDGE_CURVE('',#3259,#3258,#547,.T.);
#4065=EDGE_CURVE('',#3259,#3212,#1753,.T.);
#4066=EDGE_CURVE('',#3211,#3260,#1754,.T.);
#4067=EDGE_CURVE('',#3260,#3261,#1755,.T.);
#4068=EDGE_CURVE('',#3261,#3262,#1756,.T.);
#4069=EDGE_CURVE('',#3262,#3263,#1757,.T.);
#4070=EDGE_CURVE('',#3263,#3264,#1758,.T.);
#4071=EDGE_CURVE('',#3265,#3264,#1759,.T.);
#4072=EDGE_CURVE('',#3265,#3266,#1760,.T.);
#4073=EDGE_CURVE('',#3266,#3267,#1761,.T.);
#4074=EDGE_CURVE('',#3268,#3267,#1762,.T.);
#4075=EDGE_CURVE('',#3268,#3269,#1763,.T.);
#4076=EDGE_CURVE('',#3269,#3198,#1764,.T.);
#4077=EDGE_CURVE('',#3270,#3197,#1765,.T.);
#4078=EDGE_CURVE('',#3271,#3270,#548,.T.);
#4079=EDGE_CURVE('',#3271,#3272,#1766,.T.);
#4080=EDGE_CURVE('',#3191,#3272,#549,.T.);
#4081=EDGE_CURVE('',#3162,#3273,#1767,.T.);
#4082=EDGE_CURVE('',#3273,#3215,#550,.T.);
#4083=EDGE_CURVE('',#3214,#3274,#551,.T.);
#4084=EDGE_CURVE('',#3164,#3274,#1768,.F.);
#4085=EDGE_CURVE('',#3163,#3275,#1769,.T.);
#4086=EDGE_CURVE('',#3275,#3276,#552,.T.);
#4087=EDGE_CURVE('',#3276,#3277,#1770,.T.);
#4088=EDGE_CURVE('',#3278,#3277,#553,.T.);
#4089=EDGE_CURVE('',#3278,#3279,#1771,.T.);
#4090=EDGE_CURVE('',#3279,#3280,#1772,.T.);
#4091=EDGE_CURVE('',#3281,#3280,#1773,.T.);
#4092=EDGE_CURVE('',#3282,#3281,#554,.T.);
#4093=EDGE_CURVE('',#3283,#3282,#1774,.T.);
#4094=EDGE_CURVE('',#3284,#3283,#555,.T.);
#4095=EDGE_CURVE('',#3284,#3285,#1775,.T.);
#4096=EDGE_CURVE('',#3285,#3286,#1776,.T.);
#4097=EDGE_CURVE('',#3286,#3273,#1777,.T.);
#4098=EDGE_CURVE('',#3287,#3287,#556,.T.);
#4099=EDGE_CURVE('',#3288,#3289,#2960,.T.);
#4100=EDGE_CURVE('',#3289,#3290,#1778,.T.);
#4101=EDGE_CURVE('',#3290,#3291,#557,.T.);
#4102=EDGE_CURVE('',#3291,#3288,#1779,.T.);
#4103=EDGE_CURVE('',#3292,#3291,#1780,.T.);
#4104=EDGE_CURVE('',#3258,#3292,#1781,.T.);
#4105=EDGE_CURVE('',#3288,#3257,#1782,.T.);
#4106=EDGE_CURVE('',#3293,#3192,#558,.T.);
#4107=EDGE_CURVE('',#3293,#3294,#1783,.T.);
#4108=EDGE_CURVE('',#3295,#3294,#559,.T.);
#4109=EDGE_CURVE('',#3295,#3296,#1784,.T.);
#4110=EDGE_CURVE('',#3297,#3296,#1785,.T.);
#4111=EDGE_CURVE('',#3298,#3297,#1786,.T.);
#4112=EDGE_CURVE('',#3292,#3298,#560,.T.);
#4113=EDGE_CURVE('',#3299,#3290,#1787,.T.);
#4114=EDGE_CURVE('',#3300,#3299,#1788,.F.);
#4115=EDGE_CURVE('',#3300,#3301,#1789,.T.);
#4116=EDGE_CURVE('',#3301,#3302,#1790,.F.);
#4117=EDGE_CURVE('',#3302,#3303,#1791,.F.);
#4118=EDGE_CURVE('',#3304,#3303,#1792,.F.);
#4119=EDGE_CURVE('',#3305,#3304,#1793,.F.);
#4120=EDGE_CURVE('',#3305,#3306,#1794,.F.);
#4121=EDGE_CURVE('',#3307,#3306,#1795,.F.);
#4122=EDGE_CURVE('',#3308,#3307,#1796,.F.);
#4123=EDGE_CURVE('',#3308,#3309,#1797,.T.);
#4124=EDGE_CURVE('',#3310,#3309,#561,.T.);
#4125=EDGE_CURVE('',#3310,#3311,#1798,.T.);
#4126=EDGE_CURVE('',#3312,#3311,#562,.T.);
#4127=EDGE_CURVE('',#3312,#3313,#1799,.T.);
#4128=EDGE_CURVE('',#3314,#3313,#1800,.T.);
#4129=EDGE_CURVE('',#3314,#3186,#1801,.T.);
#4130=EDGE_CURVE('',#3315,#3316,#1802,.F.);
#4131=EDGE_CURVE('',#3316,#3317,#1803,.T.);
#4132=EDGE_CURVE('',#3317,#3318,#1804,.F.);
#4133=EDGE_CURVE('',#3318,#3315,#1805,.F.);
#4134=EDGE_CURVE('',#3319,#3320,#1806,.F.);
#4135=EDGE_CURVE('',#3320,#3321,#1807,.F.);
#4136=EDGE_CURVE('',#3321,#3322,#1808,.F.);
#4137=EDGE_CURVE('',#3322,#3319,#1809,.T.);
#4138=EDGE_CURVE('',#3323,#3324,#1810,.T.);
#4139=EDGE_CURVE('',#3324,#3325,#1811,.F.);
#4140=EDGE_CURVE('',#3325,#3326,#1812,.F.);
#4141=EDGE_CURVE('',#3326,#3323,#1813,.F.);
#4142=EDGE_CURVE('',#3327,#3328,#1814,.F.);
#4143=EDGE_CURVE('',#3328,#3329,#1815,.F.);
#4144=EDGE_CURVE('',#3329,#3330,#1816,.T.);
#4145=EDGE_CURVE('',#3330,#3327,#1817,.F.);
#4146=EDGE_CURVE('',#3309,#3331,#1818,.T.);
#4147=EDGE_CURVE('',#3331,#3332,#2961,.T.);
#4148=EDGE_CURVE('',#3332,#3310,#1819,.T.);
#4149=EDGE_CURVE('',#3333,#3308,#1820,.T.);
#4150=EDGE_CURVE('',#3334,#3333,#1821,.T.);
#4151=EDGE_CURVE('',#3334,#3305,#1822,.T.);
#4152=EDGE_CURVE('',#3335,#3304,#1823,.T.);
#4153=EDGE_CURVE('',#3336,#3335,#1824,.T.);
#4154=EDGE_CURVE('',#3337,#3336,#1825,.T.);
#4155=EDGE_CURVE('',#3331,#3337,#2962,.T.);
#4156=EDGE_CURVE('',#3338,#3339,#563,.T.);
#4157=EDGE_CURVE('',#3339,#3340,#564,.T.);
#4158=EDGE_CURVE('',#3340,#3341,#565,.T.);
#4159=EDGE_CURVE('',#3341,#3338,#566,.T.);
#4160=EDGE_CURVE('',#3342,#3343,#567,.F.);
#4161=EDGE_CURVE('',#3343,#3340,#1826,.T.);
#4162=EDGE_CURVE('',#3339,#3342,#1827,.T.);
#4163=EDGE_CURVE('',#3344,#3341,#1828,.T.);
#4164=EDGE_CURVE('',#3345,#3344,#568,.T.);
#4165=EDGE_CURVE('',#3346,#3345,#1829,.T.);
#4166=EDGE_CURVE('',#3347,#3346,#1830,.T.);
#4167=EDGE_CURVE('',#3338,#3347,#1831,.T.);
#4168=EDGE_CURVE('',#3348,#3349,#1832,.F.);
#4169=EDGE_CURVE('',#3349,#3350,#569,.T.);
#4170=EDGE_CURVE('',#3350,#3351,#1833,.F.);
#4171=EDGE_CURVE('',#3351,#3352,#570,.T.);
#4172=EDGE_CURVE('',#3352,#3353,#1834,.F.);
#4173=EDGE_CURVE('',#3353,#3354,#571,.T.);
#4174=EDGE_CURVE('',#3354,#3355,#1835,.F.);
#4175=EDGE_CURVE('',#3355,#3356,#572,.T.);
#4176=EDGE_CURVE('',#3356,#3357,#1836,.F.);
#4177=EDGE_CURVE('',#3357,#3358,#573,.T.);
#4178=EDGE_CURVE('',#3358,#3359,#1837,.F.);
#4179=EDGE_CURVE('',#3359,#3348,#574,.T.);
#4180=EDGE_CURVE('',#3340,#3360,#1838,.T.);
#4181=EDGE_CURVE('',#3344,#3360,#575,.T.);
#4182=EDGE_CURVE('',#3343,#3361,#1839,.T.);
#4183=EDGE_CURVE('',#3362,#3361,#1840,.T.);
#4184=EDGE_CURVE('',#3362,#3363,#1841,.F.);
#4185=EDGE_CURVE('',#3364,#3363,#1842,.T.);
#4186=EDGE_CURVE('',#3365,#3364,#1843,.T.);
#4187=EDGE_CURVE('',#3360,#3365,#1844,.T.);
#4188=EDGE_CURVE('',#3360,#3366,#576,.T.);
#4189=EDGE_CURVE('',#3366,#3345,#577,.T.);
#4190=EDGE_CURVE('',#3365,#3367,#578,.F.);
#4191=EDGE_CURVE('',#3367,#3366,#1845,.T.);
#4192=EDGE_CURVE('',#3366,#3368,#1846,.T.);
#4193=EDGE_CURVE('',#3368,#3346,#210,.T.);
#4194=EDGE_CURVE('',#3367,#3369,#1847,.T.);
#4195=EDGE_CURVE('',#3369,#3370,#1848,.T.);
#4196=EDGE_CURVE('',#3239,#3370,#1849,.T.);
#4197=EDGE_CURVE('',#3238,#3371,#1850,.T.);
#4198=EDGE_CURVE('',#3371,#3372,#579,.F.);
#4199=EDGE_CURVE('',#3372,#3368,#1851,.T.);
#4200=EDGE_CURVE('',#3335,#3373,#580,.T.);
#4201=EDGE_CURVE('',#3373,#3374,#1852,.T.);
#4202=EDGE_CURVE('',#3374,#3336,#581,.T.);
#4203=EDGE_CURVE('',#3373,#3375,#1853,.F.);
#4204=EDGE_CURVE('',#3376,#3375,#1854,.T.);
#4205=EDGE_CURVE('',#3376,#3374,#1855,.T.);
#4206=EDGE_CURVE('',#3303,#3377,#1856,.F.);
#4207=EDGE_CURVE('',#3378,#3377,#582,.T.);
#4208=EDGE_CURVE('',#3379,#3378,#1857,.F.);
#4209=EDGE_CURVE('',#3380,#3379,#583,.T.);
#4210=EDGE_CURVE('',#3380,#3381,#1858,.T.);
#4211=EDGE_CURVE('',#3382,#3381,#584,.T.);
#4212=EDGE_CURVE('',#3383,#3382,#1859,.T.);
#4213=EDGE_CURVE('',#3384,#3383,#585,.T.);
#4214=EDGE_CURVE('',#3385,#3384,#1860,.T.);
#4215=EDGE_CURVE('',#3363,#3385,#586,.T.);
#4216=EDGE_CURVE('',#3386,#3362,#587,.T.);
#4217=EDGE_CURVE('',#3386,#3387,#1861,.T.);
#4218=EDGE_CURVE('',#3388,#3387,#588,.T.);
#4219=EDGE_CURVE('',#3389,#3388,#1862,.T.);
#4220=EDGE_CURVE('',#3390,#3389,#589,.T.);
#4221=EDGE_CURVE('',#3391,#3390,#1863,.T.);
#4222=EDGE_CURVE('',#3375,#3391,#590,.T.);
#4223=EDGE_CURVE('',#3240,#3392,#1864,.T.);
#4224=EDGE_CURVE('',#3370,#3392,#1865,.T.);
#4225=EDGE_CURVE('',#3393,#3393,#591,.F.);
#4226=EDGE_CURVE('',#3394,#3235,#1866,.T.);
#4227=EDGE_CURVE('',#3395,#3394,#1867,.F.);
#4228=EDGE_CURVE('',#3395,#3236,#1868,.T.);
#4229=EDGE_CURVE('',#3396,#3396,#592,.T.);
#4230=EDGE_CURVE('',#3397,#3397,#593,.T.);
#4231=EDGE_CURVE('',#3398,#3398,#594,.T.);
#4232=EDGE_CURVE('',#3399,#3399,#595,.T.);
#4233=EDGE_CURVE('',#3391,#3400,#1869,.T.);
#4234=EDGE_CURVE('',#3400,#3376,#596,.T.);
#4235=EDGE_CURVE('',#3401,#3390,#1870,.T.);
#4236=EDGE_CURVE('',#3400,#3401,#1871,.T.);
#4237=EDGE_CURVE('',#3389,#3402,#1872,.T.);
#4238=EDGE_CURVE('',#3402,#3401,#597,.T.);
#4239=EDGE_CURVE('',#3403,#3388,#1873,.T.);
#4240=EDGE_CURVE('',#3403,#3402,#1874,.T.);
#4241=EDGE_CURVE('',#3404,#3405,#598,.T.);
#4242=EDGE_CURVE('',#3405,#3378,#1875,.T.);
#4243=EDGE_CURVE('',#3377,#3404,#1876,.T.);
#4244=EDGE_CURVE('',#3406,#3289,#15,.T.);
#4245=EDGE_CURVE('',#3404,#3406,#1877,.F.);
#4246=EDGE_CURVE('',#3302,#3407,#1878,.F.);
#4247=EDGE_CURVE('',#3408,#3407,#1879,.T.);
#4248=EDGE_CURVE('',#3299,#3408,#1880,.F.);
#4249=EDGE_CURVE('',#3409,#3410,#599,.T.);
#4250=EDGE_CURVE('',#3410,#3380,#1881,.T.);
#4251=EDGE_CURVE('',#3379,#3409,#1882,.T.);
#4252=EDGE_CURVE('',#3410,#3411,#1883,.T.);
#4253=EDGE_CURVE('',#3381,#3411,#1884,.T.);
#4254=EDGE_CURVE('',#3411,#3412,#600,.T.);
#4255=EDGE_CURVE('',#3412,#3382,#1885,.T.);
#4256=EDGE_CURVE('',#3383,#3413,#1886,.T.);
#4257=EDGE_CURVE('',#3413,#3414,#601,.T.);
#4258=EDGE_CURVE('',#3414,#3384,#1887,.T.);
#4259=EDGE_CURVE('',#3415,#3414,#1888,.T.);
#4260=EDGE_CURVE('',#3385,#3415,#1889,.T.);
#4261=EDGE_CURVE('',#3415,#3364,#602,.T.);
#4262=EDGE_CURVE('',#3361,#3416,#603,.T.);
#4263=EDGE_CURVE('',#3416,#3386,#1890,.T.);
#4264=EDGE_CURVE('',#3416,#3417,#1891,.T.);
#4265=EDGE_CURVE('',#3387,#3417,#1892,.T.);
#4266=EDGE_CURVE('',#3417,#3403,#604,.T.);
#4267=EDGE_CURVE('',#3298,#3259,#1893,.T.);
#4268=EDGE_CURVE('',#3418,#3297,#1894,.T.);
#4269=EDGE_CURVE('',#3419,#3418,#1895,.T.);
#4270=EDGE_CURVE('',#3262,#3419,#1896,.T.);
#4271=EDGE_CURVE('',#3420,#3261,#1897,.T.);
#4272=EDGE_CURVE('',#3420,#3421,#1898,.F.);
#4273=EDGE_CURVE('',#3213,#3421,#1899,.T.);
#4274=EDGE_CURVE('',#3216,#3312,#1900,.T.);
#4275=EDGE_CURVE('',#3311,#3217,#1901,.T.);
#4276=EDGE_CURVE('',#3286,#3422,#1902,.T.);
#4277=EDGE_CURVE('',#3313,#3422,#1903,.T.);
#4278=EDGE_CURVE('',#3270,#3295,#1904,.T.);
#4279=EDGE_CURVE('',#3294,#3271,#1905,.T.);
#4280=EDGE_CURVE('',#3208,#3423,#1906,.T.);
#4281=EDGE_CURVE('',#3423,#3268,#1907,.T.);
#4282=EDGE_CURVE('',#3424,#3267,#1908,.T.);
#4283=EDGE_CURVE('',#3424,#3425,#1909,.T.);
#4284=EDGE_CURVE('',#3296,#3425,#1910,.T.);
#4285=EDGE_CURVE('',#3272,#3293,#1911,.T.);
#4286=EDGE_CURVE('',#3264,#3426,#1912,.T.);
#4287=EDGE_CURVE('',#3426,#3418,#1913,.T.);
#4288=EDGE_CURVE('',#3425,#3427,#1914,.T.);
#4289=EDGE_CURVE('',#3427,#3428,#1915,.T.);
#4290=EDGE_CURVE('',#3428,#3429,#605,.T.);
#4291=EDGE_CURVE('',#3429,#3265,#1916,.T.);
#4292=EDGE_CURVE('',#3421,#3430,#1917,.T.);
#4293=EDGE_CURVE('',#3430,#3210,#1918,.T.);
#4294=EDGE_CURVE('',#3200,#3431,#1919,.T.);
#4295=EDGE_CURVE('',#3431,#3432,#606,.T.);
#4296=EDGE_CURVE('',#3432,#3201,#1920,.T.);
#4297=EDGE_CURVE('',#3432,#3433,#1921,.T.);
#4298=EDGE_CURVE('',#3433,#3202,#1922,.T.);
#4299=EDGE_CURVE('',#3434,#3431,#1923,.T.);
#4300=EDGE_CURVE('',#3434,#3435,#607,.T.);
#4301=EDGE_CURVE('',#3269,#3435,#1924,.T.);
#4302=EDGE_CURVE('',#3423,#3436,#1925,.T.);
#4303=EDGE_CURVE('',#3437,#3436,#608,.T.);
#4304=EDGE_CURVE('',#3437,#3438,#1926,.T.);
#4305=EDGE_CURVE('',#3439,#3438,#609,.T.);
#4306=EDGE_CURVE('',#3439,#3440,#1927,.T.);
#4307=EDGE_CURVE('',#3440,#3433,#1928,.T.);
#4308=EDGE_CURVE('',#3441,#3441,#610,.T.);
#4309=EDGE_CURVE('',#3436,#3207,#1929,.T.);
#4310=EDGE_CURVE('',#3206,#3437,#1930,.T.);
#4311=EDGE_CURVE('',#3438,#3205,#1931,.T.);
#4312=EDGE_CURVE('',#3204,#3439,#1932,.T.);
#4313=EDGE_CURVE('',#3203,#3440,#1933,.T.);
#4314=EDGE_CURVE('',#3441,#3209,#1934,.T.);
#4315=EDGE_CURVE('',#3419,#3442,#1935,.T.);
#4316=EDGE_CURVE('',#3442,#3263,#1936,.T.);
#4317=EDGE_CURVE('',#3266,#3443,#1937,.T.);
#4318=EDGE_CURVE('',#3443,#3444,#611,.T.);
#4319=EDGE_CURVE('',#3444,#3445,#1938,.T.);
#4320=EDGE_CURVE('',#3445,#3424,#1939,.T.);
#4321=EDGE_CURVE('',#3442,#3426,#1940,.T.);
#4322=EDGE_CURVE('',#3443,#3429,#1941,.T.);
#4323=EDGE_CURVE('',#3444,#3428,#1942,.T.);
#4324=EDGE_CURVE('',#3445,#3427,#1943,.T.);
#4325=EDGE_CURVE('',#3260,#3446,#1944,.F.);
#4326=EDGE_CURVE('',#3446,#3420,#1945,.F.);
#4327=EDGE_CURVE('',#3434,#3199,#1946,.T.);
#4328=EDGE_CURVE('',#3435,#3195,#1947,.T.);
#4329=EDGE_CURVE('',#3446,#3430,#1948,.F.);
#4330=EDGE_CURVE('',#3187,#3274,#1949,.F.);
#4331=EDGE_CURVE('',#3277,#3447,#1950,.T.);
#4332=EDGE_CURVE('',#3447,#3448,#612,.T.);
#4333=EDGE_CURVE('',#3448,#3278,#1951,.T.);
#4334=EDGE_CURVE('',#3448,#3449,#1952,.T.);
#4335=EDGE_CURVE('',#3449,#3279,#1953,.T.);
#4336=EDGE_CURVE('',#3450,#3447,#1954,.T.);
#4337=EDGE_CURVE('',#3450,#3451,#613,.T.);
#4338=EDGE_CURVE('',#3174,#3451,#1955,.T.);
#4339=EDGE_CURVE('',#3452,#3173,#1956,.T.);
#4340=EDGE_CURVE('',#3452,#3453,#1957,.T.);
#4341=EDGE_CURVE('',#3454,#3453,#614,.T.);
#4342=EDGE_CURVE('',#3454,#3455,#1958,.T.);
#4343=EDGE_CURVE('',#3456,#3455,#615,.T.);
#4344=EDGE_CURVE('',#3456,#3457,#1959,.T.);
#4345=EDGE_CURVE('',#3457,#3449,#1960,.T.);
#4346=EDGE_CURVE('',#3458,#3458,#616,.T.);
#4347=EDGE_CURVE('',#3453,#3284,#1961,.T.);
#4348=EDGE_CURVE('',#3283,#3454,#1962,.T.);
#4349=EDGE_CURVE('',#3455,#3282,#1963,.T.);
#4350=EDGE_CURVE('',#3281,#3456,#1964,.T.);
#4351=EDGE_CURVE('',#3280,#3457,#1965,.T.);
#4352=EDGE_CURVE('',#3458,#3287,#1966,.T.);
#4353=EDGE_CURVE('',#3285,#3452,#1967,.T.);
#4354=EDGE_CURVE('',#3459,#3172,#1968,.T.);
#4355=EDGE_CURVE('',#3459,#3460,#1969,.T.);
#4356=EDGE_CURVE('',#3422,#3460,#1970,.T.);
#4357=EDGE_CURVE('',#3171,#3461,#1971,.T.);
#4358=EDGE_CURVE('',#3461,#3462,#617,.T.);
#4359=EDGE_CURVE('',#3462,#3463,#1972,.T.);
#4360=EDGE_CURVE('',#3463,#3459,#1973,.T.);
#4361=EDGE_CURVE('',#3193,#3314,#1974,.T.);
#4362=EDGE_CURVE('',#3464,#3170,#1975,.T.);
#4363=EDGE_CURVE('',#3461,#3464,#1976,.T.);
#4364=EDGE_CURVE('',#3465,#3464,#618,.T.);
#4365=EDGE_CURVE('',#3462,#3465,#1977,.T.);
#4366=EDGE_CURVE('',#3466,#3465,#1978,.T.);
#4367=EDGE_CURVE('',#3463,#3466,#1979,.T.);
#4368=EDGE_CURVE('',#3460,#3466,#1980,.T.);
#4369=EDGE_CURVE('',#3450,#3276,#1981,.T.);
#4370=EDGE_CURVE('',#3451,#3275,#1982,.T.);
#4371=EDGE_CURVE('',#3218,#3332,#1983,.T.);
#4372=EDGE_CURVE('',#3223,#3467,#1984,.F.);
#4373=EDGE_CURVE('',#3468,#3467,#619,.T.);
#4374=EDGE_CURVE('',#3468,#3469,#1985,.F.);
#4375=EDGE_CURVE('',#3470,#3469,#620,.T.);
#4376=EDGE_CURVE('',#3470,#3224,#1986,.F.);
#4377=EDGE_CURVE('',#3471,#3472,#1987,.T.);
#4378=EDGE_CURVE('',#3473,#3471,#621,.T.);
#4379=EDGE_CURVE('',#3474,#3473,#1988,.T.);
#4380=EDGE_CURVE('',#3472,#3474,#622,.T.);
#4381=EDGE_CURVE('',#3475,#3476,#1989,.T.);
#4382=EDGE_CURVE('',#3477,#3475,#623,.T.);
#4383=EDGE_CURVE('',#3478,#3477,#1990,.T.);
#4384=EDGE_CURVE('',#3479,#3478,#624,.T.);
#4385=EDGE_CURVE('',#3480,#3479,#1991,.T.);
#4386=EDGE_CURVE('',#3481,#3480,#625,.T.);
#4387=EDGE_CURVE('',#3482,#3481,#1992,.T.);
#4388=EDGE_CURVE('',#3476,#3482,#626,.T.);
#4389=EDGE_CURVE('',#3483,#3484,#1993,.T.);
#4390=EDGE_CURVE('',#3485,#3483,#627,.T.);
#4391=EDGE_CURVE('',#3486,#3485,#1994,.T.);
#4392=EDGE_CURVE('',#3487,#3486,#628,.T.);
#4393=EDGE_CURVE('',#3488,#3487,#1995,.T.);
#4394=EDGE_CURVE('',#3489,#3488,#629,.T.);
#4395=EDGE_CURVE('',#3490,#3489,#1996,.T.);
#4396=EDGE_CURVE('',#3484,#3490,#630,.T.);
#4397=EDGE_CURVE('',#3251,#3491,#1997,.F.);
#4398=EDGE_CURVE('',#3492,#3491,#631,.T.);
#4399=EDGE_CURVE('',#3492,#3493,#1998,.F.);
#4400=EDGE_CURVE('',#3494,#3493,#632,.T.);
#4401=EDGE_CURVE('',#3494,#3252,#1999,.F.);
#4402=EDGE_CURVE('',#3495,#3496,#2000,.T.);
#4403=EDGE_CURVE('',#3497,#3495,#633,.T.);
#4404=EDGE_CURVE('',#3498,#3497,#2001,.T.);
#4405=EDGE_CURVE('',#3496,#3498,#634,.T.);
#4406=EDGE_CURVE('',#3499,#3500,#2002,.T.);
#4407=EDGE_CURVE('',#3501,#3499,#635,.T.);
#4408=EDGE_CURVE('',#3502,#3501,#2003,.T.);
#4409=EDGE_CURVE('',#3503,#3502,#636,.T.);
#4410=EDGE_CURVE('',#3504,#3503,#2004,.T.);
#4411=EDGE_CURVE('',#3505,#3504,#637,.T.);
#4412=EDGE_CURVE('',#3506,#3505,#2005,.T.);
#4413=EDGE_CURVE('',#3500,#3506,#638,.T.);
#4414=EDGE_CURVE('',#3507,#3508,#2006,.T.);
#4415=EDGE_CURVE('',#3509,#3507,#639,.T.);
#4416=EDGE_CURVE('',#3510,#3509,#2007,.T.);
#4417=EDGE_CURVE('',#3511,#3510,#640,.T.);
#4418=EDGE_CURVE('',#3512,#3511,#2008,.T.);
#4419=EDGE_CURVE('',#3513,#3512,#641,.T.);
#4420=EDGE_CURVE('',#3514,#3513,#2009,.T.);
#4421=EDGE_CURVE('',#3508,#3514,#642,.T.);
#4422=EDGE_CURVE('',#3515,#3515,#643,.T.);
#4423=EDGE_CURVE('',#3515,#3399,#2010,.T.);
#4424=EDGE_CURVE('',#3516,#3516,#644,.T.);
#4425=EDGE_CURVE('',#3516,#3398,#2011,.T.);
#4426=EDGE_CURVE('',#3517,#3517,#645,.T.);
#4427=EDGE_CURVE('',#3517,#3397,#2012,.T.);
#4428=EDGE_CURVE('',#3518,#3518,#646,.T.);
#4429=EDGE_CURVE('',#3518,#3396,#2013,.T.);
#4430=EDGE_CURVE('',#3412,#3413,#2014,.T.);
#4431=EDGE_CURVE('',#3409,#3405,#2015,.T.);
#4432=EDGE_CURVE('',#3519,#3337,#2016,.T.);
#4433=EDGE_CURVE('',#3218,#3519,#2963,.T.);
#4434=EDGE_CURVE('',#3219,#3333,#2017,.T.);
#4435=EDGE_CURVE('',#3234,#3219,#2018,.T.);
#4436=EDGE_CURVE('',#3234,#3334,#2019,.T.);
#4437=EDGE_CURVE('',#3394,#3519,#2020,.T.);
#4438=EDGE_CURVE('',#3520,#3233,#2021,.T.);
#4439=EDGE_CURVE('',#3521,#3520,#2022,.T.);
#4440=EDGE_CURVE('',#3230,#3521,#2023,.T.);
#4441=EDGE_CURVE('',#3229,#3306,#2024,.T.);
#4442=EDGE_CURVE('',#3408,#3256,#2025,.T.);
#4443=EDGE_CURVE('',#3407,#3241,#2026,.T.);
#4444=EDGE_CURVE('',#3256,#3241,#2027,.T.);
#4445=EDGE_CURVE('',#3522,#3257,#16,.T.);
#4446=EDGE_CURVE('',#3522,#3406,#2028,.T.);
#4447=EDGE_CURVE('',#3522,#3392,#2029,.T.);
#4448=EDGE_CURVE('',#3523,#3523,#647,.T.);
#4449=EDGE_CURVE('',#3523,#3393,#2030,.T.);
#4450=EDGE_CURVE('',#3524,#3329,#2031,.T.);
#4451=EDGE_CURVE('',#3525,#3524,#2032,.T.);
#4452=EDGE_CURVE('',#3226,#3525,#2033,.T.);
#4453=EDGE_CURVE('',#3226,#3330,#2034,.F.);
#4454=EDGE_CURVE('',#3225,#3327,#2035,.T.);
#4455=EDGE_CURVE('',#3526,#3225,#2036,.T.);
#4456=EDGE_CURVE('',#3527,#3526,#2037,.T.);
#4457=EDGE_CURVE('',#3527,#3328,#2038,.T.);
#4458=EDGE_CURVE('',#3524,#3527,#2039,.T.);
#4459=EDGE_CURVE('',#3528,#3325,#2040,.T.);
#4460=EDGE_CURVE('',#3529,#3528,#2041,.T.);
#4461=EDGE_CURVE('',#3250,#3529,#2042,.T.);
#4462=EDGE_CURVE('',#3250,#3326,#2043,.T.);
#4463=EDGE_CURVE('',#3249,#3323,#2044,.T.);
#4464=EDGE_CURVE('',#3530,#3249,#2045,.T.);
#4465=EDGE_CURVE('',#3531,#3530,#2046,.T.);
#4466=EDGE_CURVE('',#3531,#3324,#2047,.F.);
#4467=EDGE_CURVE('',#3528,#3531,#2048,.T.);
#4468=EDGE_CURVE('',#3221,#3322,#2049,.T.);
#4469=EDGE_CURVE('',#3532,#3221,#2050,.T.);
#4470=EDGE_CURVE('',#3533,#3532,#2051,.T.);
#4471=EDGE_CURVE('',#3533,#3319,#2052,.F.);
#4472=EDGE_CURVE('',#3222,#3321,#2053,.T.);
#4473=EDGE_CURVE('',#3534,#3533,#2054,.T.);
#4474=EDGE_CURVE('',#3534,#3320,#2055,.T.);
#4475=EDGE_CURVE('',#3535,#3534,#2056,.T.);
#4476=EDGE_CURVE('',#3222,#3535,#2057,.T.);
#4477=EDGE_CURVE('',#3253,#3318,#2058,.T.);
#4478=EDGE_CURVE('',#3536,#3253,#2059,.T.);
#4479=EDGE_CURVE('',#3537,#3536,#2060,.T.);
#4480=EDGE_CURVE('',#3537,#3315,#2061,.T.);
#4481=EDGE_CURVE('',#3254,#3317,#2062,.F.);
#4482=EDGE_CURVE('',#3538,#3537,#2063,.T.);
#4483=EDGE_CURVE('',#3538,#3316,#2064,.T.);
#4484=EDGE_CURVE('',#3539,#3538,#2065,.T.);
#4485=EDGE_CURVE('',#3254,#3539,#2066,.T.);
#4486=EDGE_CURVE('',#3525,#3540,#2067,.T.);
#4487=EDGE_CURVE('',#3231,#3540,#2068,.T.);
#4488=EDGE_CURVE('',#3541,#3521,#2069,.T.);
#4489=EDGE_CURVE('',#3541,#3227,#2070,.T.);
#4490=EDGE_CURVE('',#3542,#3470,#2071,.T.);
#4491=EDGE_CURVE('',#3543,#3542,#2072,.T.);
#4492=EDGE_CURVE('',#3543,#3526,#2073,.T.);
#4493=EDGE_CURVE('',#3544,#3529,#2074,.T.);
#4494=EDGE_CURVE('',#3545,#3544,#2075,.T.);
#4495=EDGE_CURVE('',#3491,#3545,#2076,.T.);
#4496=EDGE_CURVE('',#3546,#3248,#2077,.T.);
#4497=EDGE_CURVE('',#3546,#3547,#2078,.F.);
#4498=EDGE_CURVE('',#3547,#3245,#2079,.T.);
#4499=EDGE_CURVE('',#3548,#3244,#2080,.T.);
#4500=EDGE_CURVE('',#3530,#3548,#2081,.T.);
#4501=EDGE_CURVE('',#3549,#3535,#2082,.T.);
#4502=EDGE_CURVE('',#3550,#3549,#2083,.T.);
#4503=EDGE_CURVE('',#3467,#3550,#2084,.T.);
#4504=EDGE_CURVE('',#3220,#3551,#2085,.T.);
#4505=EDGE_CURVE('',#3551,#3520,#2086,.F.);
#4506=EDGE_CURVE('',#3552,#3232,#2087,.T.);
#4507=EDGE_CURVE('',#3532,#3552,#2088,.T.);
#4508=EDGE_CURVE('',#3539,#3553,#2089,.T.);
#4509=EDGE_CURVE('',#3243,#3553,#2090,.T.);
#4510=EDGE_CURVE('',#3242,#3554,#2091,.T.);
#4511=EDGE_CURVE('',#3555,#3554,#2092,.T.);
#4512=EDGE_CURVE('',#3255,#3555,#2093,.T.);
#4513=EDGE_CURVE('',#3556,#3494,#2094,.T.);
#4514=EDGE_CURVE('',#3557,#3556,#2095,.T.);
#4515=EDGE_CURVE('',#3557,#3536,#2096,.T.);
#4516=EDGE_CURVE('',#3540,#3558,#2097,.T.);
#4517=EDGE_CURVE('',#3558,#3559,#2098,.T.);
#4518=EDGE_CURVE('',#3560,#3559,#648,.T.);
#4519=EDGE_CURVE('',#3560,#3561,#2099,.T.);
#4520=EDGE_CURVE('',#3561,#3552,#2100,.T.);
#4521=EDGE_CURVE('',#3545,#3562,#649,.F.);
#4522=EDGE_CURVE('',#3562,#3492,#2101,.T.);
#4523=EDGE_CURVE('',#3563,#3556,#650,.F.);
#4524=EDGE_CURVE('',#3493,#3563,#2102,.T.);
#4525=EDGE_CURVE('',#3564,#3542,#651,.F.);
#4526=EDGE_CURVE('',#3469,#3564,#2103,.T.);
#4527=EDGE_CURVE('',#3565,#3468,#2104,.T.);
#4528=EDGE_CURVE('',#3564,#3565,#2105,.T.);
#4529=EDGE_CURVE('',#3550,#3565,#652,.F.);
#4530=EDGE_CURVE('',#3368,#3566,#2106,.T.);
#4531=EDGE_CURVE('',#3566,#3347,#211,.T.);
#4532=EDGE_CURVE('',#3566,#3339,#2107,.T.);
#4533=EDGE_CURVE('',#3567,#3372,#2108,.T.);
#4534=EDGE_CURVE('',#3566,#3567,#2109,.T.);
#4535=EDGE_CURVE('',#3568,#3567,#653,.T.);
#4536=EDGE_CURVE('',#3371,#3568,#2110,.T.);
#4537=EDGE_CURVE('',#3568,#3237,#2111,.T.);
#4538=EDGE_CURVE('',#3369,#3522,#2112,.T.);
#4539=EDGE_CURVE('',#3569,#3342,#2113,.T.);
#4540=EDGE_CURVE('',#3569,#3519,#2114,.T.);
#4541=EDGE_CURVE('',#3228,#3307,#2115,.T.);
#4542=EDGE_CURVE('',#3395,#3569,#2116,.T.);
#4543=EDGE_CURVE('',#3301,#3246,#2117,.T.);
#4544=EDGE_CURVE('',#3300,#3247,#2118,.T.);
#4545=EDGE_CURVE('',#3554,#3547,#2119,.T.);
#4546=EDGE_CURVE('',#3551,#3541,#2120,.T.);
#4547=EDGE_CURVE('',#3570,#3570,#654,.T.);
#4548=EDGE_CURVE('',#3571,#3571,#655,.T.);
#4549=EDGE_CURVE('',#3571,#3572,#2121,.T.);
#4550=EDGE_CURVE('',#3572,#3572,#656,.T.);
#4551=EDGE_CURVE('',#3573,#3354,#2122,.T.);
#4552=EDGE_CURVE('',#3574,#3573,#17,.T.);
#4553=EDGE_CURVE('',#3575,#3574,#18,.T.);
#4554=EDGE_CURVE('',#3576,#3575,#19,.T.);
#4555=EDGE_CURVE('',#3577,#3576,#20,.T.);
#4556=EDGE_CURVE('',#3355,#3577,#2123,.T.);
#4557=EDGE_CURVE('',#3577,#3578,#2964,.T.);
#4558=EDGE_CURVE('',#3578,#3356,#2124,.T.);
#4559=EDGE_CURVE('',#3579,#3578,#21,.T.);
#4560=EDGE_CURVE('',#3580,#3579,#22,.T.);
#4561=EDGE_CURVE('',#3581,#3580,#23,.T.);
#4562=EDGE_CURVE('',#3582,#3581,#24,.T.);
#4563=EDGE_CURVE('',#3357,#3582,#2125,.T.);
#4564=EDGE_CURVE('',#3582,#3583,#2965,.T.);
#4565=EDGE_CURVE('',#3583,#3358,#2126,.T.);
#4566=EDGE_CURVE('',#3584,#3583,#25,.T.);
#4567=EDGE_CURVE('',#3585,#3584,#26,.T.);
#4568=EDGE_CURVE('',#3586,#3585,#27,.T.);
#4569=EDGE_CURVE('',#3587,#3586,#28,.T.);
#4570=EDGE_CURVE('',#3359,#3587,#2127,.T.);
#4571=EDGE_CURVE('',#3587,#3588,#2966,.T.);
#4572=EDGE_CURVE('',#3588,#3348,#2128,.T.);
#4573=EDGE_CURVE('',#3351,#3589,#2129,.T.);
#4574=EDGE_CURVE('',#3589,#3590,#2967,.F.);
#4575=EDGE_CURVE('',#3590,#3352,#2130,.T.);
#4576=EDGE_CURVE('',#3591,#3592,#657,.T.);
#4577=EDGE_CURVE('',#3591,#3590,#29,.T.);
#4578=EDGE_CURVE('',#3589,#3592,#30,.T.);
#4579=EDGE_CURVE('',#3593,#3593,#658,.T.);
#4580=EDGE_CURVE('',#3593,#3575,#2131,.T.);
#4581=EDGE_CURVE('',#3575,#3594,#659,.T.);
#4582=EDGE_CURVE('',#3594,#3595,#660,.T.);
#4583=EDGE_CURVE('',#3595,#3596,#661,.T.);
#4584=EDGE_CURVE('',#3596,#3585,#662,.T.);
#4585=EDGE_CURVE('',#3585,#3580,#663,.T.);
#4586=EDGE_CURVE('',#3580,#3575,#664,.T.);
#4587=EDGE_CURVE('',#3570,#3593,#665,.T.);
#4588=EDGE_CURVE('',#3579,#3576,#666,.T.);
#4589=EDGE_CURVE('',#3597,#3594,#31,.T.);
#4590=EDGE_CURVE('',#3574,#3597,#667,.T.);
#4591=EDGE_CURVE('',#3592,#3595,#32,.T.);
#4592=EDGE_CURVE('',#3594,#3591,#33,.T.);
#4593=EDGE_CURVE('',#3584,#3581,#668,.T.);
#4594=EDGE_CURVE('',#3598,#3596,#34,.T.);
#4595=EDGE_CURVE('',#3595,#3599,#35,.T.);
#4596=EDGE_CURVE('',#3599,#3598,#669,.T.);
#4597=EDGE_CURVE('',#3596,#3600,#36,.T.);
#4598=EDGE_CURVE('',#3600,#3586,#670,.T.);
#4599=EDGE_CURVE('',#3601,#3350,#2132,.T.);
#4600=EDGE_CURVE('',#3599,#3601,#37,.T.);
#4601=EDGE_CURVE('',#3602,#3597,#38,.T.);
#4602=EDGE_CURVE('',#3353,#3602,#2133,.T.);
#4603=EDGE_CURVE('',#3600,#3588,#39,.T.);
#4604=EDGE_CURVE('',#3603,#3598,#40,.T.);
#4605=EDGE_CURVE('',#3349,#3603,#2134,.T.);
#4606=EDGE_CURVE('',#3603,#3601,#2968,.T.);
#4607=EDGE_CURVE('',#3602,#3573,#2969,.T.);
#4608=EDGE_CURVE('',#3604,#3605,#2135,.T.);
#4609=EDGE_CURVE('',#3606,#3604,#2136,.T.);
#4610=EDGE_CURVE('',#3607,#3606,#2137,.T.);
#4611=EDGE_CURVE('',#3605,#3607,#2138,.T.);
#4612=EDGE_CURVE('',#3608,#3605,#671,.T.);
#4613=EDGE_CURVE('',#3609,#3607,#672,.T.);
#4614=EDGE_CURVE('',#3608,#3609,#2139,.T.);
#4615=EDGE_CURVE('',#3608,#3610,#2140,.T.);
#4616=EDGE_CURVE('',#3611,#3609,#2141,.T.);
#4617=EDGE_CURVE('',#3610,#3611,#2142,.T.);
#4618=EDGE_CURVE('',#3611,#3606,#2143,.T.);
#4619=EDGE_CURVE('',#3610,#3548,#2144,.T.);
#4620=EDGE_CURVE('',#3553,#3604,#2145,.T.);
#4621=EDGE_CURVE('',#3544,#3557,#2146,.F.);
#4622=EDGE_CURVE('',#3499,#3612,#2147,.T.);
#4623=EDGE_CURVE('',#3612,#3613,#673,.F.);
#4624=EDGE_CURVE('',#3613,#3501,#2148,.T.);
#4625=EDGE_CURVE('',#3614,#3500,#2149,.T.);
#4626=EDGE_CURVE('',#3612,#3614,#2150,.T.);
#4627=EDGE_CURVE('',#3502,#3615,#2151,.T.);
#4628=EDGE_CURVE('',#3615,#3616,#674,.F.);
#4629=EDGE_CURVE('',#3616,#3503,#2152,.T.);
#4630=EDGE_CURVE('',#3615,#3613,#2153,.T.);
#4631=EDGE_CURVE('',#3514,#3617,#2154,.T.);
#4632=EDGE_CURVE('',#3617,#3618,#675,.F.);
#4633=EDGE_CURVE('',#3618,#3508,#2155,.T.);
#4634=EDGE_CURVE('',#3619,#3513,#2156,.T.);
#4635=EDGE_CURVE('',#3617,#3619,#2157,.T.);
#4636=EDGE_CURVE('',#3512,#3620,#2158,.T.);
#4637=EDGE_CURVE('',#3620,#3619,#676,.F.);
#4638=EDGE_CURVE('',#3621,#3511,#2159,.T.);
#4639=EDGE_CURVE('',#3620,#3621,#2160,.T.);
#4640=EDGE_CURVE('',#3506,#3622,#2161,.T.);
#4641=EDGE_CURVE('',#3622,#3614,#677,.F.);
#4642=EDGE_CURVE('',#3623,#3505,#2162,.T.);
#4643=EDGE_CURVE('',#3622,#3623,#2163,.T.);
#4644=EDGE_CURVE('',#3504,#3624,#2164,.T.);
#4645=EDGE_CURVE('',#3624,#3623,#678,.F.);
#4646=EDGE_CURVE('',#3624,#3616,#2165,.T.);
#4647=EDGE_CURVE('',#3507,#3625,#2166,.T.);
#4648=EDGE_CURVE('',#3625,#3626,#679,.F.);
#4649=EDGE_CURVE('',#3626,#3509,#2167,.T.);
#4650=EDGE_CURVE('',#3625,#3618,#2168,.T.);
#4651=EDGE_CURVE('',#3510,#3627,#2169,.T.);
#4652=EDGE_CURVE('',#3627,#3621,#680,.F.);
#4653=EDGE_CURVE('',#3627,#3626,#2170,.T.);
#4654=EDGE_CURVE('',#3555,#3546,#2171,.T.);
#4655=EDGE_CURVE('',#3495,#3628,#2172,.T.);
#4656=EDGE_CURVE('',#3629,#3628,#681,.T.);
#4657=EDGE_CURVE('',#3497,#3629,#2173,.T.);
#4658=EDGE_CURVE('',#3630,#3629,#2174,.T.);
#4659=EDGE_CURVE('',#3498,#3630,#2175,.T.);
#4660=EDGE_CURVE('',#3631,#3630,#682,.T.);
#4661=EDGE_CURVE('',#3496,#3631,#2176,.T.);
#4662=EDGE_CURVE('',#3628,#3631,#2177,.T.);
#4663=EDGE_CURVE('',#3563,#3562,#2178,.T.);
#4664=EDGE_CURVE('',#3632,#3558,#2179,.T.);
#4665=EDGE_CURVE('',#3633,#3632,#2180,.T.);
#4666=EDGE_CURVE('',#3559,#3633,#2181,.T.);
#4667=EDGE_CURVE('',#3634,#3633,#683,.T.);
#4668=EDGE_CURVE('',#3560,#3634,#2182,.T.);
#4669=EDGE_CURVE('',#3635,#3634,#2183,.T.);
#4670=EDGE_CURVE('',#3561,#3635,#2184,.T.);
#4671=EDGE_CURVE('',#3635,#3632,#2185,.T.);
#4672=EDGE_CURVE('',#3549,#3543,#2186,.F.);
#4673=EDGE_CURVE('',#3488,#3636,#2187,.T.);
#4674=EDGE_CURVE('',#3636,#3637,#684,.F.);
#4675=EDGE_CURVE('',#3637,#3489,#2188,.T.);
#4676=EDGE_CURVE('',#3638,#3487,#2189,.T.);
#4677=EDGE_CURVE('',#3636,#3638,#2190,.T.);
#4678=EDGE_CURVE('',#3490,#3639,#2191,.T.);
#4679=EDGE_CURVE('',#3639,#3640,#685,.F.);
#4680=EDGE_CURVE('',#3640,#3484,#2192,.T.);
#4681=EDGE_CURVE('',#3639,#3637,#2193,.T.);
#4682=EDGE_CURVE('',#3478,#3641,#2194,.T.);
#4683=EDGE_CURVE('',#3641,#3642,#686,.F.);
#4684=EDGE_CURVE('',#3642,#3479,#2195,.T.);
#4685=EDGE_CURVE('',#3643,#3477,#2196,.T.);
#4686=EDGE_CURVE('',#3641,#3643,#2197,.T.);
#4687=EDGE_CURVE('',#3475,#3644,#2198,.T.);
#4688=EDGE_CURVE('',#3644,#3643,#687,.F.);
#4689=EDGE_CURVE('',#3645,#3476,#2199,.T.);
#4690=EDGE_CURVE('',#3644,#3645,#2200,.T.);
#4691=EDGE_CURVE('',#3486,#3646,#2201,.T.);
#4692=EDGE_CURVE('',#3646,#3638,#688,.F.);
#4693=EDGE_CURVE('',#3647,#3485,#2202,.T.);
#4694=EDGE_CURVE('',#3646,#3647,#2203,.T.);
#4695=EDGE_CURVE('',#3483,#3648,#2204,.T.);
#4696=EDGE_CURVE('',#3648,#3647,#689,.F.);
#4697=EDGE_CURVE('',#3648,#3640,#2205,.T.);
#4698=EDGE_CURVE('',#3480,#3649,#2206,.T.);
#4699=EDGE_CURVE('',#3649,#3650,#690,.F.);
#4700=EDGE_CURVE('',#3650,#3481,#2207,.T.);
#4701=EDGE_CURVE('',#3649,#3642,#2208,.T.);
#4702=EDGE_CURVE('',#3482,#3651,#2209,.T.);
#4703=EDGE_CURVE('',#3651,#3645,#691,.F.);
#4704=EDGE_CURVE('',#3651,#3650,#2210,.T.);
#4705=EDGE_CURVE('',#3474,#3652,#2211,.T.);
#4706=EDGE_CURVE('',#3653,#3652,#692,.T.);
#4707=EDGE_CURVE('',#3472,#3653,#2212,.T.);
#4708=EDGE_CURVE('',#3654,#3653,#2213,.T.);
#4709=EDGE_CURVE('',#3471,#3654,#2214,.T.);
#4710=EDGE_CURVE('',#3655,#3654,#693,.T.);
#4711=EDGE_CURVE('',#3473,#3655,#2215,.T.);
#4712=EDGE_CURVE('',#3652,#3655,#2216,.T.);
#4713=ORIENTED_EDGE('',*,*,#3656,.F.);
#4714=ORIENTED_EDGE('',*,*,#3657,.F.);
#4715=ORIENTED_EDGE('',*,*,#3658,.F.);
#4716=ORIENTED_EDGE('',*,*,#3659,.F.);
#4717=ORIENTED_EDGE('',*,*,#3660,.F.);
#4718=ORIENTED_EDGE('',*,*,#3658,.T.);
#4719=ORIENTED_EDGE('',*,*,#3661,.F.);
#4720=ORIENTED_EDGE('',*,*,#3662,.F.);
#4721=ORIENTED_EDGE('',*,*,#3663,.T.);
#4722=ORIENTED_EDGE('',*,*,#3657,.T.);
#4723=ORIENTED_EDGE('',*,*,#3664,.T.);
#4724=ORIENTED_EDGE('',*,*,#3665,.F.);
#4725=ORIENTED_EDGE('',*,*,#3666,.F.);
#4726=ORIENTED_EDGE('',*,*,#3667,.F.);
#4727=ORIENTED_EDGE('',*,*,#3668,.F.);
#4728=ORIENTED_EDGE('',*,*,#3669,.T.);
#4729=ORIENTED_EDGE('',*,*,#3670,.F.);
#4730=ORIENTED_EDGE('',*,*,#3669,.F.);
#4731=ORIENTED_EDGE('',*,*,#3671,.F.);
#4732=ORIENTED_EDGE('',*,*,#3672,.T.);
#4733=ORIENTED_EDGE('',*,*,#3673,.F.);
#4734=ORIENTED_EDGE('',*,*,#3672,.F.);
#4735=ORIENTED_EDGE('',*,*,#3674,.F.);
#4736=ORIENTED_EDGE('',*,*,#3675,.T.);
#4737=ORIENTED_EDGE('',*,*,#3676,.F.);
#4738=ORIENTED_EDGE('',*,*,#3675,.F.);
#4739=ORIENTED_EDGE('',*,*,#3677,.F.);
#4740=ORIENTED_EDGE('',*,*,#3667,.T.);
#4741=ORIENTED_EDGE('',*,*,#3678,.F.);
#4742=ORIENTED_EDGE('',*,*,#3679,.F.);
#4743=ORIENTED_EDGE('',*,*,#3680,.F.);
#4744=ORIENTED_EDGE('',*,*,#3681,.T.);
#4745=ORIENTED_EDGE('',*,*,#3682,.F.);
#4746=ORIENTED_EDGE('',*,*,#3681,.F.);
#4747=ORIENTED_EDGE('',*,*,#3683,.F.);
#4748=ORIENTED_EDGE('',*,*,#3684,.T.);
#4749=ORIENTED_EDGE('',*,*,#3685,.F.);
#4750=ORIENTED_EDGE('',*,*,#3684,.F.);
#4751=ORIENTED_EDGE('',*,*,#3686,.F.);
#4752=ORIENTED_EDGE('',*,*,#3687,.T.);
#4753=ORIENTED_EDGE('',*,*,#3688,.F.);
#4754=ORIENTED_EDGE('',*,*,#3687,.F.);
#4755=ORIENTED_EDGE('',*,*,#3689,.F.);
#4756=ORIENTED_EDGE('',*,*,#3679,.T.);
#4757=ORIENTED_EDGE('',*,*,#3690,.F.);
#4758=ORIENTED_EDGE('',*,*,#3691,.F.);
#4759=ORIENTED_EDGE('',*,*,#3692,.F.);
#4760=ORIENTED_EDGE('',*,*,#3693,.T.);
#4761=ORIENTED_EDGE('',*,*,#3694,.F.);
#4762=ORIENTED_EDGE('',*,*,#3693,.F.);
#4763=ORIENTED_EDGE('',*,*,#3695,.F.);
#4764=ORIENTED_EDGE('',*,*,#3696,.F.);
#4765=ORIENTED_EDGE('',*,*,#3690,.T.);
#4766=ORIENTED_EDGE('',*,*,#3697,.F.);
#4767=ORIENTED_EDGE('',*,*,#3698,.F.);
#4768=ORIENTED_EDGE('',*,*,#3699,.T.);
#4769=ORIENTED_EDGE('',*,*,#3700,.F.);
#4770=ORIENTED_EDGE('',*,*,#3701,.F.);
#4771=ORIENTED_EDGE('',*,*,#3696,.T.);
#4772=ORIENTED_EDGE('',*,*,#3702,.F.);
#4773=ORIENTED_EDGE('',*,*,#3697,.T.);
#4774=ORIENTED_EDGE('',*,*,#3691,.T.);
#4775=ORIENTED_EDGE('',*,*,#3701,.T.);
#4776=ORIENTED_EDGE('',*,*,#3703,.F.);
#4777=ORIENTED_EDGE('',*,*,#3656,.T.);
#4778=ORIENTED_EDGE('',*,*,#3704,.T.);
#4779=ORIENTED_EDGE('',*,*,#3705,.F.);
#4780=ORIENTED_EDGE('',*,*,#3704,.F.);
#4781=ORIENTED_EDGE('',*,*,#3660,.T.);
#4782=ORIENTED_EDGE('',*,*,#3706,.F.);
#4783=ORIENTED_EDGE('',*,*,#3707,.F.);
#4784=ORIENTED_EDGE('',*,*,#3664,.F.);
#4785=ORIENTED_EDGE('',*,*,#3662,.T.);
#4786=ORIENTED_EDGE('',*,*,#3708,.F.);
#4787=ORIENTED_EDGE('',*,*,#3709,.F.);
#4788=ORIENTED_EDGE('',*,*,#3710,.T.);
#4789=ORIENTED_EDGE('',*,*,#3705,.T.);
#4790=ORIENTED_EDGE('',*,*,#3707,.T.);
#4791=ORIENTED_EDGE('',*,*,#3711,.F.);
#4792=ORIENTED_EDGE('',*,*,#3712,.F.);
#4793=ORIENTED_EDGE('',*,*,#3659,.T.);
#4794=ORIENTED_EDGE('',*,*,#3713,.F.);
#4795=ORIENTED_EDGE('',*,*,#3706,.T.);
#4796=ORIENTED_EDGE('',*,*,#3714,.T.);
#4797=ORIENTED_EDGE('',*,*,#3711,.T.);
#4798=ORIENTED_EDGE('',*,*,#3713,.T.);
#4799=ORIENTED_EDGE('',*,*,#3715,.T.);
#4800=ORIENTED_EDGE('',*,*,#3702,.T.);
#4801=ORIENTED_EDGE('',*,*,#3716,.T.);
#4802=ORIENTED_EDGE('',*,*,#3717,.F.);
#4803=ORIENTED_EDGE('',*,*,#3665,.T.);
#4804=ORIENTED_EDGE('',*,*,#3712,.T.);
#4805=ORIENTED_EDGE('',*,*,#3714,.F.);
#4806=ORIENTED_EDGE('',*,*,#3718,.T.);
#4807=ORIENTED_EDGE('',*,*,#3703,.T.);
#4808=ORIENTED_EDGE('',*,*,#3695,.T.);
#4809=ORIENTED_EDGE('',*,*,#3692,.T.);
#4810=ORIENTED_EDGE('',*,*,#3718,.F.);
#4811=ORIENTED_EDGE('',*,*,#3716,.F.);
#4812=ORIENTED_EDGE('',*,*,#3719,.F.);
#4813=ORIENTED_EDGE('',*,*,#3720,.T.);
#4814=ORIENTED_EDGE('',*,*,#3721,.T.);
#4815=ORIENTED_EDGE('',*,*,#3720,.F.);
#4816=ORIENTED_EDGE('',*,*,#3722,.T.);
#4817=ORIENTED_EDGE('',*,*,#3723,.T.);
#4818=ORIENTED_EDGE('',*,*,#3724,.F.);
#4819=ORIENTED_EDGE('',*,*,#3725,.F.);
#4820=ORIENTED_EDGE('',*,*,#3726,.T.);
#4821=ORIENTED_EDGE('',*,*,#3725,.T.);
#4822=ORIENTED_EDGE('',*,*,#3727,.F.);
#4823=ORIENTED_EDGE('',*,*,#3728,.F.);
#4824=ORIENTED_EDGE('',*,*,#3729,.T.);
#4825=ORIENTED_EDGE('',*,*,#3728,.T.);
#4826=ORIENTED_EDGE('',*,*,#3730,.F.);
#4827=ORIENTED_EDGE('',*,*,#3731,.F.);
#4828=ORIENTED_EDGE('',*,*,#3732,.T.);
#4829=ORIENTED_EDGE('',*,*,#3731,.T.);
#4830=ORIENTED_EDGE('',*,*,#3733,.F.);
#4831=ORIENTED_EDGE('',*,*,#3723,.F.);
#4832=ORIENTED_EDGE('',*,*,#3734,.F.);
#4833=ORIENTED_EDGE('',*,*,#3735,.T.);
#4834=ORIENTED_EDGE('',*,*,#3736,.T.);
#4835=ORIENTED_EDGE('',*,*,#3735,.F.);
#4836=ORIENTED_EDGE('',*,*,#3737,.T.);
#4837=ORIENTED_EDGE('',*,*,#3709,.T.);
#4838=ORIENTED_EDGE('',*,*,#3738,.F.);
#4839=ORIENTED_EDGE('',*,*,#3739,.F.);
#4840=ORIENTED_EDGE('',*,*,#3740,.F.);
#4841=ORIENTED_EDGE('',*,*,#3739,.T.);
#4842=ORIENTED_EDGE('',*,*,#3741,.F.);
#4843=ORIENTED_EDGE('',*,*,#3742,.F.);
#4844=ORIENTED_EDGE('',*,*,#3694,.T.);
#4845=ORIENTED_EDGE('',*,*,#3743,.T.);
#4846=ORIENTED_EDGE('',*,*,#3742,.T.);
#4847=ORIENTED_EDGE('',*,*,#3744,.F.);
#4848=ORIENTED_EDGE('',*,*,#3745,.F.);
#4849=ORIENTED_EDGE('',*,*,#3746,.F.);
#4850=ORIENTED_EDGE('',*,*,#3745,.T.);
#4851=ORIENTED_EDGE('',*,*,#3747,.F.);
#4852=ORIENTED_EDGE('',*,*,#3748,.F.);
#4853=ORIENTED_EDGE('',*,*,#3749,.T.);
#4854=ORIENTED_EDGE('',*,*,#3748,.T.);
#4855=ORIENTED_EDGE('',*,*,#3750,.F.);
#4856=ORIENTED_EDGE('',*,*,#3751,.F.);
#4857=ORIENTED_EDGE('',*,*,#3752,.T.);
#4858=ORIENTED_EDGE('',*,*,#3751,.T.);
#4859=ORIENTED_EDGE('',*,*,#3753,.F.);
#4860=ORIENTED_EDGE('',*,*,#3699,.F.);
#4861=ORIENTED_EDGE('',*,*,#3708,.T.);
#4862=ORIENTED_EDGE('',*,*,#3661,.T.);
#4863=ORIENTED_EDGE('',*,*,#3717,.T.);
#4864=ORIENTED_EDGE('',*,*,#3700,.T.);
#4865=ORIENTED_EDGE('',*,*,#3753,.T.);
#4866=ORIENTED_EDGE('',*,*,#3750,.T.);
#4867=ORIENTED_EDGE('',*,*,#3747,.T.);
#4868=ORIENTED_EDGE('',*,*,#3744,.T.);
#4869=ORIENTED_EDGE('',*,*,#3741,.T.);
#4870=ORIENTED_EDGE('',*,*,#3738,.T.);
#4871=ORIENTED_EDGE('',*,*,#3674,.T.);
#4872=ORIENTED_EDGE('',*,*,#3671,.T.);
#4873=ORIENTED_EDGE('',*,*,#3668,.T.);
#4874=ORIENTED_EDGE('',*,*,#3677,.T.);
#4875=ORIENTED_EDGE('',*,*,#3686,.T.);
#4876=ORIENTED_EDGE('',*,*,#3683,.T.);
#4877=ORIENTED_EDGE('',*,*,#3680,.T.);
#4878=ORIENTED_EDGE('',*,*,#3689,.T.);
#4879=ORIENTED_EDGE('',*,*,#3734,.T.);
#4880=ORIENTED_EDGE('',*,*,#3733,.T.);
#4881=ORIENTED_EDGE('',*,*,#3730,.T.);
#4882=ORIENTED_EDGE('',*,*,#3727,.T.);
#4883=ORIENTED_EDGE('',*,*,#3724,.T.);
#4884=ORIENTED_EDGE('',*,*,#3719,.T.);
#4885=ORIENTED_EDGE('',*,*,#3710,.F.);
#4886=ORIENTED_EDGE('',*,*,#3737,.F.);
#4887=ORIENTED_EDGE('',*,*,#3740,.T.);
#4888=ORIENTED_EDGE('',*,*,#3743,.F.);
#4889=ORIENTED_EDGE('',*,*,#3746,.T.);
#4890=ORIENTED_EDGE('',*,*,#3749,.F.);
#4891=ORIENTED_EDGE('',*,*,#3752,.F.);
#4892=ORIENTED_EDGE('',*,*,#3698,.T.);
#4893=ORIENTED_EDGE('',*,*,#3715,.F.);
#4894=ORIENTED_EDGE('',*,*,#3663,.F.);
#4895=ORIENTED_EDGE('',*,*,#3673,.T.);
#4896=ORIENTED_EDGE('',*,*,#3676,.T.);
#4897=ORIENTED_EDGE('',*,*,#3666,.T.);
#4898=ORIENTED_EDGE('',*,*,#3670,.T.);
#4899=ORIENTED_EDGE('',*,*,#3685,.T.);
#4900=ORIENTED_EDGE('',*,*,#3688,.T.);
#4901=ORIENTED_EDGE('',*,*,#3678,.T.);
#4902=ORIENTED_EDGE('',*,*,#3682,.T.);
#4903=ORIENTED_EDGE('',*,*,#3736,.F.);
#4904=ORIENTED_EDGE('',*,*,#3732,.F.);
#4905=ORIENTED_EDGE('',*,*,#3722,.F.);
#4906=ORIENTED_EDGE('',*,*,#3726,.F.);
#4907=ORIENTED_EDGE('',*,*,#3729,.F.);
#4908=ORIENTED_EDGE('',*,*,#3721,.F.);
#4909=ORIENTED_EDGE('',*,*,#3754,.F.);
#4910=ORIENTED_EDGE('',*,*,#3755,.F.);
#4911=ORIENTED_EDGE('',*,*,#3756,.F.);
#4912=ORIENTED_EDGE('',*,*,#3757,.F.);
#4913=ORIENTED_EDGE('',*,*,#3758,.F.);
#4914=ORIENTED_EDGE('',*,*,#3756,.T.);
#4915=ORIENTED_EDGE('',*,*,#3759,.F.);
#4916=ORIENTED_EDGE('',*,*,#3760,.T.);
#4917=ORIENTED_EDGE('',*,*,#3761,.T.);
#4918=ORIENTED_EDGE('',*,*,#3755,.T.);
#4919=ORIENTED_EDGE('',*,*,#3762,.F.);
#4920=ORIENTED_EDGE('',*,*,#3763,.T.);
#4921=ORIENTED_EDGE('',*,*,#3764,.T.);
#4922=ORIENTED_EDGE('',*,*,#3765,.F.);
#4923=ORIENTED_EDGE('',*,*,#3766,.T.);
#4924=ORIENTED_EDGE('',*,*,#3767,.T.);
#4925=ORIENTED_EDGE('',*,*,#3768,.T.);
#4926=ORIENTED_EDGE('',*,*,#3769,.F.);
#4927=ORIENTED_EDGE('',*,*,#3770,.T.);
#4928=ORIENTED_EDGE('',*,*,#3765,.T.);
#4929=ORIENTED_EDGE('',*,*,#3771,.T.);
#4930=ORIENTED_EDGE('',*,*,#3772,.F.);
#4931=ORIENTED_EDGE('',*,*,#3773,.T.);
#4932=ORIENTED_EDGE('',*,*,#3769,.T.);
#4933=ORIENTED_EDGE('',*,*,#3774,.T.);
#4934=ORIENTED_EDGE('',*,*,#3767,.F.);
#4935=ORIENTED_EDGE('',*,*,#3775,.T.);
#4936=ORIENTED_EDGE('',*,*,#3772,.T.);
#4937=ORIENTED_EDGE('',*,*,#3776,.T.);
#4938=ORIENTED_EDGE('',*,*,#3777,.F.);
#4939=ORIENTED_EDGE('',*,*,#3778,.T.);
#4940=ORIENTED_EDGE('',*,*,#3779,.T.);
#4941=ORIENTED_EDGE('',*,*,#3780,.T.);
#4942=ORIENTED_EDGE('',*,*,#3781,.F.);
#4943=ORIENTED_EDGE('',*,*,#3782,.T.);
#4944=ORIENTED_EDGE('',*,*,#3777,.T.);
#4945=ORIENTED_EDGE('',*,*,#3783,.T.);
#4946=ORIENTED_EDGE('',*,*,#3784,.F.);
#4947=ORIENTED_EDGE('',*,*,#3785,.T.);
#4948=ORIENTED_EDGE('',*,*,#3781,.T.);
#4949=ORIENTED_EDGE('',*,*,#3786,.T.);
#4950=ORIENTED_EDGE('',*,*,#3779,.F.);
#4951=ORIENTED_EDGE('',*,*,#3787,.T.);
#4952=ORIENTED_EDGE('',*,*,#3784,.T.);
#4953=ORIENTED_EDGE('',*,*,#3788,.T.);
#4954=ORIENTED_EDGE('',*,*,#3789,.T.);
#4955=ORIENTED_EDGE('',*,*,#3790,.T.);
#4956=ORIENTED_EDGE('',*,*,#3791,.T.);
#4957=ORIENTED_EDGE('',*,*,#3792,.T.);
#4958=ORIENTED_EDGE('',*,*,#3791,.F.);
#4959=ORIENTED_EDGE('',*,*,#3793,.T.);
#4960=ORIENTED_EDGE('',*,*,#3794,.T.);
#4961=ORIENTED_EDGE('',*,*,#3788,.F.);
#4962=ORIENTED_EDGE('',*,*,#3795,.T.);
#4963=ORIENTED_EDGE('',*,*,#3796,.T.);
#4964=ORIENTED_EDGE('',*,*,#3797,.F.);
#4965=ORIENTED_EDGE('',*,*,#3798,.T.);
#4966=ORIENTED_EDGE('',*,*,#3799,.T.);
#4967=ORIENTED_EDGE('',*,*,#3789,.F.);
#4968=ORIENTED_EDGE('',*,*,#3799,.F.);
#4969=ORIENTED_EDGE('',*,*,#3800,.T.);
#4970=ORIENTED_EDGE('',*,*,#3794,.F.);
#4971=ORIENTED_EDGE('',*,*,#3801,.T.);
#4972=ORIENTED_EDGE('',*,*,#3795,.F.);
#4973=ORIENTED_EDGE('',*,*,#3754,.T.);
#4974=ORIENTED_EDGE('',*,*,#3802,.T.);
#4975=ORIENTED_EDGE('',*,*,#3803,.T.);
#4976=ORIENTED_EDGE('',*,*,#3802,.F.);
#4977=ORIENTED_EDGE('',*,*,#3758,.T.);
#4978=ORIENTED_EDGE('',*,*,#3804,.T.);
#4979=ORIENTED_EDGE('',*,*,#3805,.T.);
#4980=ORIENTED_EDGE('',*,*,#3762,.T.);
#4981=ORIENTED_EDGE('',*,*,#3760,.F.);
#4982=ORIENTED_EDGE('',*,*,#3806,.F.);
#4983=ORIENTED_EDGE('',*,*,#3807,.T.);
#4984=ORIENTED_EDGE('',*,*,#3808,.T.);
#4985=ORIENTED_EDGE('',*,*,#3803,.F.);
#4986=ORIENTED_EDGE('',*,*,#3805,.F.);
#4987=ORIENTED_EDGE('',*,*,#3809,.T.);
#4988=ORIENTED_EDGE('',*,*,#3810,.T.);
#4989=ORIENTED_EDGE('',*,*,#3757,.T.);
#4990=ORIENTED_EDGE('',*,*,#3811,.T.);
#4991=ORIENTED_EDGE('',*,*,#3804,.F.);
#4992=ORIENTED_EDGE('',*,*,#3812,.F.);
#4993=ORIENTED_EDGE('',*,*,#3813,.F.);
#4994=ORIENTED_EDGE('',*,*,#3800,.F.);
#4995=ORIENTED_EDGE('',*,*,#3814,.F.);
#4996=ORIENTED_EDGE('',*,*,#3763,.F.);
#4997=ORIENTED_EDGE('',*,*,#3810,.F.);
#4998=ORIENTED_EDGE('',*,*,#3815,.T.);
#4999=ORIENTED_EDGE('',*,*,#3801,.F.);
#5000=ORIENTED_EDGE('',*,*,#3816,.F.);
#5001=ORIENTED_EDGE('',*,*,#3812,.T.);
#5002=ORIENTED_EDGE('',*,*,#3809,.F.);
#5003=ORIENTED_EDGE('',*,*,#3811,.F.);
#5004=ORIENTED_EDGE('',*,*,#3790,.F.);
#5005=ORIENTED_EDGE('',*,*,#3813,.T.);
#5006=ORIENTED_EDGE('',*,*,#3816,.T.);
#5007=ORIENTED_EDGE('',*,*,#3793,.F.);
#5008=ORIENTED_EDGE('',*,*,#3817,.T.);
#5009=ORIENTED_EDGE('',*,*,#3818,.T.);
#5010=ORIENTED_EDGE('',*,*,#3819,.F.);
#5011=ORIENTED_EDGE('',*,*,#3818,.F.);
#5012=ORIENTED_EDGE('',*,*,#3820,.F.);
#5013=ORIENTED_EDGE('',*,*,#3821,.T.);
#5014=ORIENTED_EDGE('',*,*,#3822,.T.);
#5015=ORIENTED_EDGE('',*,*,#3823,.F.);
#5016=ORIENTED_EDGE('',*,*,#3824,.F.);
#5017=ORIENTED_EDGE('',*,*,#3825,.T.);
#5018=ORIENTED_EDGE('',*,*,#3826,.T.);
#5019=ORIENTED_EDGE('',*,*,#3821,.F.);
#5020=ORIENTED_EDGE('',*,*,#3827,.F.);
#5021=ORIENTED_EDGE('',*,*,#3828,.T.);
#5022=ORIENTED_EDGE('',*,*,#3829,.T.);
#5023=ORIENTED_EDGE('',*,*,#3825,.F.);
#5024=ORIENTED_EDGE('',*,*,#3830,.F.);
#5025=ORIENTED_EDGE('',*,*,#3823,.T.);
#5026=ORIENTED_EDGE('',*,*,#3831,.T.);
#5027=ORIENTED_EDGE('',*,*,#3828,.F.);
#5028=ORIENTED_EDGE('',*,*,#3832,.T.);
#5029=ORIENTED_EDGE('',*,*,#3833,.T.);
#5030=ORIENTED_EDGE('',*,*,#3834,.F.);
#5031=ORIENTED_EDGE('',*,*,#3833,.F.);
#5032=ORIENTED_EDGE('',*,*,#3835,.F.);
#5033=ORIENTED_EDGE('',*,*,#3836,.T.);
#5034=ORIENTED_EDGE('',*,*,#3837,.T.);
#5035=ORIENTED_EDGE('',*,*,#3807,.F.);
#5036=ORIENTED_EDGE('',*,*,#3838,.T.);
#5037=ORIENTED_EDGE('',*,*,#3839,.T.);
#5038=ORIENTED_EDGE('',*,*,#3840,.T.);
#5039=ORIENTED_EDGE('',*,*,#3836,.F.);
#5040=ORIENTED_EDGE('',*,*,#3792,.F.);
#5041=ORIENTED_EDGE('',*,*,#3841,.F.);
#5042=ORIENTED_EDGE('',*,*,#3842,.T.);
#5043=ORIENTED_EDGE('',*,*,#3843,.T.);
#5044=ORIENTED_EDGE('',*,*,#3839,.F.);
#5045=ORIENTED_EDGE('',*,*,#3844,.T.);
#5046=ORIENTED_EDGE('',*,*,#3845,.T.);
#5047=ORIENTED_EDGE('',*,*,#3846,.T.);
#5048=ORIENTED_EDGE('',*,*,#3842,.F.);
#5049=ORIENTED_EDGE('',*,*,#3847,.F.);
#5050=ORIENTED_EDGE('',*,*,#3848,.T.);
#5051=ORIENTED_EDGE('',*,*,#3849,.T.);
#5052=ORIENTED_EDGE('',*,*,#3845,.F.);
#5053=ORIENTED_EDGE('',*,*,#3850,.F.);
#5054=ORIENTED_EDGE('',*,*,#3797,.T.);
#5055=ORIENTED_EDGE('',*,*,#3851,.T.);
#5056=ORIENTED_EDGE('',*,*,#3848,.F.);
#5057=ORIENTED_EDGE('',*,*,#3808,.F.);
#5058=ORIENTED_EDGE('',*,*,#3837,.F.);
#5059=ORIENTED_EDGE('',*,*,#3840,.F.);
#5060=ORIENTED_EDGE('',*,*,#3843,.F.);
#5061=ORIENTED_EDGE('',*,*,#3846,.F.);
#5062=ORIENTED_EDGE('',*,*,#3849,.F.);
#5063=ORIENTED_EDGE('',*,*,#3851,.F.);
#5064=ORIENTED_EDGE('',*,*,#3796,.F.);
#5065=ORIENTED_EDGE('',*,*,#3815,.F.);
#5066=ORIENTED_EDGE('',*,*,#3761,.F.);
#5067=ORIENTED_EDGE('',*,*,#3773,.F.);
#5068=ORIENTED_EDGE('',*,*,#3775,.F.);
#5069=ORIENTED_EDGE('',*,*,#3766,.F.);
#5070=ORIENTED_EDGE('',*,*,#3770,.F.);
#5071=ORIENTED_EDGE('',*,*,#3785,.F.);
#5072=ORIENTED_EDGE('',*,*,#3787,.F.);
#5073=ORIENTED_EDGE('',*,*,#3778,.F.);
#5074=ORIENTED_EDGE('',*,*,#3782,.F.);
#5075=ORIENTED_EDGE('',*,*,#3832,.F.);
#5076=ORIENTED_EDGE('',*,*,#3831,.F.);
#5077=ORIENTED_EDGE('',*,*,#3822,.F.);
#5078=ORIENTED_EDGE('',*,*,#3826,.F.);
#5079=ORIENTED_EDGE('',*,*,#3829,.F.);
#5080=ORIENTED_EDGE('',*,*,#3817,.F.);
#5081=ORIENTED_EDGE('',*,*,#3806,.T.);
#5082=ORIENTED_EDGE('',*,*,#3759,.T.);
#5083=ORIENTED_EDGE('',*,*,#3814,.T.);
#5084=ORIENTED_EDGE('',*,*,#3798,.F.);
#5085=ORIENTED_EDGE('',*,*,#3850,.T.);
#5086=ORIENTED_EDGE('',*,*,#3847,.T.);
#5087=ORIENTED_EDGE('',*,*,#3844,.F.);
#5088=ORIENTED_EDGE('',*,*,#3841,.T.);
#5089=ORIENTED_EDGE('',*,*,#3838,.F.);
#5090=ORIENTED_EDGE('',*,*,#3835,.T.);
#5091=ORIENTED_EDGE('',*,*,#3771,.F.);
#5092=ORIENTED_EDGE('',*,*,#3768,.F.);
#5093=ORIENTED_EDGE('',*,*,#3764,.F.);
#5094=ORIENTED_EDGE('',*,*,#3774,.F.);
#5095=ORIENTED_EDGE('',*,*,#3783,.F.);
#5096=ORIENTED_EDGE('',*,*,#3780,.F.);
#5097=ORIENTED_EDGE('',*,*,#3776,.F.);
#5098=ORIENTED_EDGE('',*,*,#3786,.F.);
#5099=ORIENTED_EDGE('',*,*,#3834,.T.);
#5100=ORIENTED_EDGE('',*,*,#3830,.T.);
#5101=ORIENTED_EDGE('',*,*,#3827,.T.);
#5102=ORIENTED_EDGE('',*,*,#3824,.T.);
#5103=ORIENTED_EDGE('',*,*,#3820,.T.);
#5104=ORIENTED_EDGE('',*,*,#3819,.T.);
#5105=ORIENTED_EDGE('',*,*,#3852,.F.);
#5106=ORIENTED_EDGE('',*,*,#3853,.T.);
#5107=ORIENTED_EDGE('',*,*,#3854,.T.);
#5108=ORIENTED_EDGE('',*,*,#3853,.F.);
#5109=ORIENTED_EDGE('',*,*,#3855,.F.);
#5110=ORIENTED_EDGE('',*,*,#3856,.T.);
#5111=ORIENTED_EDGE('',*,*,#3857,.T.);
#5112=ORIENTED_EDGE('',*,*,#3856,.F.);
#5113=ORIENTED_EDGE('',*,*,#3858,.T.);
#5114=ORIENTED_EDGE('',*,*,#3859,.T.);
#5115=ORIENTED_EDGE('',*,*,#3860,.F.);
#5116=ORIENTED_EDGE('',*,*,#3861,.F.);
#5117=ORIENTED_EDGE('',*,*,#3862,.F.);
#5118=ORIENTED_EDGE('',*,*,#3861,.T.);
#5119=ORIENTED_EDGE('',*,*,#3863,.F.);
#5120=ORIENTED_EDGE('',*,*,#3864,.F.);
#5121=ORIENTED_EDGE('',*,*,#3865,.T.);
#5122=ORIENTED_EDGE('',*,*,#3864,.T.);
#5123=ORIENTED_EDGE('',*,*,#3866,.F.);
#5124=ORIENTED_EDGE('',*,*,#3867,.F.);
#5125=ORIENTED_EDGE('',*,*,#3868,.T.);
#5126=ORIENTED_EDGE('',*,*,#3867,.T.);
#5127=ORIENTED_EDGE('',*,*,#3869,.F.);
#5128=ORIENTED_EDGE('',*,*,#3859,.F.);
#5129=ORIENTED_EDGE('',*,*,#3869,.T.);
#5130=ORIENTED_EDGE('',*,*,#3866,.T.);
#5131=ORIENTED_EDGE('',*,*,#3863,.T.);
#5132=ORIENTED_EDGE('',*,*,#3860,.T.);
#5133=ORIENTED_EDGE('',*,*,#3855,.T.);
#5134=ORIENTED_EDGE('',*,*,#3852,.T.);
#5135=ORIENTED_EDGE('',*,*,#3868,.F.);
#5136=ORIENTED_EDGE('',*,*,#3858,.F.);
#5137=ORIENTED_EDGE('',*,*,#3862,.T.);
#5138=ORIENTED_EDGE('',*,*,#3865,.F.);
#5139=ORIENTED_EDGE('',*,*,#3857,.F.);
#5140=ORIENTED_EDGE('',*,*,#3854,.F.);
#5141=ORIENTED_EDGE('',*,*,#3870,.T.);
#5142=ORIENTED_EDGE('',*,*,#3871,.T.);
#5143=ORIENTED_EDGE('',*,*,#3872,.F.);
#5144=ORIENTED_EDGE('',*,*,#3871,.F.);
#5145=ORIENTED_EDGE('',*,*,#3873,.T.);
#5146=ORIENTED_EDGE('',*,*,#3874,.T.);
#5147=ORIENTED_EDGE('',*,*,#3875,.F.);
#5148=ORIENTED_EDGE('',*,*,#3874,.F.);
#5149=ORIENTED_EDGE('',*,*,#3876,.F.);
#5150=ORIENTED_EDGE('',*,*,#3877,.T.);
#5151=ORIENTED_EDGE('',*,*,#3878,.T.);
#5152=ORIENTED_EDGE('',*,*,#3879,.F.);
#5153=ORIENTED_EDGE('',*,*,#3880,.T.);
#5154=ORIENTED_EDGE('',*,*,#3881,.T.);
#5155=ORIENTED_EDGE('',*,*,#3882,.T.);
#5156=ORIENTED_EDGE('',*,*,#3877,.F.);
#5157=ORIENTED_EDGE('',*,*,#3883,.F.);
#5158=ORIENTED_EDGE('',*,*,#3884,.T.);
#5159=ORIENTED_EDGE('',*,*,#3885,.T.);
#5160=ORIENTED_EDGE('',*,*,#3881,.F.);
#5161=ORIENTED_EDGE('',*,*,#3886,.F.);
#5162=ORIENTED_EDGE('',*,*,#3879,.T.);
#5163=ORIENTED_EDGE('',*,*,#3887,.T.);
#5164=ORIENTED_EDGE('',*,*,#3884,.F.);
#5165=ORIENTED_EDGE('',*,*,#3887,.F.);
#5166=ORIENTED_EDGE('',*,*,#3878,.F.);
#5167=ORIENTED_EDGE('',*,*,#3882,.F.);
#5168=ORIENTED_EDGE('',*,*,#3885,.F.);
#5169=ORIENTED_EDGE('',*,*,#3873,.F.);
#5170=ORIENTED_EDGE('',*,*,#3870,.F.);
#5171=ORIENTED_EDGE('',*,*,#3886,.T.);
#5172=ORIENTED_EDGE('',*,*,#3883,.T.);
#5173=ORIENTED_EDGE('',*,*,#3880,.F.);
#5174=ORIENTED_EDGE('',*,*,#3876,.T.);
#5175=ORIENTED_EDGE('',*,*,#3875,.T.);
#5176=ORIENTED_EDGE('',*,*,#3872,.T.);
#5177=ORIENTED_EDGE('',*,*,#3888,.T.);
#5178=ORIENTED_EDGE('',*,*,#3889,.T.);
#5179=ORIENTED_EDGE('',*,*,#3890,.T.);
#5180=ORIENTED_EDGE('',*,*,#3891,.T.);
#5181=ORIENTED_EDGE('',*,*,#3889,.F.);
#5182=ORIENTED_EDGE('',*,*,#3892,.T.);
#5183=ORIENTED_EDGE('',*,*,#3893,.T.);
#5184=ORIENTED_EDGE('',*,*,#3894,.T.);
#5185=ORIENTED_EDGE('',*,*,#3895,.T.);
#5186=ORIENTED_EDGE('',*,*,#3896,.T.);
#5187=ORIENTED_EDGE('',*,*,#3894,.F.);
#5188=ORIENTED_EDGE('',*,*,#3897,.T.);
#5189=ORIENTED_EDGE('',*,*,#3898,.T.);
#5190=ORIENTED_EDGE('',*,*,#3899,.T.);
#5191=ORIENTED_EDGE('',*,*,#3900,.T.);
#5192=ORIENTED_EDGE('',*,*,#3901,.T.);
#5193=ORIENTED_EDGE('',*,*,#3902,.T.);
#5194=ORIENTED_EDGE('',*,*,#3903,.F.);
#5195=ORIENTED_EDGE('',*,*,#3904,.T.);
#5196=ORIENTED_EDGE('',*,*,#3905,.F.);
#5197=ORIENTED_EDGE('',*,*,#3906,.T.);
#5198=ORIENTED_EDGE('',*,*,#3907,.T.);
#5199=ORIENTED_EDGE('',*,*,#3891,.F.);
#5200=ORIENTED_EDGE('',*,*,#3908,.F.);
#5201=ORIENTED_EDGE('',*,*,#3909,.F.);
#5202=ORIENTED_EDGE('',*,*,#3910,.F.);
#5203=ORIENTED_EDGE('',*,*,#3911,.F.);
#5204=ORIENTED_EDGE('',*,*,#3906,.F.);
#5205=ORIENTED_EDGE('',*,*,#3912,.F.);
#5206=ORIENTED_EDGE('',*,*,#3913,.F.);
#5207=ORIENTED_EDGE('',*,*,#3908,.T.);
#5208=ORIENTED_EDGE('',*,*,#3914,.T.);
#5209=ORIENTED_EDGE('',*,*,#3915,.T.);
#5210=ORIENTED_EDGE('',*,*,#3916,.T.);
#5211=ORIENTED_EDGE('',*,*,#3904,.F.);
#5212=ORIENTED_EDGE('',*,*,#3917,.T.);
#5213=ORIENTED_EDGE('',*,*,#3918,.T.);
#5214=ORIENTED_EDGE('',*,*,#3915,.F.);
#5215=ORIENTED_EDGE('',*,*,#3919,.T.);
#5216=ORIENTED_EDGE('',*,*,#3920,.T.);
#5217=ORIENTED_EDGE('',*,*,#3921,.T.);
#5218=ORIENTED_EDGE('',*,*,#3907,.F.);
#5219=ORIENTED_EDGE('',*,*,#3911,.T.);
#5220=ORIENTED_EDGE('',*,*,#3922,.T.);
#5221=ORIENTED_EDGE('',*,*,#3898,.F.);
#5222=ORIENTED_EDGE('',*,*,#3902,.F.);
#5223=ORIENTED_EDGE('',*,*,#3923,.T.);
#5224=ORIENTED_EDGE('',*,*,#3912,.T.);
#5225=ORIENTED_EDGE('',*,*,#3923,.F.);
#5226=ORIENTED_EDGE('',*,*,#3924,.T.);
#5227=ORIENTED_EDGE('',*,*,#3900,.F.);
#5228=ORIENTED_EDGE('',*,*,#3925,.F.);
#5229=ORIENTED_EDGE('',*,*,#3909,.T.);
#5230=ORIENTED_EDGE('',*,*,#3913,.T.);
#5231=ORIENTED_EDGE('',*,*,#3910,.T.);
#5232=ORIENTED_EDGE('',*,*,#3925,.T.);
#5233=ORIENTED_EDGE('',*,*,#3899,.F.);
#5234=ORIENTED_EDGE('',*,*,#3922,.F.);
#5235=ORIENTED_EDGE('',*,*,#3896,.F.);
#5236=ORIENTED_EDGE('',*,*,#3926,.T.);
#5237=ORIENTED_EDGE('',*,*,#3888,.F.);
#5238=ORIENTED_EDGE('',*,*,#3905,.T.);
#5239=ORIENTED_EDGE('',*,*,#3920,.F.);
#5240=ORIENTED_EDGE('',*,*,#3927,.T.);
#5241=ORIENTED_EDGE('',*,*,#3928,.T.);
#5242=ORIENTED_EDGE('',*,*,#3927,.F.);
#5243=ORIENTED_EDGE('',*,*,#3919,.F.);
#5244=ORIENTED_EDGE('',*,*,#3914,.F.);
#5245=ORIENTED_EDGE('',*,*,#3890,.F.);
#5246=ORIENTED_EDGE('',*,*,#3892,.F.);
#5247=ORIENTED_EDGE('',*,*,#3921,.F.);
#5248=ORIENTED_EDGE('',*,*,#3897,.F.);
#5249=ORIENTED_EDGE('',*,*,#3893,.F.);
#5250=ORIENTED_EDGE('',*,*,#3926,.F.);
#5251=ORIENTED_EDGE('',*,*,#3895,.F.);
#5252=ORIENTED_EDGE('',*,*,#3901,.F.);
#5253=ORIENTED_EDGE('',*,*,#3924,.F.);
#5254=ORIENTED_EDGE('',*,*,#3916,.F.);
#5255=ORIENTED_EDGE('',*,*,#3918,.F.);
#5256=ORIENTED_EDGE('',*,*,#3929,.T.);
#5257=ORIENTED_EDGE('',*,*,#3930,.T.);
#5258=ORIENTED_EDGE('',*,*,#3929,.F.);
#5259=ORIENTED_EDGE('',*,*,#3917,.F.);
#5260=ORIENTED_EDGE('',*,*,#3903,.T.);
#5261=ORIENTED_EDGE('',*,*,#3930,.F.);
#5262=ORIENTED_EDGE('',*,*,#3928,.F.);
#5263=ORIENTED_EDGE('',*,*,#3931,.T.);
#5264=ORIENTED_EDGE('',*,*,#3932,.T.);
#5265=ORIENTED_EDGE('',*,*,#3933,.T.);
#5266=ORIENTED_EDGE('',*,*,#3934,.T.);
#5267=ORIENTED_EDGE('',*,*,#3931,.F.);
#5268=ORIENTED_EDGE('',*,*,#3935,.T.);
#5269=ORIENTED_EDGE('',*,*,#3936,.F.);
#5270=ORIENTED_EDGE('',*,*,#3937,.T.);
#5271=ORIENTED_EDGE('',*,*,#3938,.T.);
#5272=ORIENTED_EDGE('',*,*,#3939,.T.);
#5273=ORIENTED_EDGE('',*,*,#3940,.T.);
#5274=ORIENTED_EDGE('',*,*,#3937,.F.);
#5275=ORIENTED_EDGE('',*,*,#3941,.F.);
#5276=ORIENTED_EDGE('',*,*,#3942,.T.);
#5277=ORIENTED_EDGE('',*,*,#3932,.F.);
#5278=ORIENTED_EDGE('',*,*,#3943,.F.);
#5279=ORIENTED_EDGE('',*,*,#3940,.F.);
#5280=ORIENTED_EDGE('',*,*,#3944,.T.);
#5281=ORIENTED_EDGE('',*,*,#3945,.F.);
#5282=ORIENTED_EDGE('',*,*,#3946,.T.);
#5283=ORIENTED_EDGE('',*,*,#3947,.T.);
#5284=ORIENTED_EDGE('',*,*,#3948,.T.);
#5285=ORIENTED_EDGE('',*,*,#3948,.F.);
#5286=ORIENTED_EDGE('',*,*,#3949,.T.);
#5287=ORIENTED_EDGE('',*,*,#3939,.F.);
#5288=ORIENTED_EDGE('',*,*,#3950,.T.);
#5289=ORIENTED_EDGE('',*,*,#3945,.T.);
#5290=ORIENTED_EDGE('',*,*,#3949,.F.);
#5291=ORIENTED_EDGE('',*,*,#3947,.F.);
#5292=ORIENTED_EDGE('',*,*,#3951,.T.);
#5293=ORIENTED_EDGE('',*,*,#3933,.F.);
#5294=ORIENTED_EDGE('',*,*,#3944,.F.);
#5295=ORIENTED_EDGE('',*,*,#3952,.F.);
#5296=ORIENTED_EDGE('',*,*,#3953,.F.);
#5297=ORIENTED_EDGE('',*,*,#3954,.T.);
#5298=ORIENTED_EDGE('',*,*,#3935,.F.);
#5299=ORIENTED_EDGE('',*,*,#3934,.F.);
#5300=ORIENTED_EDGE('',*,*,#3951,.F.);
#5301=ORIENTED_EDGE('',*,*,#3946,.F.);
#5302=ORIENTED_EDGE('',*,*,#3950,.F.);
#5303=ORIENTED_EDGE('',*,*,#3938,.F.);
#5304=ORIENTED_EDGE('',*,*,#3942,.F.);
#5305=ORIENTED_EDGE('',*,*,#3954,.F.);
#5306=ORIENTED_EDGE('',*,*,#3953,.T.);
#5307=ORIENTED_EDGE('',*,*,#3955,.F.);
#5308=ORIENTED_EDGE('',*,*,#3956,.T.);
#5309=ORIENTED_EDGE('',*,*,#3952,.T.);
#5310=ORIENTED_EDGE('',*,*,#3956,.F.);
#5311=ORIENTED_EDGE('',*,*,#3941,.T.);
#5312=ORIENTED_EDGE('',*,*,#3943,.T.);
#5313=ORIENTED_EDGE('',*,*,#3936,.T.);
#5314=ORIENTED_EDGE('',*,*,#3955,.T.);
#5315=ORIENTED_EDGE('',*,*,#3957,.F.);
#5316=ORIENTED_EDGE('',*,*,#3958,.F.);
#5317=ORIENTED_EDGE('',*,*,#3959,.F.);
#5318=ORIENTED_EDGE('',*,*,#3960,.F.);
#5319=ORIENTED_EDGE('',*,*,#3961,.F.);
#5320=ORIENTED_EDGE('',*,*,#3962,.F.);
#5321=ORIENTED_EDGE('',*,*,#3963,.T.);
#5322=ORIENTED_EDGE('',*,*,#3964,.F.);
#5323=ORIENTED_EDGE('',*,*,#3965,.F.);
#5324=ORIENTED_EDGE('',*,*,#3966,.F.);
#5325=ORIENTED_EDGE('',*,*,#3967,.F.);
#5326=ORIENTED_EDGE('',*,*,#3968,.F.);
#5327=ORIENTED_EDGE('',*,*,#3969,.T.);
#5328=ORIENTED_EDGE('',*,*,#3970,.F.);
#5329=ORIENTED_EDGE('',*,*,#3971,.F.);
#5330=ORIENTED_EDGE('',*,*,#3972,.F.);
#5331=ORIENTED_EDGE('',*,*,#3973,.T.);
#5332=ORIENTED_EDGE('',*,*,#3974,.F.);
#5333=ORIENTED_EDGE('',*,*,#3973,.F.);
#5334=ORIENTED_EDGE('',*,*,#3975,.F.);
#5335=ORIENTED_EDGE('',*,*,#3976,.T.);
#5336=ORIENTED_EDGE('',*,*,#3977,.F.);
#5337=ORIENTED_EDGE('',*,*,#3976,.F.);
#5338=ORIENTED_EDGE('',*,*,#3978,.F.);
#5339=ORIENTED_EDGE('',*,*,#3979,.T.);
#5340=ORIENTED_EDGE('',*,*,#3980,.F.);
#5341=ORIENTED_EDGE('',*,*,#3981,.F.);
#5342=ORIENTED_EDGE('',*,*,#3982,.F.);
#5343=ORIENTED_EDGE('',*,*,#3979,.F.);
#5344=ORIENTED_EDGE('',*,*,#3983,.F.);
#5345=ORIENTED_EDGE('',*,*,#3984,.F.);
#5346=ORIENTED_EDGE('',*,*,#3985,.F.);
#5347=ORIENTED_EDGE('',*,*,#3960,.T.);
#5348=ORIENTED_EDGE('',*,*,#3986,.T.);
#5349=ORIENTED_EDGE('',*,*,#3987,.T.);
#5350=ORIENTED_EDGE('',*,*,#3988,.F.);
#5351=ORIENTED_EDGE('',*,*,#3989,.F.);
#5352=ORIENTED_EDGE('',*,*,#3990,.F.);
#5353=ORIENTED_EDGE('',*,*,#3971,.T.);
#5354=ORIENTED_EDGE('',*,*,#3970,.T.);
#5355=ORIENTED_EDGE('',*,*,#3974,.T.);
#5356=ORIENTED_EDGE('',*,*,#3977,.T.);
#5357=ORIENTED_EDGE('',*,*,#3991,.T.);
#5358=ORIENTED_EDGE('',*,*,#3961,.T.);
#5359=ORIENTED_EDGE('',*,*,#3985,.T.);
#5360=ORIENTED_EDGE('',*,*,#3989,.T.);
#5361=ORIENTED_EDGE('',*,*,#3992,.F.);
#5362=ORIENTED_EDGE('',*,*,#3993,.F.);
#5363=ORIENTED_EDGE('',*,*,#3994,.T.);
#5364=ORIENTED_EDGE('',*,*,#3981,.T.);
#5365=ORIENTED_EDGE('',*,*,#3995,.T.);
#5366=ORIENTED_EDGE('',*,*,#3962,.T.);
#5367=ORIENTED_EDGE('',*,*,#3991,.F.);
#5368=ORIENTED_EDGE('',*,*,#3980,.T.);
#5369=ORIENTED_EDGE('',*,*,#3982,.T.);
#5370=ORIENTED_EDGE('',*,*,#3996,.T.);
#5371=ORIENTED_EDGE('',*,*,#3997,.F.);
#5372=ORIENTED_EDGE('',*,*,#3963,.F.);
#5373=ORIENTED_EDGE('',*,*,#3995,.F.);
#5374=ORIENTED_EDGE('',*,*,#3998,.F.);
#5375=ORIENTED_EDGE('',*,*,#3999,.T.);
#5376=ORIENTED_EDGE('',*,*,#4000,.T.);
#5377=ORIENTED_EDGE('',*,*,#4001,.T.);
#5378=ORIENTED_EDGE('',*,*,#4002,.F.);
#5379=ORIENTED_EDGE('',*,*,#3999,.F.);
#5380=ORIENTED_EDGE('',*,*,#4003,.T.);
#5381=ORIENTED_EDGE('',*,*,#4004,.T.);
#5382=ORIENTED_EDGE('',*,*,#4005,.F.);
#5383=ORIENTED_EDGE('',*,*,#4006,.T.);
#5384=ORIENTED_EDGE('',*,*,#4007,.T.);
#5385=ORIENTED_EDGE('',*,*,#4008,.F.);
#5386=ORIENTED_EDGE('',*,*,#4009,.F.);
#5387=ORIENTED_EDGE('',*,*,#4010,.F.);
#5388=ORIENTED_EDGE('',*,*,#4011,.F.);
#5389=ORIENTED_EDGE('',*,*,#4012,.T.);
#5390=ORIENTED_EDGE('',*,*,#4013,.T.);
#5391=ORIENTED_EDGE('',*,*,#4014,.T.);
#5392=ORIENTED_EDGE('',*,*,#4015,.T.);
#5393=ORIENTED_EDGE('',*,*,#4016,.T.);
#5394=ORIENTED_EDGE('',*,*,#4017,.T.);
#5395=ORIENTED_EDGE('',*,*,#4018,.T.);
#5396=ORIENTED_EDGE('',*,*,#3988,.T.);
#5397=ORIENTED_EDGE('',*,*,#4019,.T.);
#5398=ORIENTED_EDGE('',*,*,#4020,.F.);
#5399=ORIENTED_EDGE('',*,*,#4021,.F.);
#5400=ORIENTED_EDGE('',*,*,#4022,.F.);
#5401=ORIENTED_EDGE('',*,*,#4023,.T.);
#5402=ORIENTED_EDGE('',*,*,#4024,.T.);
#5403=ORIENTED_EDGE('',*,*,#4025,.F.);
#5404=ORIENTED_EDGE('',*,*,#4026,.F.);
#5405=ORIENTED_EDGE('',*,*,#4027,.F.);
#5406=ORIENTED_EDGE('',*,*,#4028,.F.);
#5407=ORIENTED_EDGE('',*,*,#4029,.F.);
#5408=ORIENTED_EDGE('',*,*,#4030,.F.);
#5409=ORIENTED_EDGE('',*,*,#4031,.F.);
#5410=ORIENTED_EDGE('',*,*,#4032,.F.);
#5411=ORIENTED_EDGE('',*,*,#4033,.F.);
#5412=ORIENTED_EDGE('',*,*,#4034,.F.);
#5413=ORIENTED_EDGE('',*,*,#4035,.T.);
#5414=ORIENTED_EDGE('',*,*,#4036,.F.);
#5415=ORIENTED_EDGE('',*,*,#4037,.F.);
#5416=ORIENTED_EDGE('',*,*,#4038,.F.);
#5417=ORIENTED_EDGE('',*,*,#4039,.T.);
#5418=ORIENTED_EDGE('',*,*,#4040,.T.);
#5419=ORIENTED_EDGE('',*,*,#4041,.F.);
#5420=ORIENTED_EDGE('',*,*,#4042,.F.);
#5421=ORIENTED_EDGE('',*,*,#4043,.F.);
#5422=ORIENTED_EDGE('',*,*,#4044,.T.);
#5423=ORIENTED_EDGE('',*,*,#4045,.F.);
#5424=ORIENTED_EDGE('',*,*,#4046,.T.);
#5425=ORIENTED_EDGE('',*,*,#4047,.T.);
#5426=ORIENTED_EDGE('',*,*,#4048,.F.);
#5427=ORIENTED_EDGE('',*,*,#4049,.F.);
#5428=ORIENTED_EDGE('',*,*,#4050,.F.);
#5429=ORIENTED_EDGE('',*,*,#4051,.T.);
#5430=ORIENTED_EDGE('',*,*,#4052,.F.);
#5431=ORIENTED_EDGE('',*,*,#4053,.F.);
#5432=ORIENTED_EDGE('',*,*,#4054,.T.);
#5433=ORIENTED_EDGE('',*,*,#4055,.T.);
#5434=ORIENTED_EDGE('',*,*,#4056,.T.);
#5435=ORIENTED_EDGE('',*,*,#4057,.F.);
#5436=ORIENTED_EDGE('',*,*,#4058,.T.);
#5437=ORIENTED_EDGE('',*,*,#4059,.T.);
#5438=ORIENTED_EDGE('',*,*,#4060,.T.);
#5439=ORIENTED_EDGE('',*,*,#4061,.F.);
#5440=ORIENTED_EDGE('',*,*,#4062,.T.);
#5441=ORIENTED_EDGE('',*,*,#4063,.T.);
#5442=ORIENTED_EDGE('',*,*,#4064,.F.);
#5443=ORIENTED_EDGE('',*,*,#4065,.T.);
#5444=ORIENTED_EDGE('',*,*,#4016,.F.);
#5445=ORIENTED_EDGE('',*,*,#4066,.T.);
#5446=ORIENTED_EDGE('',*,*,#4067,.T.);
#5447=ORIENTED_EDGE('',*,*,#4068,.T.);
#5448=ORIENTED_EDGE('',*,*,#4069,.T.);
#5449=ORIENTED_EDGE('',*,*,#4070,.T.);
#5450=ORIENTED_EDGE('',*,*,#4071,.F.);
#5451=ORIENTED_EDGE('',*,*,#4072,.T.);
#5452=ORIENTED_EDGE('',*,*,#4073,.T.);
#5453=ORIENTED_EDGE('',*,*,#4074,.F.);
#5454=ORIENTED_EDGE('',*,*,#4075,.T.);
#5455=ORIENTED_EDGE('',*,*,#4076,.T.);
#5456=ORIENTED_EDGE('',*,*,#4001,.F.);
#5457=ORIENTED_EDGE('',*,*,#4077,.F.);
#5458=ORIENTED_EDGE('',*,*,#4078,.F.);
#5459=ORIENTED_EDGE('',*,*,#4079,.T.);
#5460=ORIENTED_EDGE('',*,*,#4080,.F.);
#5461=ORIENTED_EDGE('',*,*,#3992,.T.);
#5462=ORIENTED_EDGE('',*,*,#3958,.T.);
#5463=ORIENTED_EDGE('',*,*,#4081,.T.);
#5464=ORIENTED_EDGE('',*,*,#4082,.T.);
#5465=ORIENTED_EDGE('',*,*,#4020,.T.);
#5466=ORIENTED_EDGE('',*,*,#4083,.T.);
#5467=ORIENTED_EDGE('',*,*,#4084,.F.);
#5468=ORIENTED_EDGE('',*,*,#3957,.T.);
#5469=ORIENTED_EDGE('',*,*,#4085,.T.);
#5470=ORIENTED_EDGE('',*,*,#4086,.T.);
#5471=ORIENTED_EDGE('',*,*,#4087,.T.);
#5472=ORIENTED_EDGE('',*,*,#4088,.F.);
#5473=ORIENTED_EDGE('',*,*,#4089,.T.);
#5474=ORIENTED_EDGE('',*,*,#4090,.T.);
#5475=ORIENTED_EDGE('',*,*,#4091,.F.);
#5476=ORIENTED_EDGE('',*,*,#4092,.F.);
#5477=ORIENTED_EDGE('',*,*,#4093,.F.);
#5478=ORIENTED_EDGE('',*,*,#4094,.F.);
#5479=ORIENTED_EDGE('',*,*,#4095,.T.);
#5480=ORIENTED_EDGE('',*,*,#4096,.T.);
#5481=ORIENTED_EDGE('',*,*,#4097,.T.);
#5482=ORIENTED_EDGE('',*,*,#4081,.F.);
#5483=ORIENTED_EDGE('',*,*,#4098,.T.);
#5484=ORIENTED_EDGE('',*,*,#4099,.T.);
#5485=ORIENTED_EDGE('',*,*,#4100,.T.);
#5486=ORIENTED_EDGE('',*,*,#4101,.T.);
#5487=ORIENTED_EDGE('',*,*,#4102,.T.);
#5488=ORIENTED_EDGE('',*,*,#4102,.F.);
#5489=ORIENTED_EDGE('',*,*,#4103,.F.);
#5490=ORIENTED_EDGE('',*,*,#4104,.F.);
#5491=ORIENTED_EDGE('',*,*,#4063,.F.);
#5492=ORIENTED_EDGE('',*,*,#4105,.F.);
#5493=ORIENTED_EDGE('',*,*,#3990,.T.);
#5494=ORIENTED_EDGE('',*,*,#3994,.F.);
#5495=ORIENTED_EDGE('',*,*,#4106,.F.);
#5496=ORIENTED_EDGE('',*,*,#4107,.T.);
#5497=ORIENTED_EDGE('',*,*,#4108,.F.);
#5498=ORIENTED_EDGE('',*,*,#4109,.T.);
#5499=ORIENTED_EDGE('',*,*,#4110,.F.);
#5500=ORIENTED_EDGE('',*,*,#4111,.F.);
#5501=ORIENTED_EDGE('',*,*,#4112,.F.);
#5502=ORIENTED_EDGE('',*,*,#4103,.T.);
#5503=ORIENTED_EDGE('',*,*,#4101,.F.);
#5504=ORIENTED_EDGE('',*,*,#4113,.F.);
#5505=ORIENTED_EDGE('',*,*,#4114,.F.);
#5506=ORIENTED_EDGE('',*,*,#4115,.T.);
#5507=ORIENTED_EDGE('',*,*,#4116,.T.);
#5508=ORIENTED_EDGE('',*,*,#4117,.T.);
#5509=ORIENTED_EDGE('',*,*,#4118,.F.);
#5510=ORIENTED_EDGE('',*,*,#4119,.F.);
#5511=ORIENTED_EDGE('',*,*,#4120,.T.);
#5512=ORIENTED_EDGE('',*,*,#4121,.F.);
#5513=ORIENTED_EDGE('',*,*,#4122,.F.);
#5514=ORIENTED_EDGE('',*,*,#4123,.T.);
#5515=ORIENTED_EDGE('',*,*,#4124,.F.);
#5516=ORIENTED_EDGE('',*,*,#4125,.T.);
#5517=ORIENTED_EDGE('',*,*,#4126,.F.);
#5518=ORIENTED_EDGE('',*,*,#4127,.T.);
#5519=ORIENTED_EDGE('',*,*,#4128,.F.);
#5520=ORIENTED_EDGE('',*,*,#4129,.T.);
#5521=ORIENTED_EDGE('',*,*,#3983,.T.);
#5522=ORIENTED_EDGE('',*,*,#3978,.T.);
#5523=ORIENTED_EDGE('',*,*,#3975,.T.);
#5524=ORIENTED_EDGE('',*,*,#3972,.T.);
#5525=ORIENTED_EDGE('',*,*,#4130,.T.);
#5526=ORIENTED_EDGE('',*,*,#4131,.T.);
#5527=ORIENTED_EDGE('',*,*,#4132,.T.);
#5528=ORIENTED_EDGE('',*,*,#4133,.T.);
#5529=ORIENTED_EDGE('',*,*,#4134,.T.);
#5530=ORIENTED_EDGE('',*,*,#4135,.T.);
#5531=ORIENTED_EDGE('',*,*,#4136,.T.);
#5532=ORIENTED_EDGE('',*,*,#4137,.T.);
#5533=ORIENTED_EDGE('',*,*,#4138,.T.);
#5534=ORIENTED_EDGE('',*,*,#4139,.T.);
#5535=ORIENTED_EDGE('',*,*,#4140,.T.);
#5536=ORIENTED_EDGE('',*,*,#4141,.T.);
#5537=ORIENTED_EDGE('',*,*,#4142,.T.);
#5538=ORIENTED_EDGE('',*,*,#4143,.T.);
#5539=ORIENTED_EDGE('',*,*,#4144,.T.);
#5540=ORIENTED_EDGE('',*,*,#4145,.T.);
#5541=ORIENTED_EDGE('',*,*,#4124,.T.);
#5542=ORIENTED_EDGE('',*,*,#4146,.T.);
#5543=ORIENTED_EDGE('',*,*,#4147,.T.);
#5544=ORIENTED_EDGE('',*,*,#4148,.T.);
#5545=ORIENTED_EDGE('',*,*,#4146,.F.);
#5546=ORIENTED_EDGE('',*,*,#4123,.F.);
#5547=ORIENTED_EDGE('',*,*,#4149,.F.);
#5548=ORIENTED_EDGE('',*,*,#4150,.F.);
#5549=ORIENTED_EDGE('',*,*,#4151,.T.);
#5550=ORIENTED_EDGE('',*,*,#4119,.T.);
#5551=ORIENTED_EDGE('',*,*,#4152,.F.);
#5552=ORIENTED_EDGE('',*,*,#4153,.F.);
#5553=ORIENTED_EDGE('',*,*,#4154,.F.);
#5554=ORIENTED_EDGE('',*,*,#4155,.F.);
#5555=ORIENTED_EDGE('',*,*,#4156,.T.);
#5556=ORIENTED_EDGE('',*,*,#4157,.T.);
#5557=ORIENTED_EDGE('',*,*,#4158,.T.);
#5558=ORIENTED_EDGE('',*,*,#4159,.T.);
#5559=ORIENTED_EDGE('',*,*,#4160,.T.);
#5560=ORIENTED_EDGE('',*,*,#4161,.T.);
#5561=ORIENTED_EDGE('',*,*,#4157,.F.);
#5562=ORIENTED_EDGE('',*,*,#4162,.T.);
#5563=ORIENTED_EDGE('',*,*,#4159,.F.);
#5564=ORIENTED_EDGE('',*,*,#4163,.F.);
#5565=ORIENTED_EDGE('',*,*,#4164,.F.);
#5566=ORIENTED_EDGE('',*,*,#4165,.F.);
#5567=ORIENTED_EDGE('',*,*,#4166,.F.);
#5568=ORIENTED_EDGE('',*,*,#4167,.F.);
#5569=ORIENTED_EDGE('',*,*,#4168,.T.);
#5570=ORIENTED_EDGE('',*,*,#4169,.T.);
#5571=ORIENTED_EDGE('',*,*,#4170,.T.);
#5572=ORIENTED_EDGE('',*,*,#4171,.T.);
#5573=ORIENTED_EDGE('',*,*,#4172,.T.);
#5574=ORIENTED_EDGE('',*,*,#4173,.T.);
#5575=ORIENTED_EDGE('',*,*,#4174,.T.);
#5576=ORIENTED_EDGE('',*,*,#4175,.T.);
#5577=ORIENTED_EDGE('',*,*,#4176,.T.);
#5578=ORIENTED_EDGE('',*,*,#4177,.T.);
#5579=ORIENTED_EDGE('',*,*,#4178,.T.);
#5580=ORIENTED_EDGE('',*,*,#4179,.T.);
#5581=ORIENTED_EDGE('',*,*,#4158,.F.);
#5582=ORIENTED_EDGE('',*,*,#4180,.T.);
#5583=ORIENTED_EDGE('',*,*,#4181,.F.);
#5584=ORIENTED_EDGE('',*,*,#4163,.T.);
#5585=ORIENTED_EDGE('',*,*,#4161,.F.);
#5586=ORIENTED_EDGE('',*,*,#4182,.T.);
#5587=ORIENTED_EDGE('',*,*,#4183,.F.);
#5588=ORIENTED_EDGE('',*,*,#4184,.T.);
#5589=ORIENTED_EDGE('',*,*,#4185,.F.);
#5590=ORIENTED_EDGE('',*,*,#4186,.F.);
#5591=ORIENTED_EDGE('',*,*,#4187,.F.);
#5592=ORIENTED_EDGE('',*,*,#4180,.F.);
#5593=ORIENTED_EDGE('',*,*,#4181,.T.);
#5594=ORIENTED_EDGE('',*,*,#4188,.T.);
#5595=ORIENTED_EDGE('',*,*,#4189,.T.);
#5596=ORIENTED_EDGE('',*,*,#4164,.T.);
#5597=ORIENTED_EDGE('',*,*,#4190,.T.);
#5598=ORIENTED_EDGE('',*,*,#4191,.T.);
#5599=ORIENTED_EDGE('',*,*,#4188,.F.);
#5600=ORIENTED_EDGE('',*,*,#4187,.T.);
#5601=ORIENTED_EDGE('',*,*,#4189,.F.);
#5602=ORIENTED_EDGE('',*,*,#4192,.T.);
#5603=ORIENTED_EDGE('',*,*,#4193,.T.);
#5604=ORIENTED_EDGE('',*,*,#4165,.T.);
#5605=ORIENTED_EDGE('',*,*,#4191,.F.);
#5606=ORIENTED_EDGE('',*,*,#4194,.T.);
#5607=ORIENTED_EDGE('',*,*,#4195,.T.);
#5608=ORIENTED_EDGE('',*,*,#4196,.F.);
#5609=ORIENTED_EDGE('',*,*,#4044,.F.);
#5610=ORIENTED_EDGE('',*,*,#4197,.T.);
#5611=ORIENTED_EDGE('',*,*,#4198,.T.);
#5612=ORIENTED_EDGE('',*,*,#4199,.T.);
#5613=ORIENTED_EDGE('',*,*,#4192,.F.);
#5614=ORIENTED_EDGE('',*,*,#4200,.T.);
#5615=ORIENTED_EDGE('',*,*,#4201,.T.);
#5616=ORIENTED_EDGE('',*,*,#4202,.T.);
#5617=ORIENTED_EDGE('',*,*,#4153,.T.);
#5618=ORIENTED_EDGE('',*,*,#4201,.F.);
#5619=ORIENTED_EDGE('',*,*,#4203,.T.);
#5620=ORIENTED_EDGE('',*,*,#4204,.F.);
#5621=ORIENTED_EDGE('',*,*,#4205,.T.);
#5622=ORIENTED_EDGE('',*,*,#4200,.F.);
#5623=ORIENTED_EDGE('',*,*,#4152,.T.);
#5624=ORIENTED_EDGE('',*,*,#4118,.T.);
#5625=ORIENTED_EDGE('',*,*,#4206,.T.);
#5626=ORIENTED_EDGE('',*,*,#4207,.F.);
#5627=ORIENTED_EDGE('',*,*,#4208,.F.);
#5628=ORIENTED_EDGE('',*,*,#4209,.F.);
#5629=ORIENTED_EDGE('',*,*,#4210,.T.);
#5630=ORIENTED_EDGE('',*,*,#4211,.F.);
#5631=ORIENTED_EDGE('',*,*,#4212,.F.);
#5632=ORIENTED_EDGE('',*,*,#4213,.F.);
#5633=ORIENTED_EDGE('',*,*,#4214,.F.);
#5634=ORIENTED_EDGE('',*,*,#4215,.F.);
#5635=ORIENTED_EDGE('',*,*,#4184,.F.);
#5636=ORIENTED_EDGE('',*,*,#4216,.F.);
#5637=ORIENTED_EDGE('',*,*,#4217,.T.);
#5638=ORIENTED_EDGE('',*,*,#4218,.F.);
#5639=ORIENTED_EDGE('',*,*,#4219,.F.);
#5640=ORIENTED_EDGE('',*,*,#4220,.F.);
#5641=ORIENTED_EDGE('',*,*,#4221,.F.);
#5642=ORIENTED_EDGE('',*,*,#4222,.F.);
#5643=ORIENTED_EDGE('',*,*,#4203,.F.);
#5644=ORIENTED_EDGE('',*,*,#4223,.F.);
#5645=ORIENTED_EDGE('',*,*,#4045,.T.);
#5646=ORIENTED_EDGE('',*,*,#4196,.T.);
#5647=ORIENTED_EDGE('',*,*,#4224,.T.);
#5648=ORIENTED_EDGE('',*,*,#4225,.T.);
#5649=ORIENTED_EDGE('',*,*,#4226,.F.);
#5650=ORIENTED_EDGE('',*,*,#4227,.F.);
#5651=ORIENTED_EDGE('',*,*,#4228,.T.);
#5652=ORIENTED_EDGE('',*,*,#4041,.T.);
#5653=ORIENTED_EDGE('',*,*,#4229,.T.);
#5654=ORIENTED_EDGE('',*,*,#4230,.T.);
#5655=ORIENTED_EDGE('',*,*,#4231,.T.);
#5656=ORIENTED_EDGE('',*,*,#4232,.T.);
#5657=ORIENTED_EDGE('',*,*,#4222,.T.);
#5658=ORIENTED_EDGE('',*,*,#4233,.T.);
#5659=ORIENTED_EDGE('',*,*,#4234,.T.);
#5660=ORIENTED_EDGE('',*,*,#4204,.T.);
#5661=ORIENTED_EDGE('',*,*,#4233,.F.);
#5662=ORIENTED_EDGE('',*,*,#4221,.T.);
#5663=ORIENTED_EDGE('',*,*,#4235,.F.);
#5664=ORIENTED_EDGE('',*,*,#4236,.F.);
#5665=ORIENTED_EDGE('',*,*,#4220,.T.);
#5666=ORIENTED_EDGE('',*,*,#4237,.T.);
#5667=ORIENTED_EDGE('',*,*,#4238,.T.);
#5668=ORIENTED_EDGE('',*,*,#4235,.T.);
#5669=ORIENTED_EDGE('',*,*,#4237,.F.);
#5670=ORIENTED_EDGE('',*,*,#4219,.T.);
#5671=ORIENTED_EDGE('',*,*,#4239,.F.);
#5672=ORIENTED_EDGE('',*,*,#4240,.T.);
#5673=ORIENTED_EDGE('',*,*,#4241,.T.);
#5674=ORIENTED_EDGE('',*,*,#4242,.T.);
#5675=ORIENTED_EDGE('',*,*,#4207,.T.);
#5676=ORIENTED_EDGE('',*,*,#4243,.T.);
#5677=ORIENTED_EDGE('',*,*,#4100,.F.);
#5678=ORIENTED_EDGE('',*,*,#4244,.F.);
#5679=ORIENTED_EDGE('',*,*,#4245,.F.);
#5680=ORIENTED_EDGE('',*,*,#4243,.F.);
#5681=ORIENTED_EDGE('',*,*,#4206,.F.);
#5682=ORIENTED_EDGE('',*,*,#4117,.F.);
#5683=ORIENTED_EDGE('',*,*,#4246,.T.);
#5684=ORIENTED_EDGE('',*,*,#4247,.F.);
#5685=ORIENTED_EDGE('',*,*,#4248,.F.);
#5686=ORIENTED_EDGE('',*,*,#4113,.T.);
#5687=ORIENTED_EDGE('',*,*,#4249,.T.);
#5688=ORIENTED_EDGE('',*,*,#4250,.T.);
#5689=ORIENTED_EDGE('',*,*,#4209,.T.);
#5690=ORIENTED_EDGE('',*,*,#4251,.T.);
#5691=ORIENTED_EDGE('',*,*,#4250,.F.);
#5692=ORIENTED_EDGE('',*,*,#4252,.T.);
#5693=ORIENTED_EDGE('',*,*,#4253,.F.);
#5694=ORIENTED_EDGE('',*,*,#4210,.F.);
#5695=ORIENTED_EDGE('',*,*,#4254,.T.);
#5696=ORIENTED_EDGE('',*,*,#4255,.T.);
#5697=ORIENTED_EDGE('',*,*,#4211,.T.);
#5698=ORIENTED_EDGE('',*,*,#4253,.T.);
#5699=ORIENTED_EDGE('',*,*,#4213,.T.);
#5700=ORIENTED_EDGE('',*,*,#4256,.T.);
#5701=ORIENTED_EDGE('',*,*,#4257,.T.);
#5702=ORIENTED_EDGE('',*,*,#4258,.T.);
#5703=ORIENTED_EDGE('',*,*,#4258,.F.);
#5704=ORIENTED_EDGE('',*,*,#4259,.F.);
#5705=ORIENTED_EDGE('',*,*,#4260,.F.);
#5706=ORIENTED_EDGE('',*,*,#4214,.T.);
#5707=ORIENTED_EDGE('',*,*,#4215,.T.);
#5708=ORIENTED_EDGE('',*,*,#4260,.T.);
#5709=ORIENTED_EDGE('',*,*,#4261,.T.);
#5710=ORIENTED_EDGE('',*,*,#4185,.T.);
#5711=ORIENTED_EDGE('',*,*,#4262,.T.);
#5712=ORIENTED_EDGE('',*,*,#4263,.T.);
#5713=ORIENTED_EDGE('',*,*,#4216,.T.);
#5714=ORIENTED_EDGE('',*,*,#4183,.T.);
#5715=ORIENTED_EDGE('',*,*,#4263,.F.);
#5716=ORIENTED_EDGE('',*,*,#4264,.T.);
#5717=ORIENTED_EDGE('',*,*,#4265,.F.);
#5718=ORIENTED_EDGE('',*,*,#4217,.F.);
#5719=ORIENTED_EDGE('',*,*,#4266,.T.);
#5720=ORIENTED_EDGE('',*,*,#4239,.T.);
#5721=ORIENTED_EDGE('',*,*,#4218,.T.);
#5722=ORIENTED_EDGE('',*,*,#4265,.T.);
#5723=ORIENTED_EDGE('',*,*,#4112,.T.);
#5724=ORIENTED_EDGE('',*,*,#4267,.T.);
#5725=ORIENTED_EDGE('',*,*,#4064,.T.);
#5726=ORIENTED_EDGE('',*,*,#4104,.T.);
#5727=ORIENTED_EDGE('',*,*,#4267,.F.);
#5728=ORIENTED_EDGE('',*,*,#4111,.T.);
#5729=ORIENTED_EDGE('',*,*,#4268,.F.);
#5730=ORIENTED_EDGE('',*,*,#4269,.F.);
#5731=ORIENTED_EDGE('',*,*,#4270,.F.);
#5732=ORIENTED_EDGE('',*,*,#4068,.F.);
#5733=ORIENTED_EDGE('',*,*,#4271,.F.);
#5734=ORIENTED_EDGE('',*,*,#4272,.T.);
#5735=ORIENTED_EDGE('',*,*,#4273,.F.);
#5736=ORIENTED_EDGE('',*,*,#4017,.F.);
#5737=ORIENTED_EDGE('',*,*,#4065,.F.);
#5738=ORIENTED_EDGE('',*,*,#4022,.T.);
#5739=ORIENTED_EDGE('',*,*,#4274,.T.);
#5740=ORIENTED_EDGE('',*,*,#4126,.T.);
#5741=ORIENTED_EDGE('',*,*,#4275,.T.);
#5742=ORIENTED_EDGE('',*,*,#4274,.F.);
#5743=ORIENTED_EDGE('',*,*,#4021,.T.);
#5744=ORIENTED_EDGE('',*,*,#4082,.F.);
#5745=ORIENTED_EDGE('',*,*,#4097,.F.);
#5746=ORIENTED_EDGE('',*,*,#4276,.T.);
#5747=ORIENTED_EDGE('',*,*,#4277,.F.);
#5748=ORIENTED_EDGE('',*,*,#4127,.F.);
#5749=ORIENTED_EDGE('',*,*,#4078,.T.);
#5750=ORIENTED_EDGE('',*,*,#4278,.T.);
#5751=ORIENTED_EDGE('',*,*,#4108,.T.);
#5752=ORIENTED_EDGE('',*,*,#4279,.T.);
#5753=ORIENTED_EDGE('',*,*,#4278,.F.);
#5754=ORIENTED_EDGE('',*,*,#4077,.T.);
#5755=ORIENTED_EDGE('',*,*,#4000,.F.);
#5756=ORIENTED_EDGE('',*,*,#4013,.F.);
#5757=ORIENTED_EDGE('',*,*,#4280,.T.);
#5758=ORIENTED_EDGE('',*,*,#4281,.T.);
#5759=ORIENTED_EDGE('',*,*,#4074,.T.);
#5760=ORIENTED_EDGE('',*,*,#4282,.F.);
#5761=ORIENTED_EDGE('',*,*,#4283,.T.);
#5762=ORIENTED_EDGE('',*,*,#4284,.F.);
#5763=ORIENTED_EDGE('',*,*,#4109,.F.);
#5764=ORIENTED_EDGE('',*,*,#4080,.T.);
#5765=ORIENTED_EDGE('',*,*,#4285,.T.);
#5766=ORIENTED_EDGE('',*,*,#4106,.T.);
#5767=ORIENTED_EDGE('',*,*,#3993,.T.);
#5768=ORIENTED_EDGE('',*,*,#4286,.T.);
#5769=ORIENTED_EDGE('',*,*,#4287,.T.);
#5770=ORIENTED_EDGE('',*,*,#4268,.T.);
#5771=ORIENTED_EDGE('',*,*,#4110,.T.);
#5772=ORIENTED_EDGE('',*,*,#4284,.T.);
#5773=ORIENTED_EDGE('',*,*,#4288,.T.);
#5774=ORIENTED_EDGE('',*,*,#4289,.T.);
#5775=ORIENTED_EDGE('',*,*,#4290,.T.);
#5776=ORIENTED_EDGE('',*,*,#4291,.T.);
#5777=ORIENTED_EDGE('',*,*,#4071,.T.);
#5778=ORIENTED_EDGE('',*,*,#4018,.F.);
#5779=ORIENTED_EDGE('',*,*,#4273,.T.);
#5780=ORIENTED_EDGE('',*,*,#4292,.T.);
#5781=ORIENTED_EDGE('',*,*,#4293,.T.);
#5782=ORIENTED_EDGE('',*,*,#4005,.T.);
#5783=ORIENTED_EDGE('',*,*,#4294,.T.);
#5784=ORIENTED_EDGE('',*,*,#4295,.T.);
#5785=ORIENTED_EDGE('',*,*,#4296,.T.);
#5786=ORIENTED_EDGE('',*,*,#4296,.F.);
#5787=ORIENTED_EDGE('',*,*,#4297,.T.);
#5788=ORIENTED_EDGE('',*,*,#4298,.T.);
#5789=ORIENTED_EDGE('',*,*,#4006,.F.);
#5790=ORIENTED_EDGE('',*,*,#4295,.F.);
#5791=ORIENTED_EDGE('',*,*,#4299,.F.);
#5792=ORIENTED_EDGE('',*,*,#4300,.T.);
#5793=ORIENTED_EDGE('',*,*,#4301,.F.);
#5794=ORIENTED_EDGE('',*,*,#4075,.F.);
#5795=ORIENTED_EDGE('',*,*,#4281,.F.);
#5796=ORIENTED_EDGE('',*,*,#4302,.T.);
#5797=ORIENTED_EDGE('',*,*,#4303,.F.);
#5798=ORIENTED_EDGE('',*,*,#4304,.T.);
#5799=ORIENTED_EDGE('',*,*,#4305,.F.);
#5800=ORIENTED_EDGE('',*,*,#4306,.T.);
#5801=ORIENTED_EDGE('',*,*,#4307,.T.);
#5802=ORIENTED_EDGE('',*,*,#4297,.F.);
#5803=ORIENTED_EDGE('',*,*,#4308,.T.);
#5804=ORIENTED_EDGE('',*,*,#4303,.T.);
#5805=ORIENTED_EDGE('',*,*,#4309,.T.);
#5806=ORIENTED_EDGE('',*,*,#4011,.T.);
#5807=ORIENTED_EDGE('',*,*,#4310,.T.);
#5808=ORIENTED_EDGE('',*,*,#4310,.F.);
#5809=ORIENTED_EDGE('',*,*,#4010,.T.);
#5810=ORIENTED_EDGE('',*,*,#4311,.F.);
#5811=ORIENTED_EDGE('',*,*,#4304,.F.);
#5812=ORIENTED_EDGE('',*,*,#4305,.T.);
#5813=ORIENTED_EDGE('',*,*,#4311,.T.);
#5814=ORIENTED_EDGE('',*,*,#4009,.T.);
#5815=ORIENTED_EDGE('',*,*,#4312,.T.);
#5816=ORIENTED_EDGE('',*,*,#4312,.F.);
#5817=ORIENTED_EDGE('',*,*,#4008,.T.);
#5818=ORIENTED_EDGE('',*,*,#4313,.T.);
#5819=ORIENTED_EDGE('',*,*,#4306,.F.);
#5820=ORIENTED_EDGE('',*,*,#4308,.F.);
#5821=ORIENTED_EDGE('',*,*,#4314,.T.);
#5822=ORIENTED_EDGE('',*,*,#4014,.F.);
#5823=ORIENTED_EDGE('',*,*,#4314,.F.);
#5824=ORIENTED_EDGE('',*,*,#4007,.F.);
#5825=ORIENTED_EDGE('',*,*,#4298,.F.);
#5826=ORIENTED_EDGE('',*,*,#4307,.F.);
#5827=ORIENTED_EDGE('',*,*,#4313,.F.);
#5828=ORIENTED_EDGE('',*,*,#4309,.F.);
#5829=ORIENTED_EDGE('',*,*,#4302,.F.);
#5830=ORIENTED_EDGE('',*,*,#4280,.F.);
#5831=ORIENTED_EDGE('',*,*,#4012,.F.);
#5832=ORIENTED_EDGE('',*,*,#4069,.F.);
#5833=ORIENTED_EDGE('',*,*,#4270,.T.);
#5834=ORIENTED_EDGE('',*,*,#4315,.T.);
#5835=ORIENTED_EDGE('',*,*,#4316,.T.);
#5836=ORIENTED_EDGE('',*,*,#4073,.F.);
#5837=ORIENTED_EDGE('',*,*,#4317,.T.);
#5838=ORIENTED_EDGE('',*,*,#4318,.T.);
#5839=ORIENTED_EDGE('',*,*,#4319,.T.);
#5840=ORIENTED_EDGE('',*,*,#4320,.T.);
#5841=ORIENTED_EDGE('',*,*,#4282,.T.);
#5842=ORIENTED_EDGE('',*,*,#4315,.F.);
#5843=ORIENTED_EDGE('',*,*,#4269,.T.);
#5844=ORIENTED_EDGE('',*,*,#4287,.F.);
#5845=ORIENTED_EDGE('',*,*,#4321,.F.);
#5846=ORIENTED_EDGE('',*,*,#4070,.F.);
#5847=ORIENTED_EDGE('',*,*,#4316,.F.);
#5848=ORIENTED_EDGE('',*,*,#4321,.T.);
#5849=ORIENTED_EDGE('',*,*,#4286,.F.);
#5850=ORIENTED_EDGE('',*,*,#4072,.F.);
#5851=ORIENTED_EDGE('',*,*,#4291,.F.);
#5852=ORIENTED_EDGE('',*,*,#4322,.F.);
#5853=ORIENTED_EDGE('',*,*,#4317,.F.);
#5854=ORIENTED_EDGE('',*,*,#4318,.F.);
#5855=ORIENTED_EDGE('',*,*,#4322,.T.);
#5856=ORIENTED_EDGE('',*,*,#4290,.F.);
#5857=ORIENTED_EDGE('',*,*,#4323,.F.);
#5858=ORIENTED_EDGE('',*,*,#4319,.F.);
#5859=ORIENTED_EDGE('',*,*,#4323,.T.);
#5860=ORIENTED_EDGE('',*,*,#4289,.F.);
#5861=ORIENTED_EDGE('',*,*,#4324,.F.);
#5862=ORIENTED_EDGE('',*,*,#4320,.F.);
#5863=ORIENTED_EDGE('',*,*,#4324,.T.);
#5864=ORIENTED_EDGE('',*,*,#4288,.F.);
#5865=ORIENTED_EDGE('',*,*,#4283,.F.);
#5866=ORIENTED_EDGE('',*,*,#4067,.F.);
#5867=ORIENTED_EDGE('',*,*,#4325,.T.);
#5868=ORIENTED_EDGE('',*,*,#4326,.T.);
#5869=ORIENTED_EDGE('',*,*,#4271,.T.);
#5870=ORIENTED_EDGE('',*,*,#4300,.F.);
#5871=ORIENTED_EDGE('',*,*,#4327,.T.);
#5872=ORIENTED_EDGE('',*,*,#4003,.F.);
#5873=ORIENTED_EDGE('',*,*,#3998,.T.);
#5874=ORIENTED_EDGE('',*,*,#4328,.F.);
#5875=ORIENTED_EDGE('',*,*,#4301,.T.);
#5876=ORIENTED_EDGE('',*,*,#4328,.T.);
#5877=ORIENTED_EDGE('',*,*,#4002,.T.);
#5878=ORIENTED_EDGE('',*,*,#4076,.F.);
#5879=ORIENTED_EDGE('',*,*,#4325,.F.);
#5880=ORIENTED_EDGE('',*,*,#4066,.F.);
#5881=ORIENTED_EDGE('',*,*,#4015,.F.);
#5882=ORIENTED_EDGE('',*,*,#4293,.F.);
#5883=ORIENTED_EDGE('',*,*,#4329,.F.);
#5884=ORIENTED_EDGE('',*,*,#4326,.F.);
#5885=ORIENTED_EDGE('',*,*,#4329,.T.);
#5886=ORIENTED_EDGE('',*,*,#4292,.F.);
#5887=ORIENTED_EDGE('',*,*,#4272,.F.);
#5888=ORIENTED_EDGE('',*,*,#4294,.F.);
#5889=ORIENTED_EDGE('',*,*,#4004,.F.);
#5890=ORIENTED_EDGE('',*,*,#4327,.F.);
#5891=ORIENTED_EDGE('',*,*,#4299,.T.);
#5892=ORIENTED_EDGE('',*,*,#4019,.F.);
#5893=ORIENTED_EDGE('',*,*,#3987,.F.);
#5894=ORIENTED_EDGE('',*,*,#4330,.T.);
#5895=ORIENTED_EDGE('',*,*,#4083,.F.);
#5896=ORIENTED_EDGE('',*,*,#4088,.T.);
#5897=ORIENTED_EDGE('',*,*,#4331,.T.);
#5898=ORIENTED_EDGE('',*,*,#4332,.T.);
#5899=ORIENTED_EDGE('',*,*,#4333,.T.);
#5900=ORIENTED_EDGE('',*,*,#4333,.F.);
#5901=ORIENTED_EDGE('',*,*,#4334,.T.);
#5902=ORIENTED_EDGE('',*,*,#4335,.T.);
#5903=ORIENTED_EDGE('',*,*,#4089,.F.);
#5904=ORIENTED_EDGE('',*,*,#4332,.F.);
#5905=ORIENTED_EDGE('',*,*,#4336,.F.);
#5906=ORIENTED_EDGE('',*,*,#4337,.T.);
#5907=ORIENTED_EDGE('',*,*,#4338,.F.);
#5908=ORIENTED_EDGE('',*,*,#3968,.T.);
#5909=ORIENTED_EDGE('',*,*,#4339,.F.);
#5910=ORIENTED_EDGE('',*,*,#4340,.T.);
#5911=ORIENTED_EDGE('',*,*,#4341,.F.);
#5912=ORIENTED_EDGE('',*,*,#4342,.T.);
#5913=ORIENTED_EDGE('',*,*,#4343,.F.);
#5914=ORIENTED_EDGE('',*,*,#4344,.T.);
#5915=ORIENTED_EDGE('',*,*,#4345,.T.);
#5916=ORIENTED_EDGE('',*,*,#4334,.F.);
#5917=ORIENTED_EDGE('',*,*,#4346,.T.);
#5918=ORIENTED_EDGE('',*,*,#4341,.T.);
#5919=ORIENTED_EDGE('',*,*,#4347,.T.);
#5920=ORIENTED_EDGE('',*,*,#4094,.T.);
#5921=ORIENTED_EDGE('',*,*,#4348,.T.);
#5922=ORIENTED_EDGE('',*,*,#4348,.F.);
#5923=ORIENTED_EDGE('',*,*,#4093,.T.);
#5924=ORIENTED_EDGE('',*,*,#4349,.F.);
#5925=ORIENTED_EDGE('',*,*,#4342,.F.);
#5926=ORIENTED_EDGE('',*,*,#4343,.T.);
#5927=ORIENTED_EDGE('',*,*,#4349,.T.);
#5928=ORIENTED_EDGE('',*,*,#4092,.T.);
#5929=ORIENTED_EDGE('',*,*,#4350,.T.);
#5930=ORIENTED_EDGE('',*,*,#4350,.F.);
#5931=ORIENTED_EDGE('',*,*,#4091,.T.);
#5932=ORIENTED_EDGE('',*,*,#4351,.T.);
#5933=ORIENTED_EDGE('',*,*,#4344,.F.);
#5934=ORIENTED_EDGE('',*,*,#4346,.F.);
#5935=ORIENTED_EDGE('',*,*,#4352,.T.);
#5936=ORIENTED_EDGE('',*,*,#4098,.F.);
#5937=ORIENTED_EDGE('',*,*,#4352,.F.);
#5938=ORIENTED_EDGE('',*,*,#4090,.F.);
#5939=ORIENTED_EDGE('',*,*,#4335,.F.);
#5940=ORIENTED_EDGE('',*,*,#4345,.F.);
#5941=ORIENTED_EDGE('',*,*,#4351,.F.);
#5942=ORIENTED_EDGE('',*,*,#4347,.F.);
#5943=ORIENTED_EDGE('',*,*,#4340,.F.);
#5944=ORIENTED_EDGE('',*,*,#4353,.F.);
#5945=ORIENTED_EDGE('',*,*,#4095,.F.);
#5946=ORIENTED_EDGE('',*,*,#3967,.T.);
#5947=ORIENTED_EDGE('',*,*,#4354,.F.);
#5948=ORIENTED_EDGE('',*,*,#4355,.T.);
#5949=ORIENTED_EDGE('',*,*,#4356,.F.);
#5950=ORIENTED_EDGE('',*,*,#4276,.F.);
#5951=ORIENTED_EDGE('',*,*,#4096,.F.);
#5952=ORIENTED_EDGE('',*,*,#4353,.T.);
#5953=ORIENTED_EDGE('',*,*,#4339,.T.);
#5954=ORIENTED_EDGE('',*,*,#3966,.T.);
#5955=ORIENTED_EDGE('',*,*,#4357,.T.);
#5956=ORIENTED_EDGE('',*,*,#4358,.T.);
#5957=ORIENTED_EDGE('',*,*,#4359,.T.);
#5958=ORIENTED_EDGE('',*,*,#4360,.T.);
#5959=ORIENTED_EDGE('',*,*,#4354,.T.);
#5960=ORIENTED_EDGE('',*,*,#3984,.T.);
#5961=ORIENTED_EDGE('',*,*,#4129,.F.);
#5962=ORIENTED_EDGE('',*,*,#4361,.F.);
#5963=ORIENTED_EDGE('',*,*,#3996,.F.);
#5964=ORIENTED_EDGE('',*,*,#4357,.F.);
#5965=ORIENTED_EDGE('',*,*,#3965,.T.);
#5966=ORIENTED_EDGE('',*,*,#4362,.F.);
#5967=ORIENTED_EDGE('',*,*,#4363,.F.);
#5968=ORIENTED_EDGE('',*,*,#4358,.F.);
#5969=ORIENTED_EDGE('',*,*,#4363,.T.);
#5970=ORIENTED_EDGE('',*,*,#4364,.F.);
#5971=ORIENTED_EDGE('',*,*,#4365,.F.);
#5972=ORIENTED_EDGE('',*,*,#4359,.F.);
#5973=ORIENTED_EDGE('',*,*,#4365,.T.);
#5974=ORIENTED_EDGE('',*,*,#4366,.F.);
#5975=ORIENTED_EDGE('',*,*,#4367,.F.);
#5976=ORIENTED_EDGE('',*,*,#4360,.F.);
#5977=ORIENTED_EDGE('',*,*,#4367,.T.);
#5978=ORIENTED_EDGE('',*,*,#4368,.F.);
#5979=ORIENTED_EDGE('',*,*,#4355,.F.);
#5980=ORIENTED_EDGE('',*,*,#4337,.F.);
#5981=ORIENTED_EDGE('',*,*,#4369,.T.);
#5982=ORIENTED_EDGE('',*,*,#4086,.F.);
#5983=ORIENTED_EDGE('',*,*,#4370,.F.);
#5984=ORIENTED_EDGE('',*,*,#4338,.T.);
#5985=ORIENTED_EDGE('',*,*,#4370,.T.);
#5986=ORIENTED_EDGE('',*,*,#4085,.F.);
#5987=ORIENTED_EDGE('',*,*,#3969,.F.);
#5988=ORIENTED_EDGE('',*,*,#3986,.F.);
#5989=ORIENTED_EDGE('',*,*,#3959,.T.);
#5990=ORIENTED_EDGE('',*,*,#4084,.T.);
#5991=ORIENTED_EDGE('',*,*,#4330,.F.);
#5992=ORIENTED_EDGE('',*,*,#4331,.F.);
#5993=ORIENTED_EDGE('',*,*,#4087,.F.);
#5994=ORIENTED_EDGE('',*,*,#4369,.F.);
#5995=ORIENTED_EDGE('',*,*,#4336,.T.);
#5996=ORIENTED_EDGE('',*,*,#4361,.T.);
#5997=ORIENTED_EDGE('',*,*,#4128,.T.);
#5998=ORIENTED_EDGE('',*,*,#4277,.T.);
#5999=ORIENTED_EDGE('',*,*,#4356,.T.);
#6000=ORIENTED_EDGE('',*,*,#4368,.T.);
#6001=ORIENTED_EDGE('',*,*,#4366,.T.);
#6002=ORIENTED_EDGE('',*,*,#4364,.T.);
#6003=ORIENTED_EDGE('',*,*,#4362,.T.);
#6004=ORIENTED_EDGE('',*,*,#3964,.T.);
#6005=ORIENTED_EDGE('',*,*,#3997,.T.);
#6006=ORIENTED_EDGE('',*,*,#4148,.F.);
#6007=ORIENTED_EDGE('',*,*,#4371,.F.);
#6008=ORIENTED_EDGE('',*,*,#4023,.F.);
#6009=ORIENTED_EDGE('',*,*,#4275,.F.);
#6010=ORIENTED_EDGE('',*,*,#4125,.F.);
#6011=ORIENTED_EDGE('',*,*,#4029,.T.);
#6012=ORIENTED_EDGE('',*,*,#4372,.T.);
#6013=ORIENTED_EDGE('',*,*,#4373,.F.);
#6014=ORIENTED_EDGE('',*,*,#4374,.T.);
#6015=ORIENTED_EDGE('',*,*,#4375,.F.);
#6016=ORIENTED_EDGE('',*,*,#4376,.T.);
#6017=ORIENTED_EDGE('',*,*,#4377,.F.);
#6018=ORIENTED_EDGE('',*,*,#4378,.F.);
#6019=ORIENTED_EDGE('',*,*,#4379,.F.);
#6020=ORIENTED_EDGE('',*,*,#4380,.F.);
#6021=ORIENTED_EDGE('',*,*,#4381,.F.);
#6022=ORIENTED_EDGE('',*,*,#4382,.F.);
#6023=ORIENTED_EDGE('',*,*,#4383,.F.);
#6024=ORIENTED_EDGE('',*,*,#4384,.F.);
#6025=ORIENTED_EDGE('',*,*,#4385,.F.);
#6026=ORIENTED_EDGE('',*,*,#4386,.F.);
#6027=ORIENTED_EDGE('',*,*,#4387,.F.);
#6028=ORIENTED_EDGE('',*,*,#4388,.F.);
#6029=ORIENTED_EDGE('',*,*,#4389,.F.);
#6030=ORIENTED_EDGE('',*,*,#4390,.F.);
#6031=ORIENTED_EDGE('',*,*,#4391,.F.);
#6032=ORIENTED_EDGE('',*,*,#4392,.F.);
#6033=ORIENTED_EDGE('',*,*,#4393,.F.);
#6034=ORIENTED_EDGE('',*,*,#4394,.F.);
#6035=ORIENTED_EDGE('',*,*,#4395,.F.);
#6036=ORIENTED_EDGE('',*,*,#4396,.F.);
#6037=ORIENTED_EDGE('',*,*,#4279,.F.);
#6038=ORIENTED_EDGE('',*,*,#4107,.F.);
#6039=ORIENTED_EDGE('',*,*,#4285,.F.);
#6040=ORIENTED_EDGE('',*,*,#4079,.F.);
#6041=ORIENTED_EDGE('',*,*,#4057,.T.);
#6042=ORIENTED_EDGE('',*,*,#4397,.T.);
#6043=ORIENTED_EDGE('',*,*,#4398,.F.);
#6044=ORIENTED_EDGE('',*,*,#4399,.T.);
#6045=ORIENTED_EDGE('',*,*,#4400,.F.);
#6046=ORIENTED_EDGE('',*,*,#4401,.T.);
#6047=ORIENTED_EDGE('',*,*,#4402,.F.);
#6048=ORIENTED_EDGE('',*,*,#4403,.F.);
#6049=ORIENTED_EDGE('',*,*,#4404,.F.);
#6050=ORIENTED_EDGE('',*,*,#4405,.F.);
#6051=ORIENTED_EDGE('',*,*,#4406,.F.);
#6052=ORIENTED_EDGE('',*,*,#4407,.F.);
#6053=ORIENTED_EDGE('',*,*,#4408,.F.);
#6054=ORIENTED_EDGE('',*,*,#4409,.F.);
#6055=ORIENTED_EDGE('',*,*,#4410,.F.);
#6056=ORIENTED_EDGE('',*,*,#4411,.F.);
#6057=ORIENTED_EDGE('',*,*,#4412,.F.);
#6058=ORIENTED_EDGE('',*,*,#4413,.F.);
#6059=ORIENTED_EDGE('',*,*,#4414,.F.);
#6060=ORIENTED_EDGE('',*,*,#4415,.F.);
#6061=ORIENTED_EDGE('',*,*,#4416,.F.);
#6062=ORIENTED_EDGE('',*,*,#4417,.F.);
#6063=ORIENTED_EDGE('',*,*,#4418,.F.);
#6064=ORIENTED_EDGE('',*,*,#4419,.F.);
#6065=ORIENTED_EDGE('',*,*,#4420,.F.);
#6066=ORIENTED_EDGE('',*,*,#4421,.F.);
#6067=ORIENTED_EDGE('',*,*,#4422,.F.);
#6068=ORIENTED_EDGE('',*,*,#4423,.T.);
#6069=ORIENTED_EDGE('',*,*,#4232,.F.);
#6070=ORIENTED_EDGE('',*,*,#4423,.F.);
#6071=ORIENTED_EDGE('',*,*,#4424,.F.);
#6072=ORIENTED_EDGE('',*,*,#4425,.T.);
#6073=ORIENTED_EDGE('',*,*,#4231,.F.);
#6074=ORIENTED_EDGE('',*,*,#4425,.F.);
#6075=ORIENTED_EDGE('',*,*,#4426,.F.);
#6076=ORIENTED_EDGE('',*,*,#4427,.T.);
#6077=ORIENTED_EDGE('',*,*,#4230,.F.);
#6078=ORIENTED_EDGE('',*,*,#4427,.F.);
#6079=ORIENTED_EDGE('',*,*,#4428,.F.);
#6080=ORIENTED_EDGE('',*,*,#4429,.T.);
#6081=ORIENTED_EDGE('',*,*,#4229,.F.);
#6082=ORIENTED_EDGE('',*,*,#4429,.F.);
#6083=ORIENTED_EDGE('',*,*,#4255,.F.);
#6084=ORIENTED_EDGE('',*,*,#4430,.T.);
#6085=ORIENTED_EDGE('',*,*,#4256,.F.);
#6086=ORIENTED_EDGE('',*,*,#4212,.T.);
#6087=ORIENTED_EDGE('',*,*,#4242,.F.);
#6088=ORIENTED_EDGE('',*,*,#4431,.F.);
#6089=ORIENTED_EDGE('',*,*,#4251,.F.);
#6090=ORIENTED_EDGE('',*,*,#4208,.T.);
#6091=ORIENTED_EDGE('',*,*,#4147,.F.);
#6092=ORIENTED_EDGE('',*,*,#4155,.T.);
#6093=ORIENTED_EDGE('',*,*,#4432,.F.);
#6094=ORIENTED_EDGE('',*,*,#4433,.F.);
#6095=ORIENTED_EDGE('',*,*,#4371,.T.);
#6096=ORIENTED_EDGE('',*,*,#4150,.T.);
#6097=ORIENTED_EDGE('',*,*,#4434,.F.);
#6098=ORIENTED_EDGE('',*,*,#4435,.F.);
#6099=ORIENTED_EDGE('',*,*,#4436,.T.);
#6100=ORIENTED_EDGE('',*,*,#4024,.F.);
#6101=ORIENTED_EDGE('',*,*,#4433,.T.);
#6102=ORIENTED_EDGE('',*,*,#4437,.F.);
#6103=ORIENTED_EDGE('',*,*,#4226,.T.);
#6104=ORIENTED_EDGE('',*,*,#4040,.F.);
#6105=ORIENTED_EDGE('',*,*,#4435,.T.);
#6106=ORIENTED_EDGE('',*,*,#4039,.F.);
#6107=ORIENTED_EDGE('',*,*,#4438,.F.);
#6108=ORIENTED_EDGE('',*,*,#4439,.F.);
#6109=ORIENTED_EDGE('',*,*,#4440,.F.);
#6110=ORIENTED_EDGE('',*,*,#4035,.F.);
#6111=ORIENTED_EDGE('',*,*,#4441,.T.);
#6112=ORIENTED_EDGE('',*,*,#4120,.F.);
#6113=ORIENTED_EDGE('',*,*,#4151,.F.);
#6114=ORIENTED_EDGE('',*,*,#4436,.F.);
#6115=ORIENTED_EDGE('',*,*,#4442,.F.);
#6116=ORIENTED_EDGE('',*,*,#4247,.T.);
#6117=ORIENTED_EDGE('',*,*,#4443,.T.);
#6118=ORIENTED_EDGE('',*,*,#4444,.F.);
#6119=ORIENTED_EDGE('',*,*,#4099,.F.);
#6120=ORIENTED_EDGE('',*,*,#4105,.T.);
#6121=ORIENTED_EDGE('',*,*,#4445,.F.);
#6122=ORIENTED_EDGE('',*,*,#4446,.T.);
#6123=ORIENTED_EDGE('',*,*,#4244,.T.);
#6124=ORIENTED_EDGE('',*,*,#4445,.T.);
#6125=ORIENTED_EDGE('',*,*,#4062,.F.);
#6126=ORIENTED_EDGE('',*,*,#4444,.T.);
#6127=ORIENTED_EDGE('',*,*,#4046,.F.);
#6128=ORIENTED_EDGE('',*,*,#4223,.T.);
#6129=ORIENTED_EDGE('',*,*,#4447,.F.);
#6130=ORIENTED_EDGE('',*,*,#4448,.F.);
#6131=ORIENTED_EDGE('',*,*,#4449,.T.);
#6132=ORIENTED_EDGE('',*,*,#4225,.F.);
#6133=ORIENTED_EDGE('',*,*,#4449,.F.);
#6134=ORIENTED_EDGE('',*,*,#4144,.F.);
#6135=ORIENTED_EDGE('',*,*,#4450,.F.);
#6136=ORIENTED_EDGE('',*,*,#4451,.F.);
#6137=ORIENTED_EDGE('',*,*,#4452,.F.);
#6138=ORIENTED_EDGE('',*,*,#4453,.T.);
#6139=ORIENTED_EDGE('',*,*,#4145,.F.);
#6140=ORIENTED_EDGE('',*,*,#4453,.F.);
#6141=ORIENTED_EDGE('',*,*,#4031,.T.);
#6142=ORIENTED_EDGE('',*,*,#4454,.T.);
#6143=ORIENTED_EDGE('',*,*,#4142,.F.);
#6144=ORIENTED_EDGE('',*,*,#4454,.F.);
#6145=ORIENTED_EDGE('',*,*,#4455,.F.);
#6146=ORIENTED_EDGE('',*,*,#4456,.F.);
#6147=ORIENTED_EDGE('',*,*,#4457,.T.);
#6148=ORIENTED_EDGE('',*,*,#4143,.F.);
#6149=ORIENTED_EDGE('',*,*,#4457,.F.);
#6150=ORIENTED_EDGE('',*,*,#4458,.F.);
#6151=ORIENTED_EDGE('',*,*,#4450,.T.);
#6152=ORIENTED_EDGE('',*,*,#4140,.F.);
#6153=ORIENTED_EDGE('',*,*,#4459,.F.);
#6154=ORIENTED_EDGE('',*,*,#4460,.F.);
#6155=ORIENTED_EDGE('',*,*,#4461,.F.);
#6156=ORIENTED_EDGE('',*,*,#4462,.T.);
#6157=ORIENTED_EDGE('',*,*,#4141,.F.);
#6158=ORIENTED_EDGE('',*,*,#4462,.F.);
#6159=ORIENTED_EDGE('',*,*,#4055,.F.);
#6160=ORIENTED_EDGE('',*,*,#4463,.T.);
#6161=ORIENTED_EDGE('',*,*,#4138,.F.);
#6162=ORIENTED_EDGE('',*,*,#4463,.F.);
#6163=ORIENTED_EDGE('',*,*,#4464,.F.);
#6164=ORIENTED_EDGE('',*,*,#4465,.F.);
#6165=ORIENTED_EDGE('',*,*,#4466,.T.);
#6166=ORIENTED_EDGE('',*,*,#4139,.F.);
#6167=ORIENTED_EDGE('',*,*,#4466,.F.);
#6168=ORIENTED_EDGE('',*,*,#4467,.F.);
#6169=ORIENTED_EDGE('',*,*,#4459,.T.);
#6170=ORIENTED_EDGE('',*,*,#4137,.F.);
#6171=ORIENTED_EDGE('',*,*,#4468,.F.);
#6172=ORIENTED_EDGE('',*,*,#4469,.F.);
#6173=ORIENTED_EDGE('',*,*,#4470,.F.);
#6174=ORIENTED_EDGE('',*,*,#4471,.T.);
#6175=ORIENTED_EDGE('',*,*,#4136,.F.);
#6176=ORIENTED_EDGE('',*,*,#4472,.F.);
#6177=ORIENTED_EDGE('',*,*,#4027,.T.);
#6178=ORIENTED_EDGE('',*,*,#4468,.T.);
#6179=ORIENTED_EDGE('',*,*,#4134,.F.);
#6180=ORIENTED_EDGE('',*,*,#4471,.F.);
#6181=ORIENTED_EDGE('',*,*,#4473,.F.);
#6182=ORIENTED_EDGE('',*,*,#4474,.T.);
#6183=ORIENTED_EDGE('',*,*,#4135,.F.);
#6184=ORIENTED_EDGE('',*,*,#4474,.F.);
#6185=ORIENTED_EDGE('',*,*,#4475,.F.);
#6186=ORIENTED_EDGE('',*,*,#4476,.F.);
#6187=ORIENTED_EDGE('',*,*,#4472,.T.);
#6188=ORIENTED_EDGE('',*,*,#4133,.F.);
#6189=ORIENTED_EDGE('',*,*,#4477,.F.);
#6190=ORIENTED_EDGE('',*,*,#4478,.F.);
#6191=ORIENTED_EDGE('',*,*,#4479,.F.);
#6192=ORIENTED_EDGE('',*,*,#4480,.T.);
#6193=ORIENTED_EDGE('',*,*,#4132,.F.);
#6194=ORIENTED_EDGE('',*,*,#4481,.F.);
#6195=ORIENTED_EDGE('',*,*,#4059,.F.);
#6196=ORIENTED_EDGE('',*,*,#4477,.T.);
#6197=ORIENTED_EDGE('',*,*,#4130,.F.);
#6198=ORIENTED_EDGE('',*,*,#4480,.F.);
#6199=ORIENTED_EDGE('',*,*,#4482,.F.);
#6200=ORIENTED_EDGE('',*,*,#4483,.T.);
#6201=ORIENTED_EDGE('',*,*,#4131,.F.);
#6202=ORIENTED_EDGE('',*,*,#4483,.F.);
#6203=ORIENTED_EDGE('',*,*,#4484,.F.);
#6204=ORIENTED_EDGE('',*,*,#4485,.F.);
#6205=ORIENTED_EDGE('',*,*,#4481,.T.);
#6206=ORIENTED_EDGE('',*,*,#4452,.T.);
#6207=ORIENTED_EDGE('',*,*,#4486,.T.);
#6208=ORIENTED_EDGE('',*,*,#4487,.F.);
#6209=ORIENTED_EDGE('',*,*,#4036,.T.);
#6210=ORIENTED_EDGE('',*,*,#4440,.T.);
#6211=ORIENTED_EDGE('',*,*,#4488,.F.);
#6212=ORIENTED_EDGE('',*,*,#4489,.T.);
#6213=ORIENTED_EDGE('',*,*,#4032,.T.);
#6214=ORIENTED_EDGE('',*,*,#4455,.T.);
#6215=ORIENTED_EDGE('',*,*,#4030,.T.);
#6216=ORIENTED_EDGE('',*,*,#4376,.F.);
#6217=ORIENTED_EDGE('',*,*,#4490,.F.);
#6218=ORIENTED_EDGE('',*,*,#4491,.F.);
#6219=ORIENTED_EDGE('',*,*,#4492,.T.);
#6220=ORIENTED_EDGE('',*,*,#4461,.T.);
#6221=ORIENTED_EDGE('',*,*,#4493,.F.);
#6222=ORIENTED_EDGE('',*,*,#4494,.F.);
#6223=ORIENTED_EDGE('',*,*,#4495,.F.);
#6224=ORIENTED_EDGE('',*,*,#4397,.F.);
#6225=ORIENTED_EDGE('',*,*,#4056,.F.);
#6226=ORIENTED_EDGE('',*,*,#4464,.T.);
#6227=ORIENTED_EDGE('',*,*,#4054,.F.);
#6228=ORIENTED_EDGE('',*,*,#4496,.F.);
#6229=ORIENTED_EDGE('',*,*,#4497,.T.);
#6230=ORIENTED_EDGE('',*,*,#4498,.T.);
#6231=ORIENTED_EDGE('',*,*,#4050,.T.);
#6232=ORIENTED_EDGE('',*,*,#4499,.F.);
#6233=ORIENTED_EDGE('',*,*,#4500,.F.);
#6234=ORIENTED_EDGE('',*,*,#4476,.T.);
#6235=ORIENTED_EDGE('',*,*,#4501,.F.);
#6236=ORIENTED_EDGE('',*,*,#4502,.F.);
#6237=ORIENTED_EDGE('',*,*,#4503,.F.);
#6238=ORIENTED_EDGE('',*,*,#4372,.F.);
#6239=ORIENTED_EDGE('',*,*,#4028,.T.);
#6240=ORIENTED_EDGE('',*,*,#4469,.T.);
#6241=ORIENTED_EDGE('',*,*,#4026,.T.);
#6242=ORIENTED_EDGE('',*,*,#4504,.T.);
#6243=ORIENTED_EDGE('',*,*,#4505,.T.);
#6244=ORIENTED_EDGE('',*,*,#4438,.T.);
#6245=ORIENTED_EDGE('',*,*,#4038,.T.);
#6246=ORIENTED_EDGE('',*,*,#4506,.F.);
#6247=ORIENTED_EDGE('',*,*,#4507,.F.);
#6248=ORIENTED_EDGE('',*,*,#4485,.T.);
#6249=ORIENTED_EDGE('',*,*,#4508,.T.);
#6250=ORIENTED_EDGE('',*,*,#4509,.F.);
#6251=ORIENTED_EDGE('',*,*,#4048,.T.);
#6252=ORIENTED_EDGE('',*,*,#4510,.T.);
#6253=ORIENTED_EDGE('',*,*,#4511,.F.);
#6254=ORIENTED_EDGE('',*,*,#4512,.F.);
#6255=ORIENTED_EDGE('',*,*,#4060,.F.);
#6256=ORIENTED_EDGE('',*,*,#4478,.T.);
#6257=ORIENTED_EDGE('',*,*,#4058,.F.);
#6258=ORIENTED_EDGE('',*,*,#4401,.F.);
#6259=ORIENTED_EDGE('',*,*,#4513,.F.);
#6260=ORIENTED_EDGE('',*,*,#4514,.F.);
#6261=ORIENTED_EDGE('',*,*,#4515,.T.);
#6262=ORIENTED_EDGE('',*,*,#4037,.T.);
#6263=ORIENTED_EDGE('',*,*,#4487,.T.);
#6264=ORIENTED_EDGE('',*,*,#4516,.T.);
#6265=ORIENTED_EDGE('',*,*,#4517,.T.);
#6266=ORIENTED_EDGE('',*,*,#4518,.F.);
#6267=ORIENTED_EDGE('',*,*,#4519,.T.);
#6268=ORIENTED_EDGE('',*,*,#4520,.T.);
#6269=ORIENTED_EDGE('',*,*,#4506,.T.);
#6270=ORIENTED_EDGE('',*,*,#4521,.T.);
#6271=ORIENTED_EDGE('',*,*,#4522,.T.);
#6272=ORIENTED_EDGE('',*,*,#4398,.T.);
#6273=ORIENTED_EDGE('',*,*,#4495,.T.);
#6274=ORIENTED_EDGE('',*,*,#4523,.T.);
#6275=ORIENTED_EDGE('',*,*,#4513,.T.);
#6276=ORIENTED_EDGE('',*,*,#4400,.T.);
#6277=ORIENTED_EDGE('',*,*,#4524,.T.);
#6278=ORIENTED_EDGE('',*,*,#4525,.T.);
#6279=ORIENTED_EDGE('',*,*,#4490,.T.);
#6280=ORIENTED_EDGE('',*,*,#4375,.T.);
#6281=ORIENTED_EDGE('',*,*,#4526,.T.);
#6282=ORIENTED_EDGE('',*,*,#4526,.F.);
#6283=ORIENTED_EDGE('',*,*,#4374,.F.);
#6284=ORIENTED_EDGE('',*,*,#4527,.F.);
#6285=ORIENTED_EDGE('',*,*,#4528,.F.);
#6286=ORIENTED_EDGE('',*,*,#4529,.T.);
#6287=ORIENTED_EDGE('',*,*,#4527,.T.);
#6288=ORIENTED_EDGE('',*,*,#4373,.T.);
#6289=ORIENTED_EDGE('',*,*,#4503,.T.);
#6290=ORIENTED_EDGE('',*,*,#4530,.T.);
#6291=ORIENTED_EDGE('',*,*,#4531,.T.);
#6292=ORIENTED_EDGE('',*,*,#4166,.T.);
#6293=ORIENTED_EDGE('',*,*,#4193,.F.);
#6294=ORIENTED_EDGE('',*,*,#4156,.F.);
#6295=ORIENTED_EDGE('',*,*,#4167,.T.);
#6296=ORIENTED_EDGE('',*,*,#4531,.F.);
#6297=ORIENTED_EDGE('',*,*,#4532,.T.);
#6298=ORIENTED_EDGE('',*,*,#4530,.F.);
#6299=ORIENTED_EDGE('',*,*,#4199,.F.);
#6300=ORIENTED_EDGE('',*,*,#4533,.F.);
#6301=ORIENTED_EDGE('',*,*,#4534,.F.);
#6302=ORIENTED_EDGE('',*,*,#4535,.T.);
#6303=ORIENTED_EDGE('',*,*,#4533,.T.);
#6304=ORIENTED_EDGE('',*,*,#4198,.F.);
#6305=ORIENTED_EDGE('',*,*,#4536,.T.);
#6306=ORIENTED_EDGE('',*,*,#4536,.F.);
#6307=ORIENTED_EDGE('',*,*,#4197,.F.);
#6308=ORIENTED_EDGE('',*,*,#4043,.T.);
#6309=ORIENTED_EDGE('',*,*,#4537,.F.);
#6310=ORIENTED_EDGE('',*,*,#4448,.T.);
#6311=ORIENTED_EDGE('',*,*,#4241,.F.);
#6312=ORIENTED_EDGE('',*,*,#4245,.T.);
#6313=ORIENTED_EDGE('',*,*,#4446,.F.);
#6314=ORIENTED_EDGE('',*,*,#4538,.F.);
#6315=ORIENTED_EDGE('',*,*,#4194,.F.);
#6316=ORIENTED_EDGE('',*,*,#4190,.F.);
#6317=ORIENTED_EDGE('',*,*,#4186,.T.);
#6318=ORIENTED_EDGE('',*,*,#4261,.F.);
#6319=ORIENTED_EDGE('',*,*,#4259,.T.);
#6320=ORIENTED_EDGE('',*,*,#4257,.F.);
#6321=ORIENTED_EDGE('',*,*,#4430,.F.);
#6322=ORIENTED_EDGE('',*,*,#4254,.F.);
#6323=ORIENTED_EDGE('',*,*,#4252,.F.);
#6324=ORIENTED_EDGE('',*,*,#4249,.F.);
#6325=ORIENTED_EDGE('',*,*,#4431,.T.);
#6326=ORIENTED_EDGE('',*,*,#4424,.T.);
#6327=ORIENTED_EDGE('',*,*,#4428,.T.);
#6328=ORIENTED_EDGE('',*,*,#4202,.F.);
#6329=ORIENTED_EDGE('',*,*,#4205,.F.);
#6330=ORIENTED_EDGE('',*,*,#4234,.F.);
#6331=ORIENTED_EDGE('',*,*,#4236,.T.);
#6332=ORIENTED_EDGE('',*,*,#4238,.F.);
#6333=ORIENTED_EDGE('',*,*,#4240,.F.);
#6334=ORIENTED_EDGE('',*,*,#4266,.F.);
#6335=ORIENTED_EDGE('',*,*,#4264,.F.);
#6336=ORIENTED_EDGE('',*,*,#4262,.F.);
#6337=ORIENTED_EDGE('',*,*,#4182,.F.);
#6338=ORIENTED_EDGE('',*,*,#4160,.F.);
#6339=ORIENTED_EDGE('',*,*,#4539,.F.);
#6340=ORIENTED_EDGE('',*,*,#4540,.T.);
#6341=ORIENTED_EDGE('',*,*,#4432,.T.);
#6342=ORIENTED_EDGE('',*,*,#4154,.T.);
#6343=ORIENTED_EDGE('',*,*,#4422,.T.);
#6344=ORIENTED_EDGE('',*,*,#4426,.T.);
#6345=ORIENTED_EDGE('',*,*,#4034,.T.);
#6346=ORIENTED_EDGE('',*,*,#4541,.T.);
#6347=ORIENTED_EDGE('',*,*,#4121,.T.);
#6348=ORIENTED_EDGE('',*,*,#4441,.F.);
#6349=ORIENTED_EDGE('',*,*,#4162,.F.);
#6350=ORIENTED_EDGE('',*,*,#4532,.F.);
#6351=ORIENTED_EDGE('',*,*,#4534,.T.);
#6352=ORIENTED_EDGE('',*,*,#4535,.F.);
#6353=ORIENTED_EDGE('',*,*,#4537,.T.);
#6354=ORIENTED_EDGE('',*,*,#4042,.T.);
#6355=ORIENTED_EDGE('',*,*,#4228,.F.);
#6356=ORIENTED_EDGE('',*,*,#4542,.T.);
#6357=ORIENTED_EDGE('',*,*,#4539,.T.);
#6358=ORIENTED_EDGE('',*,*,#4052,.T.);
#6359=ORIENTED_EDGE('',*,*,#4543,.F.);
#6360=ORIENTED_EDGE('',*,*,#4115,.F.);
#6361=ORIENTED_EDGE('',*,*,#4544,.T.);
#6362=ORIENTED_EDGE('',*,*,#4437,.T.);
#6363=ORIENTED_EDGE('',*,*,#4540,.F.);
#6364=ORIENTED_EDGE('',*,*,#4542,.F.);
#6365=ORIENTED_EDGE('',*,*,#4227,.T.);
#6366=ORIENTED_EDGE('',*,*,#4447,.T.);
#6367=ORIENTED_EDGE('',*,*,#4224,.F.);
#6368=ORIENTED_EDGE('',*,*,#4195,.F.);
#6369=ORIENTED_EDGE('',*,*,#4538,.T.);
#6370=ORIENTED_EDGE('',*,*,#4543,.T.);
#6371=ORIENTED_EDGE('',*,*,#4051,.F.);
#6372=ORIENTED_EDGE('',*,*,#4498,.F.);
#6373=ORIENTED_EDGE('',*,*,#4545,.F.);
#6374=ORIENTED_EDGE('',*,*,#4510,.F.);
#6375=ORIENTED_EDGE('',*,*,#4047,.F.);
#6376=ORIENTED_EDGE('',*,*,#4443,.F.);
#6377=ORIENTED_EDGE('',*,*,#4246,.F.);
#6378=ORIENTED_EDGE('',*,*,#4116,.F.);
#6379=ORIENTED_EDGE('',*,*,#4439,.T.);
#6380=ORIENTED_EDGE('',*,*,#4505,.F.);
#6381=ORIENTED_EDGE('',*,*,#4546,.T.);
#6382=ORIENTED_EDGE('',*,*,#4488,.T.);
#6383=ORIENTED_EDGE('',*,*,#4547,.F.);
#6384=ORIENTED_EDGE('',*,*,#4548,.F.);
#6385=ORIENTED_EDGE('',*,*,#4548,.T.);
#6386=ORIENTED_EDGE('',*,*,#4549,.T.);
#6387=ORIENTED_EDGE('',*,*,#4550,.T.);
#6388=ORIENTED_EDGE('',*,*,#4549,.F.);
#6389=ORIENTED_EDGE('',*,*,#4550,.F.);
#6390=ORIENTED_EDGE('',*,*,#4174,.F.);
#6391=ORIENTED_EDGE('',*,*,#4551,.F.);
#6392=ORIENTED_EDGE('',*,*,#4552,.F.);
#6393=ORIENTED_EDGE('',*,*,#4553,.F.);
#6394=ORIENTED_EDGE('',*,*,#4554,.F.);
#6395=ORIENTED_EDGE('',*,*,#4555,.F.);
#6396=ORIENTED_EDGE('',*,*,#4556,.F.);
#6397=ORIENTED_EDGE('',*,*,#4175,.F.);
#6398=ORIENTED_EDGE('',*,*,#4556,.T.);
#6399=ORIENTED_EDGE('',*,*,#4557,.T.);
#6400=ORIENTED_EDGE('',*,*,#4558,.T.);
#6401=ORIENTED_EDGE('',*,*,#4176,.F.);
#6402=ORIENTED_EDGE('',*,*,#4558,.F.);
#6403=ORIENTED_EDGE('',*,*,#4559,.F.);
#6404=ORIENTED_EDGE('',*,*,#4560,.F.);
#6405=ORIENTED_EDGE('',*,*,#4561,.F.);
#6406=ORIENTED_EDGE('',*,*,#4562,.F.);
#6407=ORIENTED_EDGE('',*,*,#4563,.F.);
#6408=ORIENTED_EDGE('',*,*,#4177,.F.);
#6409=ORIENTED_EDGE('',*,*,#4563,.T.);
#6410=ORIENTED_EDGE('',*,*,#4564,.T.);
#6411=ORIENTED_EDGE('',*,*,#4565,.T.);
#6412=ORIENTED_EDGE('',*,*,#4178,.F.);
#6413=ORIENTED_EDGE('',*,*,#4565,.F.);
#6414=ORIENTED_EDGE('',*,*,#4566,.F.);
#6415=ORIENTED_EDGE('',*,*,#4567,.F.);
#6416=ORIENTED_EDGE('',*,*,#4568,.F.);
#6417=ORIENTED_EDGE('',*,*,#4569,.F.);
#6418=ORIENTED_EDGE('',*,*,#4570,.F.);
#6419=ORIENTED_EDGE('',*,*,#4179,.F.);
#6420=ORIENTED_EDGE('',*,*,#4570,.T.);
#6421=ORIENTED_EDGE('',*,*,#4571,.T.);
#6422=ORIENTED_EDGE('',*,*,#4572,.T.);
#6423=ORIENTED_EDGE('',*,*,#4171,.F.);
#6424=ORIENTED_EDGE('',*,*,#4573,.T.);
#6425=ORIENTED_EDGE('',*,*,#4574,.T.);
#6426=ORIENTED_EDGE('',*,*,#4575,.T.);
#6427=ORIENTED_EDGE('',*,*,#4576,.F.);
#6428=ORIENTED_EDGE('',*,*,#4577,.T.);
#6429=ORIENTED_EDGE('',*,*,#4574,.F.);
#6430=ORIENTED_EDGE('',*,*,#4578,.T.);
#6431=ORIENTED_EDGE('',*,*,#4579,.F.);
#6432=ORIENTED_EDGE('',*,*,#4580,.T.);
#6433=ORIENTED_EDGE('',*,*,#4581,.T.);
#6434=ORIENTED_EDGE('',*,*,#4582,.T.);
#6435=ORIENTED_EDGE('',*,*,#4583,.T.);
#6436=ORIENTED_EDGE('',*,*,#4584,.T.);
#6437=ORIENTED_EDGE('',*,*,#4585,.T.);
#6438=ORIENTED_EDGE('',*,*,#4586,.T.);
#6439=ORIENTED_EDGE('',*,*,#4580,.F.);
#6440=ORIENTED_EDGE('',*,*,#4547,.T.);
#6441=ORIENTED_EDGE('',*,*,#4587,.T.);
#6442=ORIENTED_EDGE('',*,*,#4579,.T.);
#6443=ORIENTED_EDGE('',*,*,#4587,.F.);
#6444=ORIENTED_EDGE('',*,*,#4554,.T.);
#6445=ORIENTED_EDGE('',*,*,#4586,.F.);
#6446=ORIENTED_EDGE('',*,*,#4560,.T.);
#6447=ORIENTED_EDGE('',*,*,#4588,.T.);
#6448=ORIENTED_EDGE('',*,*,#4589,.T.);
#6449=ORIENTED_EDGE('',*,*,#4581,.F.);
#6450=ORIENTED_EDGE('',*,*,#4553,.T.);
#6451=ORIENTED_EDGE('',*,*,#4590,.T.);
#6452=ORIENTED_EDGE('',*,*,#4591,.T.);
#6453=ORIENTED_EDGE('',*,*,#4582,.F.);
#6454=ORIENTED_EDGE('',*,*,#4592,.T.);
#6455=ORIENTED_EDGE('',*,*,#4576,.T.);
#6456=ORIENTED_EDGE('',*,*,#4561,.T.);
#6457=ORIENTED_EDGE('',*,*,#4585,.F.);
#6458=ORIENTED_EDGE('',*,*,#4567,.T.);
#6459=ORIENTED_EDGE('',*,*,#4593,.T.);
#6460=ORIENTED_EDGE('',*,*,#4594,.T.);
#6461=ORIENTED_EDGE('',*,*,#4583,.F.);
#6462=ORIENTED_EDGE('',*,*,#4595,.T.);
#6463=ORIENTED_EDGE('',*,*,#4596,.T.);
#6464=ORIENTED_EDGE('',*,*,#4568,.T.);
#6465=ORIENTED_EDGE('',*,*,#4584,.F.);
#6466=ORIENTED_EDGE('',*,*,#4597,.T.);
#6467=ORIENTED_EDGE('',*,*,#4598,.T.);
#6468=ORIENTED_EDGE('',*,*,#4170,.F.);
#6469=ORIENTED_EDGE('',*,*,#4599,.F.);
#6470=ORIENTED_EDGE('',*,*,#4600,.F.);
#6471=ORIENTED_EDGE('',*,*,#4595,.F.);
#6472=ORIENTED_EDGE('',*,*,#4591,.F.);
#6473=ORIENTED_EDGE('',*,*,#4578,.F.);
#6474=ORIENTED_EDGE('',*,*,#4573,.F.);
#6475=ORIENTED_EDGE('',*,*,#4172,.F.);
#6476=ORIENTED_EDGE('',*,*,#4575,.F.);
#6477=ORIENTED_EDGE('',*,*,#4577,.F.);
#6478=ORIENTED_EDGE('',*,*,#4592,.F.);
#6479=ORIENTED_EDGE('',*,*,#4589,.F.);
#6480=ORIENTED_EDGE('',*,*,#4601,.F.);
#6481=ORIENTED_EDGE('',*,*,#4602,.F.);
#6482=ORIENTED_EDGE('',*,*,#4168,.F.);
#6483=ORIENTED_EDGE('',*,*,#4572,.F.);
#6484=ORIENTED_EDGE('',*,*,#4603,.F.);
#6485=ORIENTED_EDGE('',*,*,#4597,.F.);
#6486=ORIENTED_EDGE('',*,*,#4594,.F.);
#6487=ORIENTED_EDGE('',*,*,#4604,.F.);
#6488=ORIENTED_EDGE('',*,*,#4605,.F.);
#6489=ORIENTED_EDGE('',*,*,#4569,.T.);
#6490=ORIENTED_EDGE('',*,*,#4598,.F.);
#6491=ORIENTED_EDGE('',*,*,#4603,.T.);
#6492=ORIENTED_EDGE('',*,*,#4571,.F.);
#6493=ORIENTED_EDGE('',*,*,#4604,.T.);
#6494=ORIENTED_EDGE('',*,*,#4596,.F.);
#6495=ORIENTED_EDGE('',*,*,#4600,.T.);
#6496=ORIENTED_EDGE('',*,*,#4606,.F.);
#6497=ORIENTED_EDGE('',*,*,#4562,.T.);
#6498=ORIENTED_EDGE('',*,*,#4593,.F.);
#6499=ORIENTED_EDGE('',*,*,#4566,.T.);
#6500=ORIENTED_EDGE('',*,*,#4564,.F.);
#6501=ORIENTED_EDGE('',*,*,#4555,.T.);
#6502=ORIENTED_EDGE('',*,*,#4588,.F.);
#6503=ORIENTED_EDGE('',*,*,#4559,.T.);
#6504=ORIENTED_EDGE('',*,*,#4557,.F.);
#6505=ORIENTED_EDGE('',*,*,#4601,.T.);
#6506=ORIENTED_EDGE('',*,*,#4590,.F.);
#6507=ORIENTED_EDGE('',*,*,#4552,.T.);
#6508=ORIENTED_EDGE('',*,*,#4607,.F.);
#6509=ORIENTED_EDGE('',*,*,#4173,.F.);
#6510=ORIENTED_EDGE('',*,*,#4602,.T.);
#6511=ORIENTED_EDGE('',*,*,#4607,.T.);
#6512=ORIENTED_EDGE('',*,*,#4551,.T.);
#6513=ORIENTED_EDGE('',*,*,#4169,.F.);
#6514=ORIENTED_EDGE('',*,*,#4605,.T.);
#6515=ORIENTED_EDGE('',*,*,#4606,.T.);
#6516=ORIENTED_EDGE('',*,*,#4599,.T.);
#6517=ORIENTED_EDGE('',*,*,#4608,.F.);
#6518=ORIENTED_EDGE('',*,*,#4609,.F.);
#6519=ORIENTED_EDGE('',*,*,#4610,.F.);
#6520=ORIENTED_EDGE('',*,*,#4611,.F.);
#6521=ORIENTED_EDGE('',*,*,#4612,.T.);
#6522=ORIENTED_EDGE('',*,*,#4611,.T.);
#6523=ORIENTED_EDGE('',*,*,#4613,.F.);
#6524=ORIENTED_EDGE('',*,*,#4614,.F.);
#6525=ORIENTED_EDGE('',*,*,#4615,.F.);
#6526=ORIENTED_EDGE('',*,*,#4614,.T.);
#6527=ORIENTED_EDGE('',*,*,#4616,.F.);
#6528=ORIENTED_EDGE('',*,*,#4617,.F.);
#6529=ORIENTED_EDGE('',*,*,#4616,.T.);
#6530=ORIENTED_EDGE('',*,*,#4613,.T.);
#6531=ORIENTED_EDGE('',*,*,#4610,.T.);
#6532=ORIENTED_EDGE('',*,*,#4618,.F.);
#6533=ORIENTED_EDGE('',*,*,#4465,.T.);
#6534=ORIENTED_EDGE('',*,*,#4500,.T.);
#6535=ORIENTED_EDGE('',*,*,#4619,.F.);
#6536=ORIENTED_EDGE('',*,*,#4617,.T.);
#6537=ORIENTED_EDGE('',*,*,#4618,.T.);
#6538=ORIENTED_EDGE('',*,*,#4609,.T.);
#6539=ORIENTED_EDGE('',*,*,#4620,.F.);
#6540=ORIENTED_EDGE('',*,*,#4508,.F.);
#6541=ORIENTED_EDGE('',*,*,#4484,.T.);
#6542=ORIENTED_EDGE('',*,*,#4482,.T.);
#6543=ORIENTED_EDGE('',*,*,#4479,.T.);
#6544=ORIENTED_EDGE('',*,*,#4515,.F.);
#6545=ORIENTED_EDGE('',*,*,#4621,.F.);
#6546=ORIENTED_EDGE('',*,*,#4493,.T.);
#6547=ORIENTED_EDGE('',*,*,#4460,.T.);
#6548=ORIENTED_EDGE('',*,*,#4467,.T.);
#6549=ORIENTED_EDGE('',*,*,#4407,.T.);
#6550=ORIENTED_EDGE('',*,*,#4622,.T.);
#6551=ORIENTED_EDGE('',*,*,#4623,.T.);
#6552=ORIENTED_EDGE('',*,*,#4624,.T.);
#6553=ORIENTED_EDGE('',*,*,#4622,.F.);
#6554=ORIENTED_EDGE('',*,*,#4406,.T.);
#6555=ORIENTED_EDGE('',*,*,#4625,.F.);
#6556=ORIENTED_EDGE('',*,*,#4626,.F.);
#6557=ORIENTED_EDGE('',*,*,#4409,.T.);
#6558=ORIENTED_EDGE('',*,*,#4627,.T.);
#6559=ORIENTED_EDGE('',*,*,#4628,.T.);
#6560=ORIENTED_EDGE('',*,*,#4629,.T.);
#6561=ORIENTED_EDGE('',*,*,#4624,.F.);
#6562=ORIENTED_EDGE('',*,*,#4630,.F.);
#6563=ORIENTED_EDGE('',*,*,#4627,.F.);
#6564=ORIENTED_EDGE('',*,*,#4408,.T.);
#6565=ORIENTED_EDGE('',*,*,#4421,.T.);
#6566=ORIENTED_EDGE('',*,*,#4631,.T.);
#6567=ORIENTED_EDGE('',*,*,#4632,.T.);
#6568=ORIENTED_EDGE('',*,*,#4633,.T.);
#6569=ORIENTED_EDGE('',*,*,#4631,.F.);
#6570=ORIENTED_EDGE('',*,*,#4420,.T.);
#6571=ORIENTED_EDGE('',*,*,#4634,.F.);
#6572=ORIENTED_EDGE('',*,*,#4635,.F.);
#6573=ORIENTED_EDGE('',*,*,#4419,.T.);
#6574=ORIENTED_EDGE('',*,*,#4636,.T.);
#6575=ORIENTED_EDGE('',*,*,#4637,.T.);
#6576=ORIENTED_EDGE('',*,*,#4634,.T.);
#6577=ORIENTED_EDGE('',*,*,#4636,.F.);
#6578=ORIENTED_EDGE('',*,*,#4418,.T.);
#6579=ORIENTED_EDGE('',*,*,#4638,.F.);
#6580=ORIENTED_EDGE('',*,*,#4639,.F.);
#6581=ORIENTED_EDGE('',*,*,#4413,.T.);
#6582=ORIENTED_EDGE('',*,*,#4640,.T.);
#6583=ORIENTED_EDGE('',*,*,#4641,.T.);
#6584=ORIENTED_EDGE('',*,*,#4625,.T.);
#6585=ORIENTED_EDGE('',*,*,#4640,.F.);
#6586=ORIENTED_EDGE('',*,*,#4412,.T.);
#6587=ORIENTED_EDGE('',*,*,#4642,.F.);
#6588=ORIENTED_EDGE('',*,*,#4643,.F.);
#6589=ORIENTED_EDGE('',*,*,#4411,.T.);
#6590=ORIENTED_EDGE('',*,*,#4644,.T.);
#6591=ORIENTED_EDGE('',*,*,#4645,.T.);
#6592=ORIENTED_EDGE('',*,*,#4642,.T.);
#6593=ORIENTED_EDGE('',*,*,#4629,.F.);
#6594=ORIENTED_EDGE('',*,*,#4646,.F.);
#6595=ORIENTED_EDGE('',*,*,#4644,.F.);
#6596=ORIENTED_EDGE('',*,*,#4410,.T.);
#6597=ORIENTED_EDGE('',*,*,#4415,.T.);
#6598=ORIENTED_EDGE('',*,*,#4647,.T.);
#6599=ORIENTED_EDGE('',*,*,#4648,.T.);
#6600=ORIENTED_EDGE('',*,*,#4649,.T.);
#6601=ORIENTED_EDGE('',*,*,#4633,.F.);
#6602=ORIENTED_EDGE('',*,*,#4650,.F.);
#6603=ORIENTED_EDGE('',*,*,#4647,.F.);
#6604=ORIENTED_EDGE('',*,*,#4414,.T.);
#6605=ORIENTED_EDGE('',*,*,#4417,.T.);
#6606=ORIENTED_EDGE('',*,*,#4651,.T.);
#6607=ORIENTED_EDGE('',*,*,#4652,.T.);
#6608=ORIENTED_EDGE('',*,*,#4638,.T.);
#6609=ORIENTED_EDGE('',*,*,#4649,.F.);
#6610=ORIENTED_EDGE('',*,*,#4653,.F.);
#6611=ORIENTED_EDGE('',*,*,#4651,.F.);
#6612=ORIENTED_EDGE('',*,*,#4416,.T.);
#6613=ORIENTED_EDGE('',*,*,#4545,.T.);
#6614=ORIENTED_EDGE('',*,*,#4497,.F.);
#6615=ORIENTED_EDGE('',*,*,#4654,.F.);
#6616=ORIENTED_EDGE('',*,*,#4511,.T.);
#6617=ORIENTED_EDGE('',*,*,#4049,.T.);
#6618=ORIENTED_EDGE('',*,*,#4509,.T.);
#6619=ORIENTED_EDGE('',*,*,#4620,.T.);
#6620=ORIENTED_EDGE('',*,*,#4608,.T.);
#6621=ORIENTED_EDGE('',*,*,#4612,.F.);
#6622=ORIENTED_EDGE('',*,*,#4615,.T.);
#6623=ORIENTED_EDGE('',*,*,#4619,.T.);
#6624=ORIENTED_EDGE('',*,*,#4499,.T.);
#6625=ORIENTED_EDGE('',*,*,#4403,.T.);
#6626=ORIENTED_EDGE('',*,*,#4655,.T.);
#6627=ORIENTED_EDGE('',*,*,#4656,.F.);
#6628=ORIENTED_EDGE('',*,*,#4657,.F.);
#6629=ORIENTED_EDGE('',*,*,#4404,.T.);
#6630=ORIENTED_EDGE('',*,*,#4657,.T.);
#6631=ORIENTED_EDGE('',*,*,#4658,.F.);
#6632=ORIENTED_EDGE('',*,*,#4659,.F.);
#6633=ORIENTED_EDGE('',*,*,#4405,.T.);
#6634=ORIENTED_EDGE('',*,*,#4659,.T.);
#6635=ORIENTED_EDGE('',*,*,#4660,.F.);
#6636=ORIENTED_EDGE('',*,*,#4661,.F.);
#6637=ORIENTED_EDGE('',*,*,#4402,.T.);
#6638=ORIENTED_EDGE('',*,*,#4661,.T.);
#6639=ORIENTED_EDGE('',*,*,#4662,.F.);
#6640=ORIENTED_EDGE('',*,*,#4655,.F.);
#6641=ORIENTED_EDGE('',*,*,#4522,.F.);
#6642=ORIENTED_EDGE('',*,*,#4663,.F.);
#6643=ORIENTED_EDGE('',*,*,#4524,.F.);
#6644=ORIENTED_EDGE('',*,*,#4399,.F.);
#6645=ORIENTED_EDGE('',*,*,#4521,.F.);
#6646=ORIENTED_EDGE('',*,*,#4494,.T.);
#6647=ORIENTED_EDGE('',*,*,#4621,.T.);
#6648=ORIENTED_EDGE('',*,*,#4514,.T.);
#6649=ORIENTED_EDGE('',*,*,#4523,.F.);
#6650=ORIENTED_EDGE('',*,*,#4663,.T.);
#6651=ORIENTED_EDGE('',*,*,#4662,.T.);
#6652=ORIENTED_EDGE('',*,*,#4660,.T.);
#6653=ORIENTED_EDGE('',*,*,#4658,.T.);
#6654=ORIENTED_EDGE('',*,*,#4656,.T.);
#6655=ORIENTED_EDGE('',*,*,#4653,.T.);
#6656=ORIENTED_EDGE('',*,*,#4648,.F.);
#6657=ORIENTED_EDGE('',*,*,#4650,.T.);
#6658=ORIENTED_EDGE('',*,*,#4632,.F.);
#6659=ORIENTED_EDGE('',*,*,#4635,.T.);
#6660=ORIENTED_EDGE('',*,*,#4637,.F.);
#6661=ORIENTED_EDGE('',*,*,#4639,.T.);
#6662=ORIENTED_EDGE('',*,*,#4652,.F.);
#6663=ORIENTED_EDGE('',*,*,#4643,.T.);
#6664=ORIENTED_EDGE('',*,*,#4645,.F.);
#6665=ORIENTED_EDGE('',*,*,#4646,.T.);
#6666=ORIENTED_EDGE('',*,*,#4628,.F.);
#6667=ORIENTED_EDGE('',*,*,#4630,.T.);
#6668=ORIENTED_EDGE('',*,*,#4623,.F.);
#6669=ORIENTED_EDGE('',*,*,#4626,.T.);
#6670=ORIENTED_EDGE('',*,*,#4641,.F.);
#6671=ORIENTED_EDGE('',*,*,#4512,.T.);
#6672=ORIENTED_EDGE('',*,*,#4654,.T.);
#6673=ORIENTED_EDGE('',*,*,#4496,.T.);
#6674=ORIENTED_EDGE('',*,*,#4053,.T.);
#6675=ORIENTED_EDGE('',*,*,#4544,.F.);
#6676=ORIENTED_EDGE('',*,*,#4114,.T.);
#6677=ORIENTED_EDGE('',*,*,#4248,.T.);
#6678=ORIENTED_EDGE('',*,*,#4442,.T.);
#6679=ORIENTED_EDGE('',*,*,#4061,.T.);
#6680=ORIENTED_EDGE('',*,*,#4122,.T.);
#6681=ORIENTED_EDGE('',*,*,#4541,.F.);
#6682=ORIENTED_EDGE('',*,*,#4033,.T.);
#6683=ORIENTED_EDGE('',*,*,#4489,.F.);
#6684=ORIENTED_EDGE('',*,*,#4546,.F.);
#6685=ORIENTED_EDGE('',*,*,#4504,.F.);
#6686=ORIENTED_EDGE('',*,*,#4025,.T.);
#6687=ORIENTED_EDGE('',*,*,#4434,.T.);
#6688=ORIENTED_EDGE('',*,*,#4149,.T.);
#6689=ORIENTED_EDGE('',*,*,#4517,.F.);
#6690=ORIENTED_EDGE('',*,*,#4664,.F.);
#6691=ORIENTED_EDGE('',*,*,#4665,.F.);
#6692=ORIENTED_EDGE('',*,*,#4666,.F.);
#6693=ORIENTED_EDGE('',*,*,#4518,.T.);
#6694=ORIENTED_EDGE('',*,*,#4666,.T.);
#6695=ORIENTED_EDGE('',*,*,#4667,.F.);
#6696=ORIENTED_EDGE('',*,*,#4668,.F.);
#6697=ORIENTED_EDGE('',*,*,#4519,.F.);
#6698=ORIENTED_EDGE('',*,*,#4668,.T.);
#6699=ORIENTED_EDGE('',*,*,#4669,.F.);
#6700=ORIENTED_EDGE('',*,*,#4670,.F.);
#6701=ORIENTED_EDGE('',*,*,#4669,.T.);
#6702=ORIENTED_EDGE('',*,*,#4667,.T.);
#6703=ORIENTED_EDGE('',*,*,#4665,.T.);
#6704=ORIENTED_EDGE('',*,*,#4671,.F.);
#6705=ORIENTED_EDGE('',*,*,#4456,.T.);
#6706=ORIENTED_EDGE('',*,*,#4492,.F.);
#6707=ORIENTED_EDGE('',*,*,#4672,.F.);
#6708=ORIENTED_EDGE('',*,*,#4501,.T.);
#6709=ORIENTED_EDGE('',*,*,#4475,.T.);
#6710=ORIENTED_EDGE('',*,*,#4473,.T.);
#6711=ORIENTED_EDGE('',*,*,#4470,.T.);
#6712=ORIENTED_EDGE('',*,*,#4507,.T.);
#6713=ORIENTED_EDGE('',*,*,#4520,.F.);
#6714=ORIENTED_EDGE('',*,*,#4670,.T.);
#6715=ORIENTED_EDGE('',*,*,#4671,.T.);
#6716=ORIENTED_EDGE('',*,*,#4664,.T.);
#6717=ORIENTED_EDGE('',*,*,#4516,.F.);
#6718=ORIENTED_EDGE('',*,*,#4486,.F.);
#6719=ORIENTED_EDGE('',*,*,#4451,.T.);
#6720=ORIENTED_EDGE('',*,*,#4458,.T.);
#6721=ORIENTED_EDGE('',*,*,#4394,.T.);
#6722=ORIENTED_EDGE('',*,*,#4673,.T.);
#6723=ORIENTED_EDGE('',*,*,#4674,.T.);
#6724=ORIENTED_EDGE('',*,*,#4675,.T.);
#6725=ORIENTED_EDGE('',*,*,#4673,.F.);
#6726=ORIENTED_EDGE('',*,*,#4393,.T.);
#6727=ORIENTED_EDGE('',*,*,#4676,.F.);
#6728=ORIENTED_EDGE('',*,*,#4677,.F.);
#6729=ORIENTED_EDGE('',*,*,#4396,.T.);
#6730=ORIENTED_EDGE('',*,*,#4678,.T.);
#6731=ORIENTED_EDGE('',*,*,#4679,.T.);
#6732=ORIENTED_EDGE('',*,*,#4680,.T.);
#6733=ORIENTED_EDGE('',*,*,#4675,.F.);
#6734=ORIENTED_EDGE('',*,*,#4681,.F.);
#6735=ORIENTED_EDGE('',*,*,#4678,.F.);
#6736=ORIENTED_EDGE('',*,*,#4395,.T.);
#6737=ORIENTED_EDGE('',*,*,#4384,.T.);
#6738=ORIENTED_EDGE('',*,*,#4682,.T.);
#6739=ORIENTED_EDGE('',*,*,#4683,.T.);
#6740=ORIENTED_EDGE('',*,*,#4684,.T.);
#6741=ORIENTED_EDGE('',*,*,#4682,.F.);
#6742=ORIENTED_EDGE('',*,*,#4383,.T.);
#6743=ORIENTED_EDGE('',*,*,#4685,.F.);
#6744=ORIENTED_EDGE('',*,*,#4686,.F.);
#6745=ORIENTED_EDGE('',*,*,#4382,.T.);
#6746=ORIENTED_EDGE('',*,*,#4687,.T.);
#6747=ORIENTED_EDGE('',*,*,#4688,.T.);
#6748=ORIENTED_EDGE('',*,*,#4685,.T.);
#6749=ORIENTED_EDGE('',*,*,#4687,.F.);
#6750=ORIENTED_EDGE('',*,*,#4381,.T.);
#6751=ORIENTED_EDGE('',*,*,#4689,.F.);
#6752=ORIENTED_EDGE('',*,*,#4690,.F.);
#6753=ORIENTED_EDGE('',*,*,#4392,.T.);
#6754=ORIENTED_EDGE('',*,*,#4691,.T.);
#6755=ORIENTED_EDGE('',*,*,#4692,.T.);
#6756=ORIENTED_EDGE('',*,*,#4676,.T.);
#6757=ORIENTED_EDGE('',*,*,#4691,.F.);
#6758=ORIENTED_EDGE('',*,*,#4391,.T.);
#6759=ORIENTED_EDGE('',*,*,#4693,.F.);
#6760=ORIENTED_EDGE('',*,*,#4694,.F.);
#6761=ORIENTED_EDGE('',*,*,#4390,.T.);
#6762=ORIENTED_EDGE('',*,*,#4695,.T.);
#6763=ORIENTED_EDGE('',*,*,#4696,.T.);
#6764=ORIENTED_EDGE('',*,*,#4693,.T.);
#6765=ORIENTED_EDGE('',*,*,#4680,.F.);
#6766=ORIENTED_EDGE('',*,*,#4697,.F.);
#6767=ORIENTED_EDGE('',*,*,#4695,.F.);
#6768=ORIENTED_EDGE('',*,*,#4389,.T.);
#6769=ORIENTED_EDGE('',*,*,#4386,.T.);
#6770=ORIENTED_EDGE('',*,*,#4698,.T.);
#6771=ORIENTED_EDGE('',*,*,#4699,.T.);
#6772=ORIENTED_EDGE('',*,*,#4700,.T.);
#6773=ORIENTED_EDGE('',*,*,#4684,.F.);
#6774=ORIENTED_EDGE('',*,*,#4701,.F.);
#6775=ORIENTED_EDGE('',*,*,#4698,.F.);
#6776=ORIENTED_EDGE('',*,*,#4385,.T.);
#6777=ORIENTED_EDGE('',*,*,#4388,.T.);
#6778=ORIENTED_EDGE('',*,*,#4702,.T.);
#6779=ORIENTED_EDGE('',*,*,#4703,.T.);
#6780=ORIENTED_EDGE('',*,*,#4689,.T.);
#6781=ORIENTED_EDGE('',*,*,#4700,.F.);
#6782=ORIENTED_EDGE('',*,*,#4704,.F.);
#6783=ORIENTED_EDGE('',*,*,#4702,.F.);
#6784=ORIENTED_EDGE('',*,*,#4387,.T.);
#6785=ORIENTED_EDGE('',*,*,#4380,.T.);
#6786=ORIENTED_EDGE('',*,*,#4705,.T.);
#6787=ORIENTED_EDGE('',*,*,#4706,.F.);
#6788=ORIENTED_EDGE('',*,*,#4707,.F.);
#6789=ORIENTED_EDGE('',*,*,#4377,.T.);
#6790=ORIENTED_EDGE('',*,*,#4707,.T.);
#6791=ORIENTED_EDGE('',*,*,#4708,.F.);
#6792=ORIENTED_EDGE('',*,*,#4709,.F.);
#6793=ORIENTED_EDGE('',*,*,#4378,.T.);
#6794=ORIENTED_EDGE('',*,*,#4709,.T.);
#6795=ORIENTED_EDGE('',*,*,#4710,.F.);
#6796=ORIENTED_EDGE('',*,*,#4711,.F.);
#6797=ORIENTED_EDGE('',*,*,#4379,.T.);
#6798=ORIENTED_EDGE('',*,*,#4711,.T.);
#6799=ORIENTED_EDGE('',*,*,#4712,.F.);
#6800=ORIENTED_EDGE('',*,*,#4705,.F.);
#6801=ORIENTED_EDGE('',*,*,#4525,.F.);
#6802=ORIENTED_EDGE('',*,*,#4528,.T.);
#6803=ORIENTED_EDGE('',*,*,#4529,.F.);
#6804=ORIENTED_EDGE('',*,*,#4502,.T.);
#6805=ORIENTED_EDGE('',*,*,#4672,.T.);
#6806=ORIENTED_EDGE('',*,*,#4491,.T.);
#6807=ORIENTED_EDGE('',*,*,#4712,.T.);
#6808=ORIENTED_EDGE('',*,*,#4710,.T.);
#6809=ORIENTED_EDGE('',*,*,#4708,.T.);
#6810=ORIENTED_EDGE('',*,*,#4706,.T.);
#6811=ORIENTED_EDGE('',*,*,#4704,.T.);
#6812=ORIENTED_EDGE('',*,*,#4699,.F.);
#6813=ORIENTED_EDGE('',*,*,#4701,.T.);
#6814=ORIENTED_EDGE('',*,*,#4683,.F.);
#6815=ORIENTED_EDGE('',*,*,#4686,.T.);
#6816=ORIENTED_EDGE('',*,*,#4688,.F.);
#6817=ORIENTED_EDGE('',*,*,#4690,.T.);
#6818=ORIENTED_EDGE('',*,*,#4703,.F.);
#6819=ORIENTED_EDGE('',*,*,#4694,.T.);
#6820=ORIENTED_EDGE('',*,*,#4696,.F.);
#6821=ORIENTED_EDGE('',*,*,#4697,.T.);
#6822=ORIENTED_EDGE('',*,*,#4679,.F.);
#6823=ORIENTED_EDGE('',*,*,#4681,.T.);
#6824=ORIENTED_EDGE('',*,*,#4674,.F.);
#6825=ORIENTED_EDGE('',*,*,#4677,.T.);
#6826=ORIENTED_EDGE('',*,*,#4692,.F.);
#6827=CYLINDRICAL_SURFACE('',#7411,5.);
#6828=CYLINDRICAL_SURFACE('',#7412,3.28854813152145);
#6829=CYLINDRICAL_SURFACE('',#7417,1.5);
#6830=CYLINDRICAL_SURFACE('',#7421,1.49999999999999);
#6831=CYLINDRICAL_SURFACE('',#7425,1.49999999999463);
#6832=CYLINDRICAL_SURFACE('',#7429,1.49999999999327);
#6833=CYLINDRICAL_SURFACE('',#7432,0.999999999999996);
#6834=CYLINDRICAL_SURFACE('',#7438,4.99999999972959);
#6835=CYLINDRICAL_SURFACE('',#7443,0.999999999999996);
#6836=CYLINDRICAL_SURFACE('',#7456,2.79399999999999);
#6837=CYLINDRICAL_SURFACE('',#7460,13.937);
#6838=CYLINDRICAL_SURFACE('',#7464,40.);
#6839=CYLINDRICAL_SURFACE('',#7467,3.937);
#6840=CYLINDRICAL_SURFACE('',#7470,13.9370000000035);
#6841=CYLINDRICAL_SURFACE('',#7474,14.999999999716);
#6842=CYLINDRICAL_SURFACE('',#7478,10.);
#6843=CYLINDRICAL_SURFACE('',#7485,5.);
#6844=CYLINDRICAL_SURFACE('',#7486,3.28854813152145);
#6845=CYLINDRICAL_SURFACE('',#7491,1.5);
#6846=CYLINDRICAL_SURFACE('',#7495,1.49999999999999);
#6847=CYLINDRICAL_SURFACE('',#7499,1.49999999999463);
#6848=CYLINDRICAL_SURFACE('',#7503,1.49999999999327);
#6849=CYLINDRICAL_SURFACE('',#7506,0.999999999999996);
#6850=CYLINDRICAL_SURFACE('',#7512,4.99999999972959);
#6851=CYLINDRICAL_SURFACE('',#7517,0.999999999999996);
#6852=CYLINDRICAL_SURFACE('',#7530,2.79399999999999);
#6853=CYLINDRICAL_SURFACE('',#7534,13.937);
#6854=CYLINDRICAL_SURFACE('',#7538,40.);
#6855=CYLINDRICAL_SURFACE('',#7541,3.937);
#6856=CYLINDRICAL_SURFACE('',#7544,13.9370000000035);
#6857=CYLINDRICAL_SURFACE('',#7548,14.999999999716);
#6858=CYLINDRICAL_SURFACE('',#7552,10.);
#6859=CYLINDRICAL_SURFACE('',#7562,3.937);
#6860=CYLINDRICAL_SURFACE('',#7565,3.93699999999999);
#6861=CYLINDRICAL_SURFACE('',#7568,10.);
#6862=CYLINDRICAL_SURFACE('',#7572,10.);
#6863=CYLINDRICAL_SURFACE('',#7579,3.937);
#6864=CYLINDRICAL_SURFACE('',#7582,3.93699999999999);
#6865=CYLINDRICAL_SURFACE('',#7585,10.);
#6866=CYLINDRICAL_SURFACE('',#7589,10.);
#6867=CYLINDRICAL_SURFACE('',#7603,2.);
#6868=CYLINDRICAL_SURFACE('',#7607,2.);
#6869=CYLINDRICAL_SURFACE('',#7612,2.);
#6870=CYLINDRICAL_SURFACE('',#7621,2.24789999999999);
#6871=CYLINDRICAL_SURFACE('',#7624,5.24789999999999);
#6872=CYLINDRICAL_SURFACE('',#7627,2.794);
#6873=CYLINDRICAL_SURFACE('',#7629,10.);
#6874=CYLINDRICAL_SURFACE('',#7637,6.24790000000001);
#6875=CYLINDRICAL_SURFACE('',#7640,6.24790000000001);
#6876=CYLINDRICAL_SURFACE('',#7644,5.);
#6877=CYLINDRICAL_SURFACE('',#7647,2.24789999999999);
#6878=CYLINDRICAL_SURFACE('',#7662,5.);
#6879=CYLINDRICAL_SURFACE('',#7671,5.);
#6880=CYLINDRICAL_SURFACE('',#7679,12.);
#6881=CYLINDRICAL_SURFACE('',#7688,8.);
#6882=CYLINDRICAL_SURFACE('',#7697,8.);
#6883=CYLINDRICAL_SURFACE('',#7703,5.);
#6884=CYLINDRICAL_SURFACE('',#7713,2.5);
#6885=CYLINDRICAL_SURFACE('',#7718,5.);
#6886=CYLINDRICAL_SURFACE('',#7720,2.5);
#6887=CYLINDRICAL_SURFACE('',#7724,5.);
#6888=CYLINDRICAL_SURFACE('',#7743,5.);
#6889=CYLINDRICAL_SURFACE('',#7746,5.);
#6890=CYLINDRICAL_SURFACE('',#7749,5.);
#6891=CYLINDRICAL_SURFACE('',#7752,5.);
#6892=CYLINDRICAL_SURFACE('',#7755,5.);
#6893=CYLINDRICAL_SURFACE('',#7757,5.);
#6894=CYLINDRICAL_SURFACE('',#7760,5.);
#6895=CYLINDRICAL_SURFACE('',#7762,5.);
#6896=CYLINDRICAL_SURFACE('',#7765,5.);
#6897=CYLINDRICAL_SURFACE('',#7767,5.);
#6898=CYLINDRICAL_SURFACE('',#7769,5.);
#6899=CYLINDRICAL_SURFACE('',#7771,5.);
#6900=CYLINDRICAL_SURFACE('',#7773,5.);
#6901=CYLINDRICAL_SURFACE('',#7777,1.);
#6902=CYLINDRICAL_SURFACE('',#7785,1.);
#6903=CYLINDRICAL_SURFACE('',#7787,1.);
#6904=CYLINDRICAL_SURFACE('',#7789,2.);
#6905=CYLINDRICAL_SURFACE('',#7798,3.);
#6906=CYLINDRICAL_SURFACE('',#7802,3.);
#6907=CYLINDRICAL_SURFACE('',#7808,1.);
#6908=CYLINDRICAL_SURFACE('',#7816,1.);
#6909=CYLINDRICAL_SURFACE('',#7818,1.);
#6910=CYLINDRICAL_SURFACE('',#7820,2.);
#6911=CYLINDRICAL_SURFACE('',#7828,3.);
#6912=CYLINDRICAL_SURFACE('',#7832,3.);
#6913=CYLINDRICAL_SURFACE('',#7865,2.5);
#6914=CYLINDRICAL_SURFACE('',#7867,2.5);
#6915=CYLINDRICAL_SURFACE('',#7869,2.5);
#6916=CYLINDRICAL_SURFACE('',#7871,2.5);
#6917=CYLINDRICAL_SURFACE('',#7880,2.5);
#6918=CYLINDRICAL_SURFACE('',#7908,10.);
#6919=CYLINDRICAL_SURFACE('',#7910,10.);
#6920=CYLINDRICAL_SURFACE('',#7912,10.);
#6921=CYLINDRICAL_SURFACE('',#7915,10.);
#6922=CYLINDRICAL_SURFACE('',#7917,2.5);
#6923=CYLINDRICAL_SURFACE('',#7919,2.5);
#6924=CYLINDRICAL_SURFACE('',#7921,30.);
#6925=CYLINDRICAL_SURFACE('',#7936,3.);
#6926=CYLINDRICAL_SURFACE('',#7940,0.2);
#6927=CYLINDRICAL_SURFACE('',#7942,0.2);
#6928=CYLINDRICAL_SURFACE('',#7944,0.2);
#6929=CYLINDRICAL_SURFACE('',#7945,0.2);
#6930=CYLINDRICAL_SURFACE('',#7948,5.);
#6931=CYLINDRICAL_SURFACE('',#7977,0.2);
#6932=CYLINDRICAL_SURFACE('',#7978,0.2);
#6933=CYLINDRICAL_SURFACE('',#7980,12.15);
#6934=CYLINDRICAL_SURFACE('',#7986,1.);
#6935=CYLINDRICAL_SURFACE('',#7989,1.);
#6936=CYLINDRICAL_SURFACE('',#7992,1.);
#6937=CYLINDRICAL_SURFACE('',#7995,1.);
#6938=CYLINDRICAL_SURFACE('',#7998,1.);
#6939=CYLINDRICAL_SURFACE('',#8001,1.);
#6940=CYLINDRICAL_SURFACE('',#8004,1.);
#6941=CYLINDRICAL_SURFACE('',#8007,1.);
#6942=CYLINDRICAL_SURFACE('',#8012,8.5);
#6943=CYLINDRICAL_SURFACE('',#8015,6.5);
#6944=CYLINDRICAL_SURFACE('',#8023,12.15);
#6945=CYLINDRICAL_SURFACE('',#8028,1.);
#6946=CYLINDRICAL_SURFACE('',#8031,1.);
#6947=CYLINDRICAL_SURFACE('',#8034,1.);
#6948=CYLINDRICAL_SURFACE('',#8037,1.);
#6949=CYLINDRICAL_SURFACE('',#8040,1.);
#6950=CYLINDRICAL_SURFACE('',#8043,1.);
#6951=CYLINDRICAL_SURFACE('',#8046,1.);
#6952=CYLINDRICAL_SURFACE('',#8049,1.);
#6953=CYLINDRICAL_SURFACE('',#8052,8.5);
#6954=CYLINDRICAL_SURFACE('',#8055,6.5);
#6955=ADVANCED_FACE('',(#694),#6827,.F.);
#6956=ADVANCED_FACE('',(#695),#6828,.T.);
#6957=ADVANCED_FACE('',(#696),#212,.T.);
#6958=ADVANCED_FACE('',(#697),#213,.F.);
#6959=ADVANCED_FACE('',(#698),#6829,.F.);
#6960=ADVANCED_FACE('',(#699),#214,.F.);
#6961=ADVANCED_FACE('',(#700),#6830,.F.);
#6962=ADVANCED_FACE('',(#701),#215,.F.);
#6963=ADVANCED_FACE('',(#702),#6831,.F.);
#6964=ADVANCED_FACE('',(#703),#216,.F.);
#6965=ADVANCED_FACE('',(#704),#6832,.F.);
#6966=ADVANCED_FACE('',(#705),#6833,.F.);
#6967=ADVANCED_FACE('',(#706),#6834,.F.);
#6968=ADVANCED_FACE('',(#707),#217,.F.);
#6969=ADVANCED_FACE('',(#708),#218,.F.);
#6970=ADVANCED_FACE('',(#709),#6835,.F.);
#6971=ADVANCED_FACE('',(#710,#131),#219,.T.);
#6972=ADVANCED_FACE('',(#711),#220,.T.);
#6973=ADVANCED_FACE('',(#712),#221,.T.);
#6974=ADVANCED_FACE('',(#713),#115,.T.);
#6975=ADVANCED_FACE('',(#714),#116,.T.);
#6976=ADVANCED_FACE('',(#715),#222,.F.);
#6977=ADVANCED_FACE('',(#716),#6836,.F.);
#6978=ADVANCED_FACE('',(#717),#223,.T.);
#6979=ADVANCED_FACE('',(#718),#6837,.T.);
#6980=ADVANCED_FACE('',(#719),#224,.T.);
#6981=ADVANCED_FACE('',(#720),#6838,.F.);
#6982=ADVANCED_FACE('',(#721),#6839,.F.);
#6983=ADVANCED_FACE('',(#722),#6840,.T.);
#6984=ADVANCED_FACE('',(#723,#132),#225,.T.);
#6985=ADVANCED_FACE('',(#724),#6841,.T.);
#6986=ADVANCED_FACE('',(#725),#226,.T.);
#6987=ADVANCED_FACE('',(#726),#6842,.T.);
#6988=ADVANCED_FACE('',(#727),#227,.T.);
#6989=ADVANCED_FACE('',(#728,#133,#134,#135,#136,#137),#228,.T.);
#6990=ADVANCED_FACE('',(#729,#138,#139,#140,#141,#142),#229,.F.);
#6991=ADVANCED_FACE('',(#730),#6843,.F.);
#6992=ADVANCED_FACE('',(#731),#6844,.T.);
#6993=ADVANCED_FACE('',(#732),#230,.F.);
#6994=ADVANCED_FACE('',(#733),#231,.T.);
#6995=ADVANCED_FACE('',(#734),#6845,.F.);
#6996=ADVANCED_FACE('',(#735),#232,.T.);
#6997=ADVANCED_FACE('',(#736),#6846,.F.);
#6998=ADVANCED_FACE('',(#737),#233,.T.);
#6999=ADVANCED_FACE('',(#738),#6847,.F.);
#7000=ADVANCED_FACE('',(#739),#234,.T.);
#7001=ADVANCED_FACE('',(#740),#6848,.F.);
#7002=ADVANCED_FACE('',(#741),#6849,.F.);
#7003=ADVANCED_FACE('',(#742),#6850,.F.);
#7004=ADVANCED_FACE('',(#743),#235,.T.);
#7005=ADVANCED_FACE('',(#744),#236,.T.);
#7006=ADVANCED_FACE('',(#745),#6851,.F.);
#7007=ADVANCED_FACE('',(#746,#143),#237,.F.);
#7008=ADVANCED_FACE('',(#747),#238,.F.);
#7009=ADVANCED_FACE('',(#748),#239,.F.);
#7010=ADVANCED_FACE('',(#749),#117,.T.);
#7011=ADVANCED_FACE('',(#750),#118,.T.);
#7012=ADVANCED_FACE('',(#751),#240,.T.);
#7013=ADVANCED_FACE('',(#752),#6852,.F.);
#7014=ADVANCED_FACE('',(#753),#241,.F.);
#7015=ADVANCED_FACE('',(#754),#6853,.T.);
#7016=ADVANCED_FACE('',(#755),#242,.F.);
#7017=ADVANCED_FACE('',(#756),#6854,.F.);
#7018=ADVANCED_FACE('',(#757),#6855,.F.);
#7019=ADVANCED_FACE('',(#758),#6856,.T.);
#7020=ADVANCED_FACE('',(#759,#144),#243,.F.);
#7021=ADVANCED_FACE('',(#760),#6857,.T.);
#7022=ADVANCED_FACE('',(#761),#244,.F.);
#7023=ADVANCED_FACE('',(#762),#6858,.T.);
#7024=ADVANCED_FACE('',(#763),#245,.F.);
#7025=ADVANCED_FACE('',(#764,#145,#146,#147,#148,#149),#246,.F.);
#7026=ADVANCED_FACE('',(#765,#150,#151,#152,#153,#154),#247,.T.);
#7027=ADVANCED_FACE('',(#766),#6859,.F.);
#7028=ADVANCED_FACE('',(#767),#6860,.F.);
#7029=ADVANCED_FACE('',(#768),#6861,.T.);
#7030=ADVANCED_FACE('',(#769),#248,.T.);
#7031=ADVANCED_FACE('',(#770),#6862,.T.);
#7032=ADVANCED_FACE('',(#771),#249,.T.);
#7033=ADVANCED_FACE('',(#772,#155,#156),#250,.T.);
#7034=ADVANCED_FACE('',(#773,#157,#158),#251,.F.);
#7035=ADVANCED_FACE('',(#774),#6863,.F.);
#7036=ADVANCED_FACE('',(#775),#6864,.F.);
#7037=ADVANCED_FACE('',(#776),#6865,.T.);
#7038=ADVANCED_FACE('',(#777),#252,.F.);
#7039=ADVANCED_FACE('',(#778),#6866,.T.);
#7040=ADVANCED_FACE('',(#779),#253,.F.);
#7041=ADVANCED_FACE('',(#780,#159,#160),#254,.F.);
#7042=ADVANCED_FACE('',(#781,#161,#162),#255,.T.);
#7043=ADVANCED_FACE('',(#782),#256,.T.);
#7044=ADVANCED_FACE('',(#783),#257,.T.);
#7045=ADVANCED_FACE('',(#784),#6867,.F.);
#7046=ADVANCED_FACE('',(#785,#163),#258,.T.);
#7047=ADVANCED_FACE('',(#786),#6868,.F.);
#7048=ADVANCED_FACE('',(#787,#164),#259,.F.);
#7049=ADVANCED_FACE('',(#788),#6869,.F.);
#7050=ADVANCED_FACE('',(#789),#260,.T.);
#7051=ADVANCED_FACE('',(#790),#261,.T.);
#7052=ADVANCED_FACE('',(#791),#6870,.F.);
#7053=ADVANCED_FACE('',(#792),#262,.T.);
#7054=ADVANCED_FACE('',(#793),#6871,.T.);
#7055=ADVANCED_FACE('',(#794),#263,.T.);
#7056=ADVANCED_FACE('',(#795),#6872,.F.);
#7057=ADVANCED_FACE('',(#796),#6873,.T.);
#7058=ADVANCED_FACE('',(#797,#165),#264,.F.);
#7059=ADVANCED_FACE('',(#798),#44,.T.);
#7060=ADVANCED_FACE('',(#799),#45,.T.);
#7061=ADVANCED_FACE('',(#800),#46,.T.);
#7062=ADVANCED_FACE('',(#801),#47,.T.);
#7063=ADVANCED_FACE('',(#802),#6874,.T.);
#7064=ADVANCED_FACE('',(#803),#48,.F.);
#7065=ADVANCED_FACE('',(#804),#6875,.F.);
#7066=ADVANCED_FACE('',(#805,#166),#265,.F.);
#7067=ADVANCED_FACE('',(#806),#6876,.T.);
#7068=ADVANCED_FACE('',(#807),#266,.T.);
#7069=ADVANCED_FACE('',(#808),#6877,.F.);
#7070=ADVANCED_FACE('',(#809,#167),#267,.T.);
#7071=ADVANCED_FACE('',(#810),#268,.T.);
#7072=ADVANCED_FACE('',(#811),#269,.F.);
#7073=ADVANCED_FACE('',(#812),#270,.F.);
#7074=ADVANCED_FACE('',(#813),#271,.F.);
#7075=ADVANCED_FACE('',(#814),#272,.F.);
#7076=ADVANCED_FACE('',(#815),#273,.T.);
#7077=ADVANCED_FACE('',(#816),#274,.T.);
#7078=ADVANCED_FACE('',(#817),#275,.T.);
#7079=ADVANCED_FACE('',(#818),#276,.F.);
#7080=ADVANCED_FACE('',(#819),#277,.T.);
#7081=ADVANCED_FACE('',(#820),#6878,.F.);
#7082=ADVANCED_FACE('',(#821,#168),#278,.F.);
#7083=ADVANCED_FACE('',(#822),#6879,.F.);
#7084=ADVANCED_FACE('',(#823),#279,.T.);
#7085=ADVANCED_FACE('',(#824),#6880,.F.);
#7086=ADVANCED_FACE('',(#825,#169),#280,.F.);
#7087=ADVANCED_FACE('',(#826),#6881,.T.);
#7088=ADVANCED_FACE('',(#827),#281,.F.);
#7089=ADVANCED_FACE('',(#828,#170,#171,#172,#173),#282,.T.);
#7090=ADVANCED_FACE('',(#829),#6882,.T.);
#7091=ADVANCED_FACE('',(#830),#283,.T.);
#7092=ADVANCED_FACE('',(#831),#41,.F.);
#7093=ADVANCED_FACE('',(#832),#6883,.T.);
#7094=ADVANCED_FACE('',(#833,#174),#284,.F.);
#7095=ADVANCED_FACE('',(#834),#6884,.T.);
#7096=ADVANCED_FACE('',(#835),#285,.T.);
#7097=ADVANCED_FACE('',(#836),#42,.F.);
#7098=ADVANCED_FACE('',(#837),#6885,.T.);
#7099=ADVANCED_FACE('',(#838),#6886,.T.);
#7100=ADVANCED_FACE('',(#839),#286,.T.);
#7101=ADVANCED_FACE('',(#840),#6887,.T.);
#7102=ADVANCED_FACE('',(#841),#287,.T.);
#7103=ADVANCED_FACE('',(#842,#175,#176,#177,#178,#179,#180,#181),#288,.T.);
#7104=ADVANCED_FACE('',(#843),#6888,.F.);
#7105=ADVANCED_FACE('',(#844),#289,.T.);
#7106=ADVANCED_FACE('',(#845),#6889,.T.);
#7107=ADVANCED_FACE('',(#846),#290,.T.);
#7108=ADVANCED_FACE('',(#847),#6890,.T.);
#7109=ADVANCED_FACE('',(#848),#291,.T.);
#7110=ADVANCED_FACE('',(#849),#6891,.F.);
#7111=ADVANCED_FACE('',(#850),#292,.T.);
#7112=ADVANCED_FACE('',(#851),#6892,.T.);
#7113=ADVANCED_FACE('',(#852),#6893,.T.);
#7114=ADVANCED_FACE('',(#853),#293,.T.);
#7115=ADVANCED_FACE('',(#854),#6894,.F.);
#7116=ADVANCED_FACE('',(#855),#6895,.F.);
#7117=ADVANCED_FACE('',(#856),#294,.T.);
#7118=ADVANCED_FACE('',(#857),#6896,.T.);
#7119=ADVANCED_FACE('',(#858),#6897,.F.);
#7120=ADVANCED_FACE('',(#859),#295,.T.);
#7121=ADVANCED_FACE('',(#860),#6898,.F.);
#7122=ADVANCED_FACE('',(#861),#296,.T.);
#7123=ADVANCED_FACE('',(#862),#6899,.F.);
#7124=ADVANCED_FACE('',(#863),#297,.T.);
#7125=ADVANCED_FACE('',(#864),#6900,.F.);
#7126=ADVANCED_FACE('',(#865),#298,.T.);
#7127=ADVANCED_FACE('',(#866),#299,.F.);
#7128=ADVANCED_FACE('',(#867),#6901,.T.);
#7129=ADVANCED_FACE('',(#868),#300,.T.);
#7130=ADVANCED_FACE('',(#869,#182),#301,.T.);
#7131=ADVANCED_FACE('',(#870),#6902,.T.);
#7132=ADVANCED_FACE('',(#871),#302,.T.);
#7133=ADVANCED_FACE('',(#872),#6903,.T.);
#7134=ADVANCED_FACE('',(#873),#303,.T.);
#7135=ADVANCED_FACE('',(#874),#6904,.F.);
#7136=ADVANCED_FACE('',(#875),#304,.T.);
#7137=ADVANCED_FACE('',(#876),#305,.T.);
#7138=ADVANCED_FACE('',(#877),#306,.F.);
#7139=ADVANCED_FACE('',(#878),#307,.F.);
#7140=ADVANCED_FACE('',(#879),#308,.T.);
#7141=ADVANCED_FACE('',(#880),#309,.T.);
#7142=ADVANCED_FACE('',(#881),#310,.T.);
#7143=ADVANCED_FACE('',(#882),#6905,.T.);
#7144=ADVANCED_FACE('',(#883),#311,.T.);
#7145=ADVANCED_FACE('',(#884),#312,.T.);
#7146=ADVANCED_FACE('',(#885),#313,.T.);
#7147=ADVANCED_FACE('',(#886),#6906,.T.);
#7148=ADVANCED_FACE('',(#887),#314,.T.);
#7149=ADVANCED_FACE('',(#888),#315,.T.);
#7150=ADVANCED_FACE('',(#889),#316,.T.);
#7151=ADVANCED_FACE('',(#890),#317,.T.);
#7152=ADVANCED_FACE('',(#891),#318,.T.);
#7153=ADVANCED_FACE('',(#892),#6907,.T.);
#7154=ADVANCED_FACE('',(#893),#319,.T.);
#7155=ADVANCED_FACE('',(#894,#183),#320,.T.);
#7156=ADVANCED_FACE('',(#895),#6908,.T.);
#7157=ADVANCED_FACE('',(#896),#321,.T.);
#7158=ADVANCED_FACE('',(#897),#6909,.T.);
#7159=ADVANCED_FACE('',(#898),#322,.T.);
#7160=ADVANCED_FACE('',(#899),#6910,.F.);
#7161=ADVANCED_FACE('',(#900),#323,.T.);
#7162=ADVANCED_FACE('',(#901),#324,.T.);
#7163=ADVANCED_FACE('',(#902),#325,.T.);
#7164=ADVANCED_FACE('',(#903),#326,.F.);
#7165=ADVANCED_FACE('',(#904),#327,.T.);
#7166=ADVANCED_FACE('',(#905),#328,.T.);
#7167=ADVANCED_FACE('',(#906),#6911,.T.);
#7168=ADVANCED_FACE('',(#907),#329,.T.);
#7169=ADVANCED_FACE('',(#908),#330,.T.);
#7170=ADVANCED_FACE('',(#909),#6912,.T.);
#7171=ADVANCED_FACE('',(#910),#331,.T.);
#7172=ADVANCED_FACE('',(#911),#332,.T.);
#7173=ADVANCED_FACE('',(#912),#333,.T.);
#7174=ADVANCED_FACE('',(#913),#334,.T.);
#7175=ADVANCED_FACE('',(#914),#335,.F.);
#7176=ADVANCED_FACE('',(#915,#184,#185,#186),#336,.F.);
#7177=ADVANCED_FACE('',(#916),#337,.F.);
#7178=ADVANCED_FACE('',(#917,#187,#188,#189),#338,.F.);
#7179=ADVANCED_FACE('',(#918),#6913,.F.);
#7180=ADVANCED_FACE('',(#919),#6914,.F.);
#7181=ADVANCED_FACE('',(#920),#6915,.F.);
#7182=ADVANCED_FACE('',(#921),#6916,.F.);
#7183=ADVANCED_FACE('',(#922),#339,.T.);
#7184=ADVANCED_FACE('',(#923),#340,.T.);
#7185=ADVANCED_FACE('',(#924),#49,.T.);
#7186=ADVANCED_FACE('',(#925),#341,.T.);
#7187=ADVANCED_FACE('',(#926),#342,.F.);
#7188=ADVANCED_FACE('',(#927),#343,.F.);
#7189=ADVANCED_FACE('',(#928),#344,.T.);
#7190=ADVANCED_FACE('',(#929),#43,.T.);
#7191=ADVANCED_FACE('',(#930),#345,.F.);
#7192=ADVANCED_FACE('',(#931),#6917,.F.);
#7193=ADVANCED_FACE('',(#932),#346,.F.);
#7194=ADVANCED_FACE('',(#933),#347,.F.);
#7195=ADVANCED_FACE('',(#934),#348,.F.);
#7196=ADVANCED_FACE('',(#935),#349,.F.);
#7197=ADVANCED_FACE('',(#936),#350,.F.);
#7198=ADVANCED_FACE('',(#937),#351,.F.);
#7199=ADVANCED_FACE('',(#938),#352,.F.);
#7200=ADVANCED_FACE('',(#939),#353,.F.);
#7201=ADVANCED_FACE('',(#940),#354,.F.);
#7202=ADVANCED_FACE('',(#941),#355,.F.);
#7203=ADVANCED_FACE('',(#942),#356,.F.);
#7204=ADVANCED_FACE('',(#943),#357,.F.);
#7205=ADVANCED_FACE('',(#944),#358,.F.);
#7206=ADVANCED_FACE('',(#945),#359,.F.);
#7207=ADVANCED_FACE('',(#946),#360,.F.);
#7208=ADVANCED_FACE('',(#947),#361,.F.);
#7209=ADVANCED_FACE('',(#948),#362,.T.);
#7210=ADVANCED_FACE('',(#949),#363,.T.);
#7211=ADVANCED_FACE('',(#950),#364,.T.);
#7212=ADVANCED_FACE('',(#951),#365,.T.);
#7213=ADVANCED_FACE('',(#952),#366,.T.);
#7214=ADVANCED_FACE('',(#953),#367,.T.);
#7215=ADVANCED_FACE('',(#954),#368,.T.);
#7216=ADVANCED_FACE('',(#955),#369,.T.);
#7217=ADVANCED_FACE('',(#956),#370,.T.);
#7218=ADVANCED_FACE('',(#957),#6918,.T.);
#7219=ADVANCED_FACE('',(#958),#6919,.T.);
#7220=ADVANCED_FACE('',(#959),#6920,.T.);
#7221=ADVANCED_FACE('',(#960),#371,.T.);
#7222=ADVANCED_FACE('',(#961),#6921,.T.);
#7223=ADVANCED_FACE('',(#962),#6922,.T.);
#7224=ADVANCED_FACE('',(#963),#6923,.T.);
#7225=ADVANCED_FACE('',(#964),#372,.F.);
#7226=ADVANCED_FACE('',(#965),#6924,.F.);
#7227=ADVANCED_FACE('',(#966,#190),#373,.T.);
#7228=ADVANCED_FACE('',(#967,#191,#192),#374,.T.);
#7229=ADVANCED_FACE('',(#968,#193,#194),#375,.T.);
#7230=ADVANCED_FACE('',(#969),#376,.T.);
#7231=ADVANCED_FACE('',(#970),#377,.T.);
#7232=ADVANCED_FACE('',(#971),#378,.T.);
#7233=ADVANCED_FACE('',(#972),#379,.T.);
#7234=ADVANCED_FACE('',(#973),#380,.T.);
#7235=ADVANCED_FACE('',(#974),#381,.F.);
#7236=ADVANCED_FACE('',(#975),#382,.T.);
#7237=ADVANCED_FACE('',(#976,#195),#383,.T.);
#7238=ADVANCED_FACE('',(#977),#6925,.F.);
#7239=ADVANCED_FACE('',(#978),#384,.T.);
#7240=ADVANCED_FACE('',(#979),#385,.T.);
#7241=ADVANCED_FACE('',(#980),#6926,.F.);
#7242=ADVANCED_FACE('',(#981),#386,.T.);
#7243=ADVANCED_FACE('',(#982),#6927,.F.);
#7244=ADVANCED_FACE('',(#983),#387,.T.);
#7245=ADVANCED_FACE('',(#984),#6928,.F.);
#7246=ADVANCED_FACE('',(#985),#6929,.F.);
#7247=ADVANCED_FACE('',(#986),#119,.F.);
#7248=ADVANCED_FACE('',(#987),#6930,.F.);
#7249=ADVANCED_FACE('',(#988),#14,.F.);
#7250=ADVANCED_FACE('',(#989),#120,.F.);
#7251=ADVANCED_FACE('',(#990),#121,.F.);
#7252=ADVANCED_FACE('',(#991),#122,.F.);
#7253=ADVANCED_FACE('',(#992),#123,.F.);
#7254=ADVANCED_FACE('',(#993),#124,.F.);
#7255=ADVANCED_FACE('',(#994),#125,.F.);
#7256=ADVANCED_FACE('',(#995),#388,.T.);
#7257=ADVANCED_FACE('',(#996),#389,.T.);
#7258=ADVANCED_FACE('',(#997),#390,.T.);
#7259=ADVANCED_FACE('',(#998),#126,.F.);
#7260=ADVANCED_FACE('',(#999),#127,.F.);
#7261=ADVANCED_FACE('',(#1000),#128,.F.);
#7262=ADVANCED_FACE('',(#1001),#129,.F.);
#7263=ADVANCED_FACE('',(#1002),#130,.F.);
#7264=ADVANCED_FACE('',(#1003),#6931,.F.);
#7265=ADVANCED_FACE('',(#1004),#6932,.F.);
#7266=ADVANCED_FACE('',(#1005),#391,.T.);
#7267=ADVANCED_FACE('',(#1006),#6933,.F.);
#7268=ADVANCED_FACE('',(#1007),#392,.T.);
#7269=ADVANCED_FACE('',(#1008),#393,.F.);
#7270=ADVANCED_FACE('',(#1009),#394,.T.);
#7271=ADVANCED_FACE('',(#1010),#6934,.F.);
#7272=ADVANCED_FACE('',(#1011),#395,.T.);
#7273=ADVANCED_FACE('',(#1012),#6935,.F.);
#7274=ADVANCED_FACE('',(#1013),#396,.T.);
#7275=ADVANCED_FACE('',(#1014),#6936,.F.);
#7276=ADVANCED_FACE('',(#1015),#397,.T.);
#7277=ADVANCED_FACE('',(#1016),#6937,.F.);
#7278=ADVANCED_FACE('',(#1017),#398,.T.);
#7279=ADVANCED_FACE('',(#1018),#6938,.F.);
#7280=ADVANCED_FACE('',(#1019),#399,.T.);
#7281=ADVANCED_FACE('',(#1020),#6939,.F.);
#7282=ADVANCED_FACE('',(#1021),#400,.T.);
#7283=ADVANCED_FACE('',(#1022),#6940,.F.);
#7284=ADVANCED_FACE('',(#1023),#401,.T.);
#7285=ADVANCED_FACE('',(#1024),#6941,.F.);
#7286=ADVANCED_FACE('',(#1025),#402,.T.);
#7287=ADVANCED_FACE('',(#1026),#403,.T.);
#7288=ADVANCED_FACE('',(#1027),#404,.T.);
#7289=ADVANCED_FACE('',(#1028),#6942,.F.);
#7290=ADVANCED_FACE('',(#1029),#405,.T.);
#7291=ADVANCED_FACE('',(#1030),#6943,.F.);
#7292=ADVANCED_FACE('',(#1031),#406,.T.);
#7293=ADVANCED_FACE('',(#1032),#407,.T.);
#7294=ADVANCED_FACE('',(#1033,#196,#197,#198),#408,.T.);
#7295=ADVANCED_FACE('',(#1034),#409,.T.);
#7296=ADVANCED_FACE('',(#1035),#410,.T.);
#7297=ADVANCED_FACE('',(#1036),#411,.T.);
#7298=ADVANCED_FACE('',(#1037),#6944,.F.);
#7299=ADVANCED_FACE('',(#1038),#412,.T.);
#7300=ADVANCED_FACE('',(#1039),#413,.F.);
#7301=ADVANCED_FACE('',(#1040),#414,.T.);
#7302=ADVANCED_FACE('',(#1041),#6945,.F.);
#7303=ADVANCED_FACE('',(#1042),#415,.T.);
#7304=ADVANCED_FACE('',(#1043),#6946,.F.);
#7305=ADVANCED_FACE('',(#1044),#416,.T.);
#7306=ADVANCED_FACE('',(#1045),#6947,.F.);
#7307=ADVANCED_FACE('',(#1046),#417,.T.);
#7308=ADVANCED_FACE('',(#1047),#6948,.F.);
#7309=ADVANCED_FACE('',(#1048),#418,.T.);
#7310=ADVANCED_FACE('',(#1049),#6949,.F.);
#7311=ADVANCED_FACE('',(#1050),#419,.T.);
#7312=ADVANCED_FACE('',(#1051),#6950,.F.);
#7313=ADVANCED_FACE('',(#1052),#420,.T.);
#7314=ADVANCED_FACE('',(#1053),#6951,.F.);
#7315=ADVANCED_FACE('',(#1054),#421,.T.);
#7316=ADVANCED_FACE('',(#1055),#6952,.F.);
#7317=ADVANCED_FACE('',(#1056),#422,.T.);
#7318=ADVANCED_FACE('',(#1057),#6953,.F.);
#7319=ADVANCED_FACE('',(#1058),#423,.T.);
#7320=ADVANCED_FACE('',(#1059),#6954,.F.);
#7321=ADVANCED_FACE('',(#1060),#424,.T.);
#7322=ADVANCED_FACE('',(#1061,#199,#200,#201),#425,.T.);
#7323=CLOSED_SHELL('',(#6955,#6956,#6957,#6958,#6959,#6960,#6961,#6962,
#6963,#6964,#6965,#6966,#6967,#6968,#6969,#6970,#6971,#6972,#6973,#6974,
#6975,#6976,#6977,#6978,#6979,#6980,#6981,#6982,#6983,#6984,#6985,#6986,
#6987,#6988,#6989,#6990));
#7324=CLOSED_SHELL('',(#6991,#6992,#6993,#6994,#6995,#6996,#6997,#6998,
#6999,#7000,#7001,#7002,#7003,#7004,#7005,#7006,#7007,#7008,#7009,#7010,
#7011,#7012,#7013,#7014,#7015,#7016,#7017,#7018,#7019,#7020,#7021,#7022,
#7023,#7024,#7025,#7026));
#7325=CLOSED_SHELL('',(#7027,#7028,#7029,#7030,#7031,#7032,#7033,#7034));
#7326=CLOSED_SHELL('',(#7035,#7036,#7037,#7038,#7039,#7040,#7041,#7042));
#7327=CLOSED_SHELL('',(#7043,#7044,#7045,#7046,#7047,#7048,#7049,#7050,
#7051,#7052,#7053,#7054,#7055,#7056,#7057,#7058));
#7328=CLOSED_SHELL('',(#7059,#7060,#7061,#7062,#7063,#7064,#7065,#7066,
#7067,#7068,#7069,#7070));
#7329=CLOSED_SHELL('',(#7071,#7072,#7073,#7074,#7075,#7076,#7077,#7078,
#7079,#7080,#7081,#7082,#7083,#7084,#7085,#7086,#7087,#7088,#7089,#7090,
#7091,#7092,#7093,#7094,#7095,#7096,#7097,#7098,#7099,#7100,#7101,#7102,
#7103,#7104,#7105,#7106,#7107,#7108,#7109,#7110,#7111,#7112,#7113,#7114,
#7115,#7116,#7117,#7118,#7119,#7120,#7121,#7122,#7123,#7124,#7125,#7126,
#7127,#7128,#7129,#7130,#7131,#7132,#7133,#7134,#7135,#7136,#7137,#7138,
#7139,#7140,#7141,#7142,#7143,#7144,#7145,#7146,#7147,#7148,#7149,#7150,
#7151,#7152,#7153,#7154,#7155,#7156,#7157,#7158,#7159,#7160,#7161,#7162,
#7163,#7164,#7165,#7166,#7167,#7168,#7169,#7170,#7171,#7172,#7173,#7174,
#7175,#7176,#7177,#7178,#7179,#7180,#7181,#7182,#7183,#7184,#7185,#7186,
#7187,#7188,#7189,#7190,#7191,#7192,#7193,#7194,#7195,#7196,#7197,#7198,
#7199,#7200,#7201,#7202,#7203,#7204,#7205,#7206,#7207,#7208,#7209,#7210,
#7211,#7212,#7213,#7214,#7215,#7216,#7217,#7218,#7219,#7220,#7221,#7222,
#7223,#7224,#7225,#7226,#7227,#7228,#7229,#7230,#7231,#7232,#7233,#7234,
#7235,#7236,#7237,#7238,#7239,#7240,#7241,#7242,#7243,#7244,#7245,#7246,
#7247,#7248,#7249,#7250,#7251,#7252,#7253,#7254,#7255,#7256,#7257,#7258,
#7259,#7260,#7261,#7262,#7263,#7264,#7265,#7266,#7267,#7268,#7269,#7270,
#7271,#7272,#7273,#7274,#7275,#7276,#7277,#7278,#7279,#7280,#7281,#7282,
#7283,#7284,#7285,#7286,#7287,#7288,#7289,#7290,#7291,#7292,#7293,#7294,
#7295,#7296,#7297,#7298,#7299,#7300,#7301,#7302,#7303,#7304,#7305,#7306,
#7307,#7308,#7309,#7310,#7311,#7312,#7313,#7314,#7315,#7316,#7317,#7318,
#7319,#7320,#7321,#7322));
#7330=DERIVED_UNIT_ELEMENT(#7344,1.);
#7331=DERIVED_UNIT_ELEMENT(#13048,-3.);
#7332=DERIVED_UNIT_ELEMENT(#7344,1.);
#7333=DERIVED_UNIT_ELEMENT(#13048,-3.);
#7334=DERIVED_UNIT_ELEMENT(#7344,1.);
#7335=DERIVED_UNIT_ELEMENT(#13048,-3.);
#7336=DERIVED_UNIT_ELEMENT(#7344,1.);
#7337=DERIVED_UNIT_ELEMENT(#13048,-3.);
#7338=DERIVED_UNIT_ELEMENT(#7344,1.);
#7339=DERIVED_UNIT_ELEMENT(#13048,-3.);
#7340=DERIVED_UNIT_ELEMENT(#7344,1.);
#7341=DERIVED_UNIT_ELEMENT(#13048,-3.);
#7342=DERIVED_UNIT_ELEMENT(#7344,1.);
#7343=DERIVED_UNIT_ELEMENT(#13048,-3.);
#7344=(
MASS_UNIT()
NAMED_UNIT(*)
SI_UNIT(.KILO.,.GRAM.)
);
#7345=DERIVED_UNIT((#7330,#7331));
#7346=DERIVED_UNIT((#7332,#7333));
#7347=DERIVED_UNIT((#7334,#7335));
#7348=DERIVED_UNIT((#7336,#7337));
#7349=DERIVED_UNIT((#7338,#7339));
#7350=DERIVED_UNIT((#7340,#7341));
#7351=DERIVED_UNIT((#7342,#7343));
#7352=MEASURE_REPRESENTATION_ITEM('density measure',
POSITIVE_RATIO_MEASURE(7850.),#7345);
#7353=MEASURE_REPRESENTATION_ITEM('density measure',
POSITIVE_RATIO_MEASURE(7850.),#7346);
#7354=MEASURE_REPRESENTATION_ITEM('density measure',
POSITIVE_RATIO_MEASURE(7850.),#7347);
#7355=MEASURE_REPRESENTATION_ITEM('density measure',
POSITIVE_RATIO_MEASURE(7850.),#7348);
#7356=MEASURE_REPRESENTATION_ITEM('density measure',
POSITIVE_RATIO_MEASURE(7850.),#7349);
#7357=MEASURE_REPRESENTATION_ITEM('density measure',
POSITIVE_RATIO_MEASURE(7850.),#7350);
#7358=MEASURE_REPRESENTATION_ITEM('density measure',
POSITIVE_RATIO_MEASURE(7850.),#7351);
#7359=PROPERTY_DEFINITION_REPRESENTATION(#7394,#7373);
#7360=PROPERTY_DEFINITION_REPRESENTATION(#7395,#7374);
#7361=PROPERTY_DEFINITION_REPRESENTATION(#7396,#7375);
#7362=PROPERTY_DEFINITION_REPRESENTATION(#7397,#7376);
#7363=PROPERTY_DEFINITION_REPRESENTATION(#7398,#7377);
#7364=PROPERTY_DEFINITION_REPRESENTATION(#7399,#7378);
#7365=PROPERTY_DEFINITION_REPRESENTATION(#7400,#7379);
#7366=PROPERTY_DEFINITION_REPRESENTATION(#7401,#7380);
#7367=PROPERTY_DEFINITION_REPRESENTATION(#7402,#7381);
#7368=PROPERTY_DEFINITION_REPRESENTATION(#7403,#7382);
#7369=PROPERTY_DEFINITION_REPRESENTATION(#7404,#7383);
#7370=PROPERTY_DEFINITION_REPRESENTATION(#7405,#7384);
#7371=PROPERTY_DEFINITION_REPRESENTATION(#7406,#7385);
#7372=PROPERTY_DEFINITION_REPRESENTATION(#7407,#7386);
#7373=REPRESENTATION('material name',(#7387),#13038);
#7374=REPRESENTATION('density',(#7352),#13038);
#7375=REPRESENTATION('material name',(#7388),#13039);
#7376=REPRESENTATION('density',(#7353),#13039);
#7377=REPRESENTATION('material name',(#7389),#13041);
#7378=REPRESENTATION('density',(#7354),#13041);
#7379=REPRESENTATION('material name',(#7390),#13042);
#7380=REPRESENTATION('density',(#7355),#13042);
#7381=REPRESENTATION('material name',(#7391),#13043);
#7382=REPRESENTATION('density',(#7356),#13043);
#7383=REPRESENTATION('material name',(#7392),#13044);
#7384=REPRESENTATION('density',(#7357),#13044);
#7385=REPRESENTATION('material name',(#7393),#13045);
#7386=REPRESENTATION('density',(#7358),#13045);
#7387=DESCRIPTIVE_REPRESENTATION_ITEM('Steel','Steel');
#7388=DESCRIPTIVE_REPRESENTATION_ITEM('Steel','Steel');
#7389=DESCRIPTIVE_REPRESENTATION_ITEM('Steel','Steel');
#7390=DESCRIPTIVE_REPRESENTATION_ITEM('Steel','Steel');
#7391=DESCRIPTIVE_REPRESENTATION_ITEM('Steel','Steel');
#7392=DESCRIPTIVE_REPRESENTATION_ITEM('Steel','Steel');
#7393=DESCRIPTIVE_REPRESENTATION_ITEM('Steel','Steel');
#7394=PROPERTY_DEFINITION('material property','material name',#13093);
#7395=PROPERTY_DEFINITION('material property','density of part',#13093);
#7396=PROPERTY_DEFINITION('material property','material name',#13094);
#7397=PROPERTY_DEFINITION('material property','density of part',#13094);
#7398=PROPERTY_DEFINITION('material property','material name',#13096);
#7399=PROPERTY_DEFINITION('material property','density of part',#13096);
#7400=PROPERTY_DEFINITION('material property','material name',#13097);
#7401=PROPERTY_DEFINITION('material property','density of part',#13097);
#7402=PROPERTY_DEFINITION('material property','material name',#13098);
#7403=PROPERTY_DEFINITION('material property','density of part',#13098);
#7404=PROPERTY_DEFINITION('material property','material name',#13099);
#7405=PROPERTY_DEFINITION('material property','density of part',#13099);
#7406=PROPERTY_DEFINITION('material property','material name',#13100);
#7407=PROPERTY_DEFINITION('material property','density of part',#13100);
#7408=AXIS2_PLACEMENT_3D('',#10095,#8065,#8066);
#7409=AXIS2_PLACEMENT_3D('',#10096,#8067,#8068);
#7410=AXIS2_PLACEMENT_3D('',#10097,#8069,#8070);
#7411=AXIS2_PLACEMENT_3D('',#10098,#8071,#8072);
#7412=AXIS2_PLACEMENT_3D('',#10157,#8075,#8076);
#7413=AXIS2_PLACEMENT_3D('',#10161,#8078,#8079);
#7414=AXIS2_PLACEMENT_3D('',#10163,#8081,#8082);
#7415=AXIS2_PLACEMENT_3D('',#10165,#8083,#8084);
#7416=AXIS2_PLACEMENT_3D('',#10167,#8086,#8087);
#7417=AXIS2_PLACEMENT_3D('',#10176,#8092,#8093);
#7418=AXIS2_PLACEMENT_3D('',#10178,#8094,#8095);
#7419=AXIS2_PLACEMENT_3D('',#10180,#8096,#8097);
#7420=AXIS2_PLACEMENT_3D('',#10182,#8099,#8100);
#7421=AXIS2_PLACEMENT_3D('',#10188,#8104,#8105);
#7422=AXIS2_PLACEMENT_3D('',#10189,#8106,#8107);
#7423=AXIS2_PLACEMENT_3D('',#10190,#8108,#8109);
#7424=AXIS2_PLACEMENT_3D('',#10191,#8110,#8111);
#7425=AXIS2_PLACEMENT_3D('',#10200,#8116,#8117);
#7426=AXIS2_PLACEMENT_3D('',#10202,#8118,#8119);
#7427=AXIS2_PLACEMENT_3D('',#10204,#8120,#8121);
#7428=AXIS2_PLACEMENT_3D('',#10206,#8123,#8124);
#7429=AXIS2_PLACEMENT_3D('',#10212,#8128,#8129);
#7430=AXIS2_PLACEMENT_3D('',#10213,#8130,#8131);
#7431=AXIS2_PLACEMENT_3D('',#10214,#8132,#8133);
#7432=AXIS2_PLACEMENT_3D('',#10215,#8134,#8135);
#7433=AXIS2_PLACEMENT_3D('',#10241,#8136,#8137);
#7434=AXIS2_PLACEMENT_3D('',#10243,#8138,#8139);
#7435=AXIS2_PLACEMENT_3D('',#10246,#8141,#8142);
#7436=AXIS2_PLACEMENT_3D('',#10248,#8143,#8144);
#7437=AXIS2_PLACEMENT_3D('',#10249,#8145,#8146);
#7438=AXIS2_PLACEMENT_3D('',#10250,#8147,#8148);
#7439=AXIS2_PLACEMENT_3D('',#10254,#8150,#8151);
#7440=AXIS2_PLACEMENT_3D('',#10258,#8153,#8154);
#7441=AXIS2_PLACEMENT_3D('',#10260,#8156,#8157);
#7442=AXIS2_PLACEMENT_3D('',#10262,#8159,#8160);
#7443=AXIS2_PLACEMENT_3D('',#10264,#8162,#8163);
#7444=AXIS2_PLACEMENT_3D('',#10267,#8165,#8166);
#7445=AXIS2_PLACEMENT_3D('',#10269,#8167,#8168);
#7446=AXIS2_PLACEMENT_3D('',#10270,#8169,#8170);
#7447=AXIS2_PLACEMENT_3D('',#10271,#8171,#8172);
#7448=AXIS2_PLACEMENT_3D('',#10277,#8176,#8177);
#7449=AXIS2_PLACEMENT_3D('',#10281,#8180,#8181);
#7450=AXIS2_PLACEMENT_3D('',#10283,#8183,#8184);
#7451=AXIS2_PLACEMENT_3D('',#10285,#8185,#8186);
#7452=AXIS2_PLACEMENT_3D('',#10286,#8187,#8188);
#7453=AXIS2_PLACEMENT_3D('',#10288,#8190,#8191);
#7454=AXIS2_PLACEMENT_3D('',#10289,#8192,#8193);
#7455=AXIS2_PLACEMENT_3D('',#10291,#8195,#8196);
#7456=AXIS2_PLACEMENT_3D('',#10292,#8197,#8198);
#7457=AXIS2_PLACEMENT_3D('',#10294,#8199,#8200);
#7458=AXIS2_PLACEMENT_3D('',#10297,#8202,#8203);
#7459=AXIS2_PLACEMENT_3D('',#10298,#8204,#8205);
#7460=AXIS2_PLACEMENT_3D('',#10307,#8210,#8211);
#7461=AXIS2_PLACEMENT_3D('',#10309,#8212,#8213);
#7462=AXIS2_PLACEMENT_3D('',#10311,#8214,#8215);
#7463=AXIS2_PLACEMENT_3D('',#10313,#8217,#8218);
#7464=AXIS2_PLACEMENT_3D('',#10319,#8222,#8223);
#7465=AXIS2_PLACEMENT_3D('',#10320,#8224,#8225);
#7466=AXIS2_PLACEMENT_3D('',#10321,#8226,#8227);
#7467=AXIS2_PLACEMENT_3D('',#10322,#8228,#8229);
#7468=AXIS2_PLACEMENT_3D('',#10324,#8230,#8231);
#7469=AXIS2_PLACEMENT_3D('',#10327,#8233,#8234);
#7470=AXIS2_PLACEMENT_3D('',#10328,#8235,#8236);
#7471=AXIS2_PLACEMENT_3D('',#10330,#8237,#8238);
#7472=AXIS2_PLACEMENT_3D('',#10332,#8239,#8240);
#7473=AXIS2_PLACEMENT_3D('',#10334,#8242,#8243);
#7474=AXIS2_PLACEMENT_3D('',#10340,#8247,#8248);
#7475=AXIS2_PLACEMENT_3D('',#10342,#8249,#8250);
#7476=AXIS2_PLACEMENT_3D('',#10344,#8251,#8252);
#7477=AXIS2_PLACEMENT_3D('',#10346,#8254,#8255);
#7478=AXIS2_PLACEMENT_3D('',#10352,#8259,#8260);
#7479=AXIS2_PLACEMENT_3D('',#10354,#8261,#8262);
#7480=AXIS2_PLACEMENT_3D('',#10356,#8263,#8264);
#7481=AXIS2_PLACEMENT_3D('',#10358,#8266,#8267);
#7482=AXIS2_PLACEMENT_3D('',#10361,#8270,#8271);
#7483=AXIS2_PLACEMENT_3D('',#10362,#8272,#8273);
#7484=AXIS2_PLACEMENT_3D('',#10363,#8274,#8275);
#7485=AXIS2_PLACEMENT_3D('',#10364,#8276,#8277);
#7486=AXIS2_PLACEMENT_3D('',#10423,#8280,#8281);
#7487=AXIS2_PLACEMENT_3D('',#10427,#8283,#8284);
#7488=AXIS2_PLACEMENT_3D('',#10429,#8286,#8287);
#7489=AXIS2_PLACEMENT_3D('',#10431,#8288,#8289);
#7490=AXIS2_PLACEMENT_3D('',#10433,#8291,#8292);
#7491=AXIS2_PLACEMENT_3D('',#10442,#8297,#8298);
#7492=AXIS2_PLACEMENT_3D('',#10444,#8299,#8300);
#7493=AXIS2_PLACEMENT_3D('',#10447,#8302,#8303);
#7494=AXIS2_PLACEMENT_3D('',#10448,#8304,#8305);
#7495=AXIS2_PLACEMENT_3D('',#10454,#8309,#8310);
#7496=AXIS2_PLACEMENT_3D('',#10455,#8311,#8312);
#7497=AXIS2_PLACEMENT_3D('',#10456,#8313,#8314);
#7498=AXIS2_PLACEMENT_3D('',#10457,#8315,#8316);
#7499=AXIS2_PLACEMENT_3D('',#10466,#8321,#8322);
#7500=AXIS2_PLACEMENT_3D('',#10468,#8323,#8324);
#7501=AXIS2_PLACEMENT_3D('',#10471,#8326,#8327);
#7502=AXIS2_PLACEMENT_3D('',#10472,#8328,#8329);
#7503=AXIS2_PLACEMENT_3D('',#10478,#8333,#8334);
#7504=AXIS2_PLACEMENT_3D('',#10479,#8335,#8336);
#7505=AXIS2_PLACEMENT_3D('',#10480,#8337,#8338);
#7506=AXIS2_PLACEMENT_3D('',#10481,#8339,#8340);
#7507=AXIS2_PLACEMENT_3D('',#10507,#8341,#8342);
#7508=AXIS2_PLACEMENT_3D('',#10509,#8343,#8344);
#7509=AXIS2_PLACEMENT_3D('',#10512,#8346,#8347);
#7510=AXIS2_PLACEMENT_3D('',#10514,#8348,#8349);
#7511=AXIS2_PLACEMENT_3D('',#10515,#8350,#8351);
#7512=AXIS2_PLACEMENT_3D('',#10516,#8352,#8353);
#7513=AXIS2_PLACEMENT_3D('',#10520,#8355,#8356);
#7514=AXIS2_PLACEMENT_3D('',#10524,#8358,#8359);
#7515=AXIS2_PLACEMENT_3D('',#10526,#8361,#8362);
#7516=AXIS2_PLACEMENT_3D('',#10528,#8364,#8365);
#7517=AXIS2_PLACEMENT_3D('',#10530,#8367,#8368);
#7518=AXIS2_PLACEMENT_3D('',#10533,#8370,#8371);
#7519=AXIS2_PLACEMENT_3D('',#10535,#8372,#8373);
#7520=AXIS2_PLACEMENT_3D('',#10536,#8374,#8375);
#7521=AXIS2_PLACEMENT_3D('',#10537,#8376,#8377);
#7522=AXIS2_PLACEMENT_3D('',#10543,#8381,#8382);
#7523=AXIS2_PLACEMENT_3D('',#10547,#8385,#8386);
#7524=AXIS2_PLACEMENT_3D('',#10549,#8388,#8389);
#7525=AXIS2_PLACEMENT_3D('',#10551,#8390,#8391);
#7526=AXIS2_PLACEMENT_3D('',#10553,#8393,#8394);
#7527=AXIS2_PLACEMENT_3D('',#10554,#8395,#8396);
#7528=AXIS2_PLACEMENT_3D('',#10555,#8397,#8398);
#7529=AXIS2_PLACEMENT_3D('',#10557,#8400,#8401);
#7530=AXIS2_PLACEMENT_3D('',#10558,#8402,#8403);
#7531=AXIS2_PLACEMENT_3D('',#10560,#8404,#8405);
#7532=AXIS2_PLACEMENT_3D('',#10563,#8407,#8408);
#7533=AXIS2_PLACEMENT_3D('',#10564,#8409,#8410);
#7534=AXIS2_PLACEMENT_3D('',#10573,#8415,#8416);
#7535=AXIS2_PLACEMENT_3D('',#10575,#8417,#8418);
#7536=AXIS2_PLACEMENT_3D('',#10578,#8420,#8421);
#7537=AXIS2_PLACEMENT_3D('',#10579,#8422,#8423);
#7538=AXIS2_PLACEMENT_3D('',#10585,#8427,#8428);
#7539=AXIS2_PLACEMENT_3D('',#10586,#8429,#8430);
#7540=AXIS2_PLACEMENT_3D('',#10587,#8431,#8432);
#7541=AXIS2_PLACEMENT_3D('',#10588,#8433,#8434);
#7542=AXIS2_PLACEMENT_3D('',#10590,#8435,#8436);
#7543=AXIS2_PLACEMENT_3D('',#10593,#8438,#8439);
#7544=AXIS2_PLACEMENT_3D('',#10594,#8440,#8441);
#7545=AXIS2_PLACEMENT_3D('',#10596,#8442,#8443);
#7546=AXIS2_PLACEMENT_3D('',#10599,#8445,#8446);
#7547=AXIS2_PLACEMENT_3D('',#10600,#8447,#8448);
#7548=AXIS2_PLACEMENT_3D('',#10606,#8452,#8453);
#7549=AXIS2_PLACEMENT_3D('',#10608,#8454,#8455);
#7550=AXIS2_PLACEMENT_3D('',#10611,#8457,#8458);
#7551=AXIS2_PLACEMENT_3D('',#10612,#8459,#8460);
#7552=AXIS2_PLACEMENT_3D('',#10618,#8464,#8465);
#7553=AXIS2_PLACEMENT_3D('',#10620,#8466,#8467);
#7554=AXIS2_PLACEMENT_3D('',#10623,#8469,#8470);
#7555=AXIS2_PLACEMENT_3D('',#10624,#8471,#8472);
#7556=AXIS2_PLACEMENT_3D('',#10627,#8475,#8476);
#7557=AXIS2_PLACEMENT_3D('',#10628,#8477,#8478);
#7558=AXIS2_PLACEMENT_3D('',#10629,#8479,#8480);
#7559=AXIS2_PLACEMENT_3D('',#10630,#8481,#8482);
#7560=AXIS2_PLACEMENT_3D('',#10631,#8483,#8484);
#7561=AXIS2_PLACEMENT_3D('',#10632,#8485,#8486);
#7562=AXIS2_PLACEMENT_3D('',#10633,#8487,#8488);
#7563=AXIS2_PLACEMENT_3D('',#10635,#8489,#8490);
#7564=AXIS2_PLACEMENT_3D('',#10638,#8492,#8493);
#7565=AXIS2_PLACEMENT_3D('',#10639,#8494,#8495);
#7566=AXIS2_PLACEMENT_3D('',#10641,#8496,#8497);
#7567=AXIS2_PLACEMENT_3D('',#10644,#8499,#8500);
#7568=AXIS2_PLACEMENT_3D('',#10645,#8501,#8502);
#7569=AXIS2_PLACEMENT_3D('',#10648,#8503,#8504);
#7570=AXIS2_PLACEMENT_3D('',#10652,#8506,#8507);
#7571=AXIS2_PLACEMENT_3D('',#10654,#8509,#8510);
#7572=AXIS2_PLACEMENT_3D('',#10660,#8514,#8515);
#7573=AXIS2_PLACEMENT_3D('',#10662,#8516,#8517);
#7574=AXIS2_PLACEMENT_3D('',#10664,#8518,#8519);
#7575=AXIS2_PLACEMENT_3D('',#10666,#8521,#8522);
#7576=AXIS2_PLACEMENT_3D('',#10669,#8525,#8526);
#7577=AXIS2_PLACEMENT_3D('',#10670,#8527,#8528);
#7578=AXIS2_PLACEMENT_3D('',#10671,#8529,#8530);
#7579=AXIS2_PLACEMENT_3D('',#10672,#8531,#8532);
#7580=AXIS2_PLACEMENT_3D('',#10674,#8533,#8534);
#7581=AXIS2_PLACEMENT_3D('',#10677,#8536,#8537);
#7582=AXIS2_PLACEMENT_3D('',#10678,#8538,#8539);
#7583=AXIS2_PLACEMENT_3D('',#10680,#8540,#8541);
#7584=AXIS2_PLACEMENT_3D('',#10683,#8543,#8544);
#7585=AXIS2_PLACEMENT_3D('',#10684,#8545,#8546);
#7586=AXIS2_PLACEMENT_3D('',#10687,#8547,#8548);
#7587=AXIS2_PLACEMENT_3D('',#10691,#8550,#8551);
#7588=AXIS2_PLACEMENT_3D('',#10693,#8553,#8554);
#7589=AXIS2_PLACEMENT_3D('',#10699,#8558,#8559);
#7590=AXIS2_PLACEMENT_3D('',#10701,#8560,#8561);
#7591=AXIS2_PLACEMENT_3D('',#10704,#8563,#8564);
#7592=AXIS2_PLACEMENT_3D('',#10705,#8565,#8566);
#7593=AXIS2_PLACEMENT_3D('',#10708,#8569,#8570);
#7594=AXIS2_PLACEMENT_3D('',#10709,#8571,#8572);
#7595=AXIS2_PLACEMENT_3D('',#10710,#8573,#8574);
#7596=AXIS2_PLACEMENT_3D('',#10711,#8575,#8576);
#7597=AXIS2_PLACEMENT_3D('',#10712,#8577,#8578);
#7598=AXIS2_PLACEMENT_3D('',#10713,#8579,#8580);
#7599=AXIS2_PLACEMENT_3D('',#10716,#8581,#8582);
#7600=AXIS2_PLACEMENT_3D('',#10720,#8584,#8585);
#7601=AXIS2_PLACEMENT_3D('',#10722,#8587,#8588);
#7602=AXIS2_PLACEMENT_3D('',#10723,#8589,#8590);
#7603=AXIS2_PLACEMENT_3D('',#10724,#8591,#8592);
#7604=AXIS2_PLACEMENT_3D('',#10751,#8595,#8596);
#7605=AXIS2_PLACEMENT_3D('',#10757,#8599,#8600);
#7606=AXIS2_PLACEMENT_3D('',#10762,#8603,#8604);
#7607=AXIS2_PLACEMENT_3D('',#10763,#8605,#8606);
#7608=AXIS2_PLACEMENT_3D('',#10790,#8609,#8610);
#7609=AXIS2_PLACEMENT_3D('',#10791,#8611,#8612);
#7610=AXIS2_PLACEMENT_3D('',#10797,#8615,#8616);
#7611=AXIS2_PLACEMENT_3D('',#10800,#8618,#8619);
#7612=AXIS2_PLACEMENT_3D('',#10801,#8620,#8621);
#7613=AXIS2_PLACEMENT_3D('',#10803,#8622,#8623);
#7614=AXIS2_PLACEMENT_3D('',#10827,#8625,#8626);
#7615=AXIS2_PLACEMENT_3D('',#10829,#8627,#8628);
#7616=AXIS2_PLACEMENT_3D('',#10830,#8629,#8630);
#7617=AXIS2_PLACEMENT_3D('',#10832,#8631,#8632);
#7618=AXIS2_PLACEMENT_3D('',#10833,#8633,#8634);
#7619=AXIS2_PLACEMENT_3D('',#10834,#8635,#8636);
#7620=AXIS2_PLACEMENT_3D('',#10835,#8637,#8638);
#7621=AXIS2_PLACEMENT_3D('',#10837,#8640,#8641);
#7622=AXIS2_PLACEMENT_3D('',#10839,#8643,#8644);
#7623=AXIS2_PLACEMENT_3D('',#10840,#8645,#8646);
#7624=AXIS2_PLACEMENT_3D('',#10842,#8648,#8649);
#7625=AXIS2_PLACEMENT_3D('',#10843,#8650,#8651);
#7626=AXIS2_PLACEMENT_3D('',#10844,#8652,#8653);
#7627=AXIS2_PLACEMENT_3D('',#10845,#8654,#8655);
#7628=AXIS2_PLACEMENT_3D('',#10848,#8657,#8658);
#7629=AXIS2_PLACEMENT_3D('',#10849,#8659,#8660);
#7630=AXIS2_PLACEMENT_3D('',#10852,#8662,#8663);
#7631=AXIS2_PLACEMENT_3D('',#10853,#8664,#8665);
#7632=AXIS2_PLACEMENT_3D('',#10854,#8666,#8667);
#7633=AXIS2_PLACEMENT_3D('',#10882,#8668,#8669);
#7634=AXIS2_PLACEMENT_3D('',#10951,#8670,#8671);
#7635=AXIS2_PLACEMENT_3D('',#10979,#8672,#8673);
#7636=AXIS2_PLACEMENT_3D('',#11031,#8674,#8675);
#7637=AXIS2_PLACEMENT_3D('',#11040,#8676,#8677);
#7638=AXIS2_PLACEMENT_3D('',#11041,#8678,#8679);
#7639=AXIS2_PLACEMENT_3D('',#11042,#8680,#8681);
#7640=AXIS2_PLACEMENT_3D('',#11225,#8682,#8683);
#7641=AXIS2_PLACEMENT_3D('',#11226,#8684,#8685);
#7642=AXIS2_PLACEMENT_3D('',#11227,#8686,#8687);
#7643=AXIS2_PLACEMENT_3D('',#11231,#8690,#8691);
#7644=AXIS2_PLACEMENT_3D('',#11232,#8692,#8693);
#7645=AXIS2_PLACEMENT_3D('',#11234,#8694,#8695);
#7646=AXIS2_PLACEMENT_3D('',#11236,#8697,#8698);
#7647=AXIS2_PLACEMENT_3D('',#11237,#8699,#8700);
#7648=AXIS2_PLACEMENT_3D('',#11239,#8701,#8702);
#7649=AXIS2_PLACEMENT_3D('',#11241,#8704,#8705);
#7650=AXIS2_PLACEMENT_3D('',#11242,#8706,#8707);
#7651=AXIS2_PLACEMENT_3D('',#11243,#8708,#8709);
#7652=AXIS2_PLACEMENT_3D('',#11248,#8711,#8712);
#7653=AXIS2_PLACEMENT_3D('',#11270,#8724,#8725);
#7654=AXIS2_PLACEMENT_3D('',#11279,#8730,#8731);
#7655=AXIS2_PLACEMENT_3D('',#11285,#8735,#8736);
#7656=AXIS2_PLACEMENT_3D('',#11295,#8742,#8743);
#7657=AXIS2_PLACEMENT_3D('',#11301,#8747,#8748);
#7658=AXIS2_PLACEMENT_3D('',#11312,#8755,#8756);
#7659=AXIS2_PLACEMENT_3D('',#11314,#8758,#8759);
#7660=AXIS2_PLACEMENT_3D('',#11320,#8763,#8764);
#7661=AXIS2_PLACEMENT_3D('',#11322,#8766,#8767);
#7662=AXIS2_PLACEMENT_3D('',#11326,#8770,#8771);
#7663=AXIS2_PLACEMENT_3D('',#11338,#8773,#8774);
#7664=AXIS2_PLACEMENT_3D('',#11341,#8776,#8777);
#7665=AXIS2_PLACEMENT_3D('',#11342,#8778,#8779);
#7666=AXIS2_PLACEMENT_3D('',#11344,#8780,#8781);
#7667=AXIS2_PLACEMENT_3D('',#11348,#8783,#8784);
#7668=AXIS2_PLACEMENT_3D('',#11356,#8788,#8789);
#7669=AXIS2_PLACEMENT_3D('',#11360,#8791,#8792);
#7670=AXIS2_PLACEMENT_3D('',#11365,#8795,#8796);
#7671=AXIS2_PLACEMENT_3D('',#11366,#8797,#8798);
#7672=AXIS2_PLACEMENT_3D('',#11369,#8799,#8800);
#7673=AXIS2_PLACEMENT_3D('',#11373,#8802,#8803);
#7674=AXIS2_PLACEMENT_3D('',#11375,#8805,#8806);
#7675=AXIS2_PLACEMENT_3D('',#11383,#8810,#8811);
#7676=AXIS2_PLACEMENT_3D('',#11467,#8853,#8854);
#7677=AXIS2_PLACEMENT_3D('',#11493,#8868,#8869);
#7678=AXIS2_PLACEMENT_3D('',#11496,#8871,#8872);
#7679=AXIS2_PLACEMENT_3D('',#11497,#8873,#8874);
#7680=AXIS2_PLACEMENT_3D('',#11500,#8876,#8877);
#7681=AXIS2_PLACEMENT_3D('',#11502,#8878,#8879);
#7682=AXIS2_PLACEMENT_3D('',#11504,#8881,#8882);
#7683=AXIS2_PLACEMENT_3D('',#11508,#8884,#8885);
#7684=AXIS2_PLACEMENT_3D('',#11512,#8887,#8888);
#7685=AXIS2_PLACEMENT_3D('',#11520,#8892,#8893);
#7686=AXIS2_PLACEMENT_3D('',#11524,#8895,#8896);
#7687=AXIS2_PLACEMENT_3D('',#11531,#8900,#8901);
#7688=AXIS2_PLACEMENT_3D('',#11532,#8902,#8903);
#7689=AXIS2_PLACEMENT_3D('',#11558,#8905,#8906);
#7690=AXIS2_PLACEMENT_3D('',#11560,#8908,#8909);
#7691=AXIS2_PLACEMENT_3D('',#11565,#8913,#8914);
#7692=AXIS2_PLACEMENT_3D('',#11567,#8915,#8916);
#7693=AXIS2_PLACEMENT_3D('',#11571,#8918,#8919);
#7694=AXIS2_PLACEMENT_3D('',#11578,#8923,#8924);
#7695=AXIS2_PLACEMENT_3D('',#11602,#8936,#8937);
#7696=AXIS2_PLACEMENT_3D('',#11606,#8939,#8940);
#7697=AXIS2_PLACEMENT_3D('',#11644,#8960,#8961);
#7698=AXIS2_PLACEMENT_3D('',#11665,#8964,#8965);
#7699=AXIS2_PLACEMENT_3D('',#11698,#8972,#8973);
#7700=AXIS2_PLACEMENT_3D('',#11700,#8974,#8975);
#7701=AXIS2_PLACEMENT_3D('',#11702,#8976,#8977);
#7702=AXIS2_PLACEMENT_3D('',#11703,#8978,#8979);
#7703=AXIS2_PLACEMENT_3D('',#11704,#8980,#8981);
#7704=AXIS2_PLACEMENT_3D('',#11707,#8982,#8983);
#7705=AXIS2_PLACEMENT_3D('',#11710,#8986,#8987);
#7706=AXIS2_PLACEMENT_3D('',#11714,#8989,#8990);
#7707=AXIS2_PLACEMENT_3D('',#11724,#8995,#8996);
#7708=AXIS2_PLACEMENT_3D('',#11728,#8998,#8999);
#7709=AXIS2_PLACEMENT_3D('',#11732,#9001,#9002);
#7710=AXIS2_PLACEMENT_3D('',#11736,#9004,#9005);
#7711=AXIS2_PLACEMENT_3D('',#11740,#9007,#9008);
#7712=AXIS2_PLACEMENT_3D('',#11743,#9010,#9011);
#7713=AXIS2_PLACEMENT_3D('',#11744,#9012,#9013);
#7714=AXIS2_PLACEMENT_3D('',#11747,#9015,#9016);
#7715=AXIS2_PLACEMENT_3D('',#11748,#9017,#9018);
#7716=AXIS2_PLACEMENT_3D('',#11770,#9025,#9026);
#7717=AXIS2_PLACEMENT_3D('',#11771,#9027,#9028);
#7718=AXIS2_PLACEMENT_3D('',#11772,#9029,#9030);
#7719=AXIS2_PLACEMENT_3D('',#11774,#9031,#9032);
#7720=AXIS2_PLACEMENT_3D('',#11776,#9034,#9035);
#7721=AXIS2_PLACEMENT_3D('',#11779,#9037,#9038);
#7722=AXIS2_PLACEMENT_3D('',#11780,#9039,#9040);
#7723=AXIS2_PLACEMENT_3D('',#11789,#9045,#9046);
#7724=AXIS2_PLACEMENT_3D('',#11791,#9048,#9049);
#7725=AXIS2_PLACEMENT_3D('',#11793,#9050,#9051);
#7726=AXIS2_PLACEMENT_3D('',#11796,#9053,#9054);
#7727=AXIS2_PLACEMENT_3D('',#11797,#9055,#9056);
#7728=AXIS2_PLACEMENT_3D('',#11803,#9060,#9061);
#7729=AXIS2_PLACEMENT_3D('',#11807,#9063,#9064);
#7730=AXIS2_PLACEMENT_3D('',#11811,#9066,#9067);
#7731=AXIS2_PLACEMENT_3D('',#11815,#9069,#9070);
#7732=AXIS2_PLACEMENT_3D('',#11819,#9072,#9073);
#7733=AXIS2_PLACEMENT_3D('',#11822,#9075,#9076);
#7734=AXIS2_PLACEMENT_3D('',#11824,#9077,#9078);
#7735=AXIS2_PLACEMENT_3D('',#11828,#9080,#9081);
#7736=AXIS2_PLACEMENT_3D('',#11832,#9083,#9084);
#7737=AXIS2_PLACEMENT_3D('',#11835,#9086,#9087);
#7738=AXIS2_PLACEMENT_3D('',#11840,#9090,#9091);
#7739=AXIS2_PLACEMENT_3D('',#11847,#9095,#9096);
#7740=AXIS2_PLACEMENT_3D('',#11849,#9097,#9098);
#7741=AXIS2_PLACEMENT_3D('',#11851,#9099,#9100);
#7742=AXIS2_PLACEMENT_3D('',#11853,#9101,#9102);
#7743=AXIS2_PLACEMENT_3D('',#11854,#9103,#9104);
#7744=AXIS2_PLACEMENT_3D('',#11857,#9106,#9107);
#7745=AXIS2_PLACEMENT_3D('',#11858,#9108,#9109);
#7746=AXIS2_PLACEMENT_3D('',#11862,#9112,#9113);
#7747=AXIS2_PLACEMENT_3D('',#11865,#9115,#9116);
#7748=AXIS2_PLACEMENT_3D('',#11866,#9117,#9118);
#7749=AXIS2_PLACEMENT_3D('',#11870,#9121,#9122);
#7750=AXIS2_PLACEMENT_3D('',#11873,#9123,#9124);
#7751=AXIS2_PLACEMENT_3D('',#11876,#9127,#9128);
#7752=AXIS2_PLACEMENT_3D('',#11898,#9133,#9134);
#7753=AXIS2_PLACEMENT_3D('',#11901,#9135,#9136);
#7754=AXIS2_PLACEMENT_3D('',#11904,#9139,#9140);
#7755=AXIS2_PLACEMENT_3D('',#11908,#9143,#9144);
#7756=AXIS2_PLACEMENT_3D('',#11910,#9145,#9146);
#7757=AXIS2_PLACEMENT_3D('',#11912,#9148,#9149);
#7758=AXIS2_PLACEMENT_3D('',#11916,#9151,#9152);
#7759=AXIS2_PLACEMENT_3D('',#11918,#9154,#9155);
#7760=AXIS2_PLACEMENT_3D('',#11922,#9158,#9159);
#7761=AXIS2_PLACEMENT_3D('',#11923,#9160,#9161);
#7762=AXIS2_PLACEMENT_3D('',#11924,#9162,#9163);
#7763=AXIS2_PLACEMENT_3D('',#11926,#9164,#9165);
#7764=AXIS2_PLACEMENT_3D('',#11928,#9167,#9168);
#7765=AXIS2_PLACEMENT_3D('',#11932,#9171,#9172);
#7766=AXIS2_PLACEMENT_3D('',#11933,#9173,#9174);
#7767=AXIS2_PLACEMENT_3D('',#11934,#9175,#9176);
#7768=AXIS2_PLACEMENT_3D('',#11936,#9178,#9179);
#7769=AXIS2_PLACEMENT_3D('',#11947,#9186,#9187);
#7770=AXIS2_PLACEMENT_3D('',#11950,#9190,#9191);
#7771=AXIS2_PLACEMENT_3D('',#11954,#9194,#9195);
#7772=AXIS2_PLACEMENT_3D('',#11957,#9198,#9199);
#7773=AXIS2_PLACEMENT_3D('',#11966,#9205,#9206);
#7774=AXIS2_PLACEMENT_3D('',#11968,#9208,#9209);
#7775=AXIS2_PLACEMENT_3D('',#11977,#9214,#9215);
#7776=AXIS2_PLACEMENT_3D('',#11979,#9217,#9218);
#7777=AXIS2_PLACEMENT_3D('',#11983,#9221,#9222);
#7778=AXIS2_PLACEMENT_3D('',#11987,#9224,#9225);
#7779=AXIS2_PLACEMENT_3D('',#11989,#9227,#9228);
#7780=AXIS2_PLACEMENT_3D('',#11993,#9231,#9232);
#7781=AXIS2_PLACEMENT_3D('',#11997,#9234,#9235);
#7782=AXIS2_PLACEMENT_3D('',#12002,#9238,#9239);
#7783=AXIS2_PLACEMENT_3D('',#12006,#9241,#9242);
#7784=AXIS2_PLACEMENT_3D('',#12011,#9245,#9246);
#7785=AXIS2_PLACEMENT_3D('',#12012,#9247,#9248);
#7786=AXIS2_PLACEMENT_3D('',#12015,#9251,#9252);
#7787=AXIS2_PLACEMENT_3D('',#12017,#9254,#9255);
#7788=AXIS2_PLACEMENT_3D('',#12019,#9257,#9258);
#7789=AXIS2_PLACEMENT_3D('',#12021,#9260,#9261);
#7790=AXIS2_PLACEMENT_3D('',#12023,#9263,#9264);
#7791=AXIS2_PLACEMENT_3D('',#12024,#9265,#9266);
#7792=AXIS2_PLACEMENT_3D('',#12025,#9267,#9268);
#7793=AXIS2_PLACEMENT_3D('',#12029,#9271,#9272);
#7794=AXIS2_PLACEMENT_3D('',#12033,#9274,#9275);
#7795=AXIS2_PLACEMENT_3D('',#12037,#9278,#9279);
#7796=AXIS2_PLACEMENT_3D('',#12039,#9281,#9282);
#7797=AXIS2_PLACEMENT_3D('',#12040,#9283,#9284);
#7798=AXIS2_PLACEMENT_3D('',#12042,#9286,#9287);
#7799=AXIS2_PLACEMENT_3D('',#12044,#9289,#9290);
#7800=AXIS2_PLACEMENT_3D('',#12046,#9292,#9293);
#7801=AXIS2_PLACEMENT_3D('',#12047,#9294,#9295);
#7802=AXIS2_PLACEMENT_3D('',#12051,#9298,#9299);
#7803=AXIS2_PLACEMENT_3D('',#12054,#9302,#9303);
#7804=AXIS2_PLACEMENT_3D('',#12055,#9304,#9305);
#7805=AXIS2_PLACEMENT_3D('',#12057,#9307,#9308);
#7806=AXIS2_PLACEMENT_3D('',#12058,#9309,#9310);
#7807=AXIS2_PLACEMENT_3D('',#12059,#9311,#9312);
#7808=AXIS2_PLACEMENT_3D('',#12061,#9314,#9315);
#7809=AXIS2_PLACEMENT_3D('',#12065,#9317,#9318);
#7810=AXIS2_PLACEMENT_3D('',#12067,#9320,#9321);
#7811=AXIS2_PLACEMENT_3D('',#12071,#9324,#9325);
#7812=AXIS2_PLACEMENT_3D('',#12075,#9327,#9328);
#7813=AXIS2_PLACEMENT_3D('',#12082,#9332,#9333);
#7814=AXIS2_PLACEMENT_3D('',#12086,#9335,#9336);
#7815=AXIS2_PLACEMENT_3D('',#12091,#9339,#9340);
#7816=AXIS2_PLACEMENT_3D('',#12092,#9341,#9342);
#7817=AXIS2_PLACEMENT_3D('',#12095,#9345,#9346);
#7818=AXIS2_PLACEMENT_3D('',#12097,#9348,#9349);
#7819=AXIS2_PLACEMENT_3D('',#12099,#9351,#9352);
#7820=AXIS2_PLACEMENT_3D('',#12101,#9354,#9355);
#7821=AXIS2_PLACEMENT_3D('',#12103,#9357,#9358);
#7822=AXIS2_PLACEMENT_3D('',#12104,#9359,#9360);
#7823=AXIS2_PLACEMENT_3D('',#12106,#9362,#9363);
#7824=AXIS2_PLACEMENT_3D('',#12112,#9367,#9368);
#7825=AXIS2_PLACEMENT_3D('',#12116,#9370,#9371);
#7826=AXIS2_PLACEMENT_3D('',#12120,#9374,#9375);
#7827=AXIS2_PLACEMENT_3D('',#12122,#9377,#9378);
#7828=AXIS2_PLACEMENT_3D('',#12126,#9381,#9382);
#7829=AXIS2_PLACEMENT_3D('',#12128,#9383,#9384);
#7830=AXIS2_PLACEMENT_3D('',#12130,#9386,#9387);
#7831=AXIS2_PLACEMENT_3D('',#12134,#9390,#9391);
#7832=AXIS2_PLACEMENT_3D('',#12136,#9393,#9394);
#7833=AXIS2_PLACEMENT_3D('',#12139,#9397,#9398);
#7834=AXIS2_PLACEMENT_3D('',#12140,#9399,#9400);
#7835=AXIS2_PLACEMENT_3D('',#12141,#9401,#9402);
#7836=AXIS2_PLACEMENT_3D('',#12142,#9403,#9404);
#7837=AXIS2_PLACEMENT_3D('',#12143,#9405,#9406);
#7838=AXIS2_PLACEMENT_3D('',#12145,#9408,#9409);
#7839=AXIS2_PLACEMENT_3D('',#12149,#9411,#9412);
#7840=AXIS2_PLACEMENT_3D('',#12153,#9414,#9415);
#7841=AXIS2_PLACEMENT_3D('',#12159,#9418,#9419);
#7842=AXIS2_PLACEMENT_3D('',#12162,#9421,#9422);
#7843=AXIS2_PLACEMENT_3D('',#12167,#9424,#9425);
#7844=AXIS2_PLACEMENT_3D('',#12171,#9427,#9428);
#7845=AXIS2_PLACEMENT_3D('',#12175,#9430,#9431);
#7846=AXIS2_PLACEMENT_3D('',#12178,#9433,#9434);
#7847=AXIS2_PLACEMENT_3D('',#12183,#9436,#9437);
#7848=AXIS2_PLACEMENT_3D('',#12187,#9439,#9440);
#7849=AXIS2_PLACEMENT_3D('',#12191,#9442,#9443);
#7850=AXIS2_PLACEMENT_3D('',#12194,#9445,#9446);
#7851=AXIS2_PLACEMENT_3D('',#12195,#9447,#9448);
#7852=AXIS2_PLACEMENT_3D('',#12196,#9449,#9450);
#7853=AXIS2_PLACEMENT_3D('',#12200,#9452,#9453);
#7854=AXIS2_PLACEMENT_3D('',#12204,#9455,#9456);
#7855=AXIS2_PLACEMENT_3D('',#12210,#9459,#9460);
#7856=AXIS2_PLACEMENT_3D('',#12213,#9462,#9463);
#7857=AXIS2_PLACEMENT_3D('',#12218,#9465,#9466);
#7858=AXIS2_PLACEMENT_3D('',#12222,#9468,#9469);
#7859=AXIS2_PLACEMENT_3D('',#12226,#9471,#9472);
#7860=AXIS2_PLACEMENT_3D('',#12229,#9474,#9475);
#7861=AXIS2_PLACEMENT_3D('',#12234,#9477,#9478);
#7862=AXIS2_PLACEMENT_3D('',#12238,#9480,#9481);
#7863=AXIS2_PLACEMENT_3D('',#12242,#9483,#9484);
#7864=AXIS2_PLACEMENT_3D('',#12245,#9486,#9487);
#7865=AXIS2_PLACEMENT_3D('',#12246,#9488,#9489);
#7866=AXIS2_PLACEMENT_3D('',#12248,#9490,#9491);
#7867=AXIS2_PLACEMENT_3D('',#12250,#9493,#9494);
#7868=AXIS2_PLACEMENT_3D('',#12252,#9495,#9496);
#7869=AXIS2_PLACEMENT_3D('',#12254,#9498,#9499);
#7870=AXIS2_PLACEMENT_3D('',#12256,#9500,#9501);
#7871=AXIS2_PLACEMENT_3D('',#12258,#9503,#9504);
#7872=AXIS2_PLACEMENT_3D('',#12260,#9505,#9506);
#7873=AXIS2_PLACEMENT_3D('',#12262,#9508,#9509);
#7874=AXIS2_PLACEMENT_3D('',#12264,#9511,#9512);
#7875=AXIS2_PLACEMENT_3D('',#12298,#9515,#9516);
#7876=AXIS2_PLACEMENT_3D('',#12302,#9520,#9521);
#7877=AXIS2_PLACEMENT_3D('',#12304,#9523,#9524);
#7878=AXIS2_PLACEMENT_3D('',#12311,#9529,#9530);
#7879=AXIS2_PLACEMENT_3D('',#12362,#9535,#9536);
#7880=AXIS2_PLACEMENT_3D('',#12364,#9538,#9539);
#7881=AXIS2_PLACEMENT_3D('',#12366,#9540,#9541);
#7882=AXIS2_PLACEMENT_3D('',#12368,#9543,#9544);
#7883=AXIS2_PLACEMENT_3D('',#12375,#9549,#9550);
#7884=AXIS2_PLACEMENT_3D('',#12377,#9552,#9553);
#7885=AXIS2_PLACEMENT_3D('',#12383,#9557,#9558);
#7886=AXIS2_PLACEMENT_3D('',#12385,#9560,#9561);
#7887=AXIS2_PLACEMENT_3D('',#12392,#9566,#9567);
#7888=AXIS2_PLACEMENT_3D('',#12394,#9569,#9570);
#7889=AXIS2_PLACEMENT_3D('',#12400,#9574,#9575);
#7890=AXIS2_PLACEMENT_3D('',#12402,#9577,#9578);
#7891=AXIS2_PLACEMENT_3D('',#12409,#9583,#9584);
#7892=AXIS2_PLACEMENT_3D('',#12411,#9586,#9587);
#7893=AXIS2_PLACEMENT_3D('',#12415,#9590,#9591);
#7894=AXIS2_PLACEMENT_3D('',#12419,#9594,#9595);
#7895=AXIS2_PLACEMENT_3D('',#12426,#9600,#9601);
#7896=AXIS2_PLACEMENT_3D('',#12428,#9603,#9604);
#7897=AXIS2_PLACEMENT_3D('',#12432,#9607,#9608);
#7898=AXIS2_PLACEMENT_3D('',#12436,#9611,#9612);
#7899=AXIS2_PLACEMENT_3D('',#12443,#9617,#9618);
#7900=AXIS2_PLACEMENT_3D('',#12449,#9622,#9623);
#7901=AXIS2_PLACEMENT_3D('',#12455,#9627,#9628);
#7902=AXIS2_PLACEMENT_3D('',#12464,#9634,#9635);
#7903=AXIS2_PLACEMENT_3D('',#12470,#9639,#9640);
#7904=AXIS2_PLACEMENT_3D('',#12477,#9645,#9646);
#7905=AXIS2_PLACEMENT_3D('',#12486,#9652,#9653);
#7906=AXIS2_PLACEMENT_3D('',#12492,#9657,#9658);
#7907=AXIS2_PLACEMENT_3D('',#12498,#9661,#9662);
#7908=AXIS2_PLACEMENT_3D('',#12502,#9665,#9666);
#7909=AXIS2_PLACEMENT_3D('',#12504,#9667,#9668);
#7910=AXIS2_PLACEMENT_3D('',#12506,#9670,#9671);
#7911=AXIS2_PLACEMENT_3D('',#12508,#9672,#9673);
#7912=AXIS2_PLACEMENT_3D('',#12510,#9675,#9676);
#7913=AXIS2_PLACEMENT_3D('',#12512,#9677,#9678);
#7914=AXIS2_PLACEMENT_3D('',#12514,#9680,#9681);
#7915=AXIS2_PLACEMENT_3D('',#12518,#9684,#9685);
#7916=AXIS2_PLACEMENT_3D('',#12519,#9686,#9687);
#7917=AXIS2_PLACEMENT_3D('',#12520,#9688,#9689);
#7918=AXIS2_PLACEMENT_3D('',#12523,#9691,#9692);
#7919=AXIS2_PLACEMENT_3D('',#12524,#9693,#9694);
#7920=AXIS2_PLACEMENT_3D('',#12526,#9696,#9697);
#7921=AXIS2_PLACEMENT_3D('',#12530,#9700,#9701);
#7922=AXIS2_PLACEMENT_3D('',#12532,#9702,#9703);
#7923=AXIS2_PLACEMENT_3D('',#12534,#9705,#9706);
#7924=AXIS2_PLACEMENT_3D('',#12536,#9708,#9709);
#7925=AXIS2_PLACEMENT_3D('',#12538,#9711,#9712);
#7926=AXIS2_PLACEMENT_3D('',#12542,#9715,#9716);
#7927=AXIS2_PLACEMENT_3D('',#12544,#9718,#9719);
#7928=AXIS2_PLACEMENT_3D('',#12546,#9721,#9722);
#7929=AXIS2_PLACEMENT_3D('',#12549,#9725,#9726);
#7930=AXIS2_PLACEMENT_3D('',#12550,#9727,#9728);
#7931=AXIS2_PLACEMENT_3D('',#12551,#9729,#9730);
#7932=AXIS2_PLACEMENT_3D('',#12553,#9732,#9733);
#7933=AXIS2_PLACEMENT_3D('',#12555,#9735,#9736);
#7934=AXIS2_PLACEMENT_3D('',#12557,#9737,#9738);
#7935=AXIS2_PLACEMENT_3D('',#12559,#9739,#9740);
#7936=AXIS2_PLACEMENT_3D('',#12560,#9741,#9742);
#7937=AXIS2_PLACEMENT_3D('',#12563,#9744,#9745);
#7938=AXIS2_PLACEMENT_3D('',#12564,#9746,#9747);
#7939=AXIS2_PLACEMENT_3D('',#12565,#9748,#9749);
#7940=AXIS2_PLACEMENT_3D('',#12585,#9752,#9753);
#7941=AXIS2_PLACEMENT_3D('',#12602,#9755,#9756);
#7942=AXIS2_PLACEMENT_3D('',#12620,#9758,#9759);
#7943=AXIS2_PLACEMENT_3D('',#12637,#9761,#9762);
#7944=AXIS2_PLACEMENT_3D('',#12655,#9764,#9765);
#7945=AXIS2_PLACEMENT_3D('',#12672,#9767,#9768);
#7946=AXIS2_PLACEMENT_3D('',#12691,#9771,#9772);
#7947=AXIS2_PLACEMENT_3D('',#12694,#9773,#9774);
#7948=AXIS2_PLACEMENT_3D('',#12701,#9775,#9776);
#7949=AXIS2_PLACEMENT_3D('',#12703,#9777,#9778);
#7950=AXIS2_PLACEMENT_3D('',#12706,#9780,#9781);
#7951=AXIS2_PLACEMENT_3D('',#12708,#9782,#9783);
#7952=AXIS2_PLACEMENT_3D('',#12710,#9784,#9785);
#7953=AXIS2_PLACEMENT_3D('',#12711,#9786,#9787);
#7954=AXIS2_PLACEMENT_3D('',#12712,#9788,#9789);
#7955=AXIS2_PLACEMENT_3D('',#12713,#9790,#9791);
#7956=AXIS2_PLACEMENT_3D('',#12714,#9792,#9793);
#7957=AXIS2_PLACEMENT_3D('',#12715,#9794,#9795);
#7958=AXIS2_PLACEMENT_3D('',#12716,#9796,#9797);
#7959=AXIS2_PLACEMENT_3D('',#12717,#9798,#9799);
#7960=AXIS2_PLACEMENT_3D('',#12718,#9800,#9801);
#7961=AXIS2_PLACEMENT_3D('',#12723,#9802,#9803);
#7962=AXIS2_PLACEMENT_3D('',#12724,#9804,#9805);
#7963=AXIS2_PLACEMENT_3D('',#12731,#9806,#9807);
#7964=AXIS2_PLACEMENT_3D('',#12732,#9808,#9809);
#7965=AXIS2_PLACEMENT_3D('',#12733,#9810,#9811);
#7966=AXIS2_PLACEMENT_3D('',#12742,#9812,#9813);
#7967=AXIS2_PLACEMENT_3D('',#12743,#9814,#9815);
#7968=AXIS2_PLACEMENT_3D('',#12748,#9816,#9817);
#7969=AXIS2_PLACEMENT_3D('',#12749,#9818,#9819);
#7970=AXIS2_PLACEMENT_3D('',#12755,#9821,#9822);
#7971=AXIS2_PLACEMENT_3D('',#12761,#9824,#9825);
#7972=AXIS2_PLACEMENT_3D('',#12770,#9827,#9828);
#7973=AXIS2_PLACEMENT_3D('',#12771,#9829,#9830);
#7974=AXIS2_PLACEMENT_3D('',#12786,#9831,#9832);
#7975=AXIS2_PLACEMENT_3D('',#12787,#9833,#9834);
#7976=AXIS2_PLACEMENT_3D('',#12788,#9835,#9836);
#7977=AXIS2_PLACEMENT_3D('',#12803,#9837,#9838);
#7978=AXIS2_PLACEMENT_3D('',#12804,#9839,#9840);
#7979=AXIS2_PLACEMENT_3D('',#12805,#9841,#9842);
#7980=AXIS2_PLACEMENT_3D('',#12814,#9847,#9848);
#7981=AXIS2_PLACEMENT_3D('',#12816,#9849,#9850);
#7982=AXIS2_PLACEMENT_3D('',#12818,#9851,#9852);
#7983=AXIS2_PLACEMENT_3D('',#12820,#9854,#9855);
#7984=AXIS2_PLACEMENT_3D('',#12826,#9859,#9860);
#7985=AXIS2_PLACEMENT_3D('',#12828,#9862,#9863);
#7986=AXIS2_PLACEMENT_3D('',#12832,#9867,#9868);
#7987=AXIS2_PLACEMENT_3D('',#12836,#9870,#9871);
#7988=AXIS2_PLACEMENT_3D('',#12838,#9873,#9874);
#7989=AXIS2_PLACEMENT_3D('',#12842,#9877,#9878);
#7990=AXIS2_PLACEMENT_3D('',#12846,#9880,#9881);
#7991=AXIS2_PLACEMENT_3D('',#12848,#9883,#9884);
#7992=AXIS2_PLACEMENT_3D('',#12850,#9886,#9887);
#7993=AXIS2_PLACEMENT_3D('',#12854,#9889,#9890);
#7994=AXIS2_PLACEMENT_3D('',#12856,#9892,#9893);
#7995=AXIS2_PLACEMENT_3D('',#12860,#9896,#9897);
#7996=AXIS2_PLACEMENT_3D('',#12863,#9899,#9900);
#7997=AXIS2_PLACEMENT_3D('',#12864,#9901,#9902);
#7998=AXIS2_PLACEMENT_3D('',#12868,#9905,#9906);
#7999=AXIS2_PLACEMENT_3D('',#12871,#9908,#9909);
#8000=AXIS2_PLACEMENT_3D('',#12872,#9910,#9911);
#8001=AXIS2_PLACEMENT_3D('',#12876,#9914,#9915);
#8002=AXIS2_PLACEMENT_3D('',#12879,#9917,#9918);
#8003=AXIS2_PLACEMENT_3D('',#12880,#9919,#9920);
#8004=AXIS2_PLACEMENT_3D('',#12882,#9922,#9923);
#8005=AXIS2_PLACEMENT_3D('',#12886,#9925,#9926);
#8006=AXIS2_PLACEMENT_3D('',#12888,#9928,#9929);
#8007=AXIS2_PLACEMENT_3D('',#12890,#9931,#9932);
#8008=AXIS2_PLACEMENT_3D('',#12893,#9934,#9935);
#8009=AXIS2_PLACEMENT_3D('',#12894,#9936,#9937);
#8010=AXIS2_PLACEMENT_3D('',#12896,#9939,#9940);
#8011=AXIS2_PLACEMENT_3D('',#12898,#9942,#9943);
#8012=AXIS2_PLACEMENT_3D('',#12899,#9944,#9945);
#8013=AXIS2_PLACEMENT_3D('',#12903,#9947,#9948);
#8014=AXIS2_PLACEMENT_3D('',#12905,#9950,#9951);
#8015=AXIS2_PLACEMENT_3D('',#12909,#9954,#9955);
#8016=AXIS2_PLACEMENT_3D('',#12911,#9956,#9957);
#8017=AXIS2_PLACEMENT_3D('',#12913,#9959,#9960);
#8018=AXIS2_PLACEMENT_3D('',#12915,#9962,#9963);
#8019=AXIS2_PLACEMENT_3D('',#12917,#9965,#9966);
#8020=AXIS2_PLACEMENT_3D('',#12918,#9967,#9968);
#8021=AXIS2_PLACEMENT_3D('',#12919,#9969,#9970);
#8022=AXIS2_PLACEMENT_3D('',#12920,#9971,#9972);
#8023=AXIS2_PLACEMENT_3D('',#12926,#9976,#9977);
#8024=AXIS2_PLACEMENT_3D('',#12928,#9978,#9979);
#8025=AXIS2_PLACEMENT_3D('',#12930,#9981,#9982);
#8026=AXIS2_PLACEMENT_3D('',#12934,#9985,#9986);
#8027=AXIS2_PLACEMENT_3D('',#12936,#9988,#9989);
#8028=AXIS2_PLACEMENT_3D('',#12938,#9991,#9992);
#8029=AXIS2_PLACEMENT_3D('',#12942,#9994,#9995);
#8030=AXIS2_PLACEMENT_3D('',#12944,#9997,#9998);
#8031=AXIS2_PLACEMENT_3D('',#12948,#10001,#10002);
#8032=AXIS2_PLACEMENT_3D('',#12952,#10004,#10005);
#8033=AXIS2_PLACEMENT_3D('',#12954,#10007,#10008);
#8034=AXIS2_PLACEMENT_3D('',#12956,#10010,#10011);
#8035=AXIS2_PLACEMENT_3D('',#12960,#10013,#10014);
#8036=AXIS2_PLACEMENT_3D('',#12962,#10016,#10017);
#8037=AXIS2_PLACEMENT_3D('',#12966,#10020,#10021);
#8038=AXIS2_PLACEMENT_3D('',#12969,#10023,#10024);
#8039=AXIS2_PLACEMENT_3D('',#12970,#10025,#10026);
#8040=AXIS2_PLACEMENT_3D('',#12974,#10029,#10030);
#8041=AXIS2_PLACEMENT_3D('',#12977,#10032,#10033);
#8042=AXIS2_PLACEMENT_3D('',#12978,#10034,#10035);
#8043=AXIS2_PLACEMENT_3D('',#12982,#10038,#10039);
#8044=AXIS2_PLACEMENT_3D('',#12985,#10041,#10042);
#8045=AXIS2_PLACEMENT_3D('',#12986,#10043,#10044);
#8046=AXIS2_PLACEMENT_3D('',#12988,#10046,#10047);
#8047=AXIS2_PLACEMENT_3D('',#12992,#10049,#10050);
#8048=AXIS2_PLACEMENT_3D('',#12994,#10052,#10053);
#8049=AXIS2_PLACEMENT_3D('',#12996,#10055,#10056);
#8050=AXIS2_PLACEMENT_3D('',#12999,#10058,#10059);
#8051=AXIS2_PLACEMENT_3D('',#13000,#10060,#10061);
#8052=AXIS2_PLACEMENT_3D('',#13002,#10063,#10064);
#8053=AXIS2_PLACEMENT_3D('',#13006,#10066,#10067);
#8054=AXIS2_PLACEMENT_3D('',#13008,#10069,#10070);
#8055=AXIS2_PLACEMENT_3D('',#13012,#10073,#10074);
#8056=AXIS2_PLACEMENT_3D('',#13014,#10075,#10076);
#8057=AXIS2_PLACEMENT_3D('',#13016,#10078,#10079);
#8058=AXIS2_PLACEMENT_3D('',#13018,#10081,#10082);
#8059=AXIS2_PLACEMENT_3D('',#13019,#10083,#10084);
#8060=AXIS2_PLACEMENT_3D('',#13020,#10085,#10086);
#8061=AXIS2_PLACEMENT_3D('',#13021,#10087,#10088);
#8062=AXIS2_PLACEMENT_3D('',#13022,#10089,#10090);
#8063=AXIS2_PLACEMENT_3D('',#13023,#10091,#10092);
#8064=AXIS2_PLACEMENT_3D('',#13024,#10093,#10094);
#8065=DIRECTION('axis',(0.,0.,1.));
#8066=DIRECTION('refdir',(1.,0.,0.));
#8067=DIRECTION('axis',(0.,0.,1.));
#8068=DIRECTION('refdir',(1.,0.,0.));
#8069=DIRECTION('axis',(0.,0.,1.));
#8070=DIRECTION('refdir',(1.,0.,0.));
#8071=DIRECTION('center_axis',(0.,0.,-1.));
#8072=DIRECTION('ref_axis',(-1.,0.,0.));
#8073=DIRECTION('',(0.,0.,-1.));
#8074=DIRECTION('',(0.,0.,-1.));
#8075=DIRECTION('center_axis',(-0.5,0.866025403784439,0.));
#8076=DIRECTION('ref_axis',(-0.184443096388351,-0.106488271349982,0.977057312679031));
#8077=DIRECTION('',(0.499999999999999,-0.866025403784439,0.));
#8078=DIRECTION('center_axis',(-0.5,0.866025403784439,-1.91807781333888E-32));
#8079=DIRECTION('ref_axis',(-0.184443096388351,-0.106488271349982,0.977057312679031));
#8080=DIRECTION('',(0.499999999999999,-0.866025403784439,0.));
#8081=DIRECTION('center_axis',(0.5,-0.866025403784439,0.));
#8082=DIRECTION('ref_axis',(0.866025403784439,0.5,0.));
#8083=DIRECTION('center_axis',(-0.5,0.866025403784439,0.));
#8084=DIRECTION('ref_axis',(0.866025403784439,0.5,0.));
#8085=DIRECTION('',(0.433012701892221,0.250000000000001,-0.866025403784437));
#8086=DIRECTION('center_axis',(-0.5,0.866025403784439,0.));
#8087=DIRECTION('ref_axis',(0.866025403784439,0.5,0.));
#8088=DIRECTION('',(-0.866025403784439,-0.5,0.));
#8089=DIRECTION('',(0.,0.,-1.));
#8090=DIRECTION('',(0.866025403784439,0.5,0.));
#8091=DIRECTION('',(0.,0.,-1.));
#8092=DIRECTION('center_axis',(0.,0.,-1.));
#8093=DIRECTION('ref_axis',(-0.500000000000041,0.866025403784415,0.));
#8094=DIRECTION('center_axis',(0.,0.,1.));
#8095=DIRECTION('ref_axis',(-0.500000000000041,0.866025403784415,0.));
#8096=DIRECTION('center_axis',(0.,0.,-1.));
#8097=DIRECTION('ref_axis',(-0.500000000000041,0.866025403784415,0.));
#8098=DIRECTION('',(0.,0.,-1.));
#8099=DIRECTION('center_axis',(0.5,-0.866025403784439,0.));
#8100=DIRECTION('ref_axis',(-0.866025403784439,-0.5,0.));
#8101=DIRECTION('',(0.866025403784439,0.5,0.));
#8102=DIRECTION('',(-0.866025403784439,-0.5,0.));
#8103=DIRECTION('',(0.,0.,-1.));
#8104=DIRECTION('center_axis',(0.,0.,-1.));
#8105=DIRECTION('ref_axis',(0.500000000000002,-0.866025403784438,0.));
#8106=DIRECTION('center_axis',(0.,0.,1.));
#8107=DIRECTION('ref_axis',(0.500000000000002,-0.866025403784438,0.));
#8108=DIRECTION('center_axis',(0.,0.,-1.));
#8109=DIRECTION('ref_axis',(0.500000000000002,-0.866025403784438,0.));
#8110=DIRECTION('center_axis',(-0.516644514573148,0.856200003247767,0.));
#8111=DIRECTION('ref_axis',(0.856200003247767,0.516644514573148,0.));
#8112=DIRECTION('',(-0.856200003247767,-0.516644514573148,0.));
#8113=DIRECTION('',(0.,0.,-1.));
#8114=DIRECTION('',(0.856200003247767,0.516644514573148,0.));
#8115=DIRECTION('',(0.,0.,-1.));
#8116=DIRECTION('center_axis',(0.,0.,-1.));
#8117=DIRECTION('ref_axis',(-0.516644514573401,0.856200003247614,0.));
#8118=DIRECTION('center_axis',(0.,0.,1.));
#8119=DIRECTION('ref_axis',(-0.516644514573401,0.856200003247614,0.));
#8120=DIRECTION('center_axis',(0.,0.,-1.));
#8121=DIRECTION('ref_axis',(-0.516644514573401,0.856200003247614,0.));
#8122=DIRECTION('',(0.,0.,-1.));
#8123=DIRECTION('center_axis',(0.516644514573148,-0.856200003247767,0.));
#8124=DIRECTION('ref_axis',(-0.856200003247767,-0.516644514573148,0.));
#8125=DIRECTION('',(0.856200003247767,0.516644514573148,0.));
#8126=DIRECTION('',(-0.856200003247767,-0.516644514573148,0.));
#8127=DIRECTION('',(0.,0.,-1.));
#8128=DIRECTION('center_axis',(0.,0.,-1.));
#8129=DIRECTION('ref_axis',(0.516644514573403,-0.856200003247613,0.));
#8130=DIRECTION('center_axis',(0.,0.,1.));
#8131=DIRECTION('ref_axis',(0.516644514573403,-0.856200003247613,0.));
#8132=DIRECTION('center_axis',(0.,0.,-1.));
#8133=DIRECTION('ref_axis',(0.516644514573403,-0.856200003247613,0.));
#8134=DIRECTION('center_axis',(-0.5,0.866025403784439,0.));
#8135=DIRECTION('ref_axis',(0.866025403784439,0.5,0.));
#8136=DIRECTION('center_axis',(-0.5,0.866025403784439,0.));
#8137=DIRECTION('ref_axis',(0.866025403784439,0.5,0.));
#8138=DIRECTION('center_axis',(-0.5,0.866025403784439,0.));
#8139=DIRECTION('ref_axis',(0.866025403784439,0.5,0.));
#8140=DIRECTION('',(-0.5,0.866025403784439,0.));
#8141=DIRECTION('center_axis',(0.516644514572894,-0.85620000324792,0.));
#8142=DIRECTION('ref_axis',(0.85620000324792,0.516644514572894,0.));
#8143=DIRECTION('center_axis',(-0.5,0.866025403784439,0.));
#8144=DIRECTION('ref_axis',(0.866025403784439,0.5,0.));
#8145=DIRECTION('center_axis',(-0.5,0.866025403784439,0.));
#8146=DIRECTION('ref_axis',(0.866025403784439,0.5,0.));
#8147=DIRECTION('center_axis',(0.,0.,1.));
#8148=DIRECTION('ref_axis',(-0.295047931797835,0.955482452974318,0.));
#8149=DIRECTION('',(0.,0.,1.));
#8150=DIRECTION('center_axis',(0.,0.,1.));
#8151=DIRECTION('ref_axis',(-0.295047931797835,0.955482452974318,0.));
#8152=DIRECTION('',(0.,0.,1.));
#8153=DIRECTION('center_axis',(0.,0.,-1.));
#8154=DIRECTION('ref_axis',(-0.295047931797835,0.955482452974318,0.));
#8155=DIRECTION('',(0.,0.,1.));
#8156=DIRECTION('center_axis',(-0.5,0.866025403784439,0.));
#8157=DIRECTION('ref_axis',(-0.866025403784439,-0.5,0.));
#8158=DIRECTION('',(-0.43301270189222,-0.25,0.866025403784438));
#8159=DIRECTION('center_axis',(-0.5,0.866025403784439,0.));
#8160=DIRECTION('ref_axis',(-0.866025403784439,-0.5,0.));
#8161=DIRECTION('',(0.433012701892221,0.250000000000001,0.866025403784437));
#8162=DIRECTION('center_axis',(-0.5,0.866025403784439,0.));
#8163=DIRECTION('ref_axis',(0.866025403784439,0.5,0.));
#8164=DIRECTION('',(-0.5,0.866025403784439,0.));
#8165=DIRECTION('center_axis',(0.5,-0.866025403784439,0.));
#8166=DIRECTION('ref_axis',(0.866025403784439,0.5,0.));
#8167=DIRECTION('center_axis',(-0.5,0.866025403784439,0.));
#8168=DIRECTION('ref_axis',(0.866025403784439,0.5,0.));
#8169=DIRECTION('center_axis',(-0.5,0.866025403784439,0.));
#8170=DIRECTION('ref_axis',(0.866025403784439,0.5,0.));
#8171=DIRECTION('center_axis',(-0.5,0.866025403784439,0.));
#8172=DIRECTION('ref_axis',(-0.866025403784439,-0.5,0.));
#8173=DIRECTION('',(-0.866025403784439,-0.5,0.));
#8174=DIRECTION('',(0.,0.,1.));
#8175=DIRECTION('',(-0.866025403784439,-0.5,0.));
#8176=DIRECTION('center_axis',(0.5,-0.866025403784439,0.));
#8177=DIRECTION('ref_axis',(0.866025403784439,0.5,0.));
#8178=DIRECTION('',(-0.43301270189222,-0.25,-0.866025403784438));
#8179=DIRECTION('',(0.433012701892221,0.250000000000001,-0.866025403784437));
#8180=DIRECTION('center_axis',(0.5,-0.866025403784439,0.));
#8181=DIRECTION('ref_axis',(0.866025403784439,0.5,0.));
#8182=DIRECTION('',(-0.43301270189222,-0.25,-0.866025403784438));
#8183=DIRECTION('center_axis',(0.,0.,-1.));
#8184=DIRECTION('ref_axis',(0.,-1.,0.));
#8185=DIRECTION('center_axis',(0.,0.,-1.));
#8186=DIRECTION('ref_axis',(-1.1068812613146E-15,-1.,0.));
#8187=DIRECTION('center_axis',(0.,0.,1.));
#8188=DIRECTION('ref_axis',(-0.866025403784439,-0.5,0.));
#8189=DIRECTION('',(-0.43301270189222,-0.25,0.866025403784438));
#8190=DIRECTION('center_axis',(0.,0.,1.));
#8191=DIRECTION('ref_axis',(0.,-1.,0.));
#8192=DIRECTION('center_axis',(0.,0.,1.));
#8193=DIRECTION('ref_axis',(-0.866025403784439,-0.5,0.));
#8194=DIRECTION('',(0.433012701892221,0.250000000000001,0.866025403784437));
#8195=DIRECTION('center_axis',(-0.5,0.866025403784439,0.));
#8196=DIRECTION('ref_axis',(-0.866025403784439,-0.5,0.));
#8197=DIRECTION('center_axis',(0.,0.,1.));
#8198=DIRECTION('ref_axis',(1.,0.,0.));
#8199=DIRECTION('center_axis',(0.,0.,-1.));
#8200=DIRECTION('ref_axis',(1.,0.,0.));
#8201=DIRECTION('',(0.,0.,-1.));
#8202=DIRECTION('center_axis',(0.,0.,-1.));
#8203=DIRECTION('ref_axis',(1.,0.,0.));
#8204=DIRECTION('center_axis',(0.5,-0.866025403784439,0.));
#8205=DIRECTION('ref_axis',(0.866025403784439,0.5,0.));
#8206=DIRECTION('',(0.866025403784439,0.5,0.));
#8207=DIRECTION('',(0.,0.,1.));
#8208=DIRECTION('',(0.866025403784439,0.5,0.));
#8209=DIRECTION('',(0.,0.,1.));
#8210=DIRECTION('center_axis',(0.,0.,1.));
#8211=DIRECTION('ref_axis',(-0.866025403784438,-0.5,0.));
#8212=DIRECTION('center_axis',(0.,0.,1.));
#8213=DIRECTION('ref_axis',(-0.866025403784438,-0.5,0.));
#8214=DIRECTION('center_axis',(0.,0.,1.));
#8215=DIRECTION('ref_axis',(-0.866025403784438,-0.5,0.));
#8216=DIRECTION('',(0.,0.,1.));
#8217=DIRECTION('center_axis',(0.5,-0.866025403784439,0.));
#8218=DIRECTION('ref_axis',(0.866025403784439,0.5,0.));
#8219=DIRECTION('',(0.866025403784439,0.5,0.));
#8220=DIRECTION('',(0.866025403784439,0.5,0.));
#8221=DIRECTION('',(0.,0.,1.));
#8222=DIRECTION('center_axis',(0.,0.,1.));
#8223=DIRECTION('ref_axis',(-0.866025403784439,-0.5,0.));
#8224=DIRECTION('center_axis',(0.,0.,-1.));
#8225=DIRECTION('ref_axis',(-0.866025403784439,-0.5,0.));
#8226=DIRECTION('center_axis',(0.,0.,-1.));
#8227=DIRECTION('ref_axis',(-0.866025403784439,-0.5,0.));
#8228=DIRECTION('center_axis',(0.,0.,1.));
#8229=DIRECTION('ref_axis',(1.,0.,0.));
#8230=DIRECTION('center_axis',(0.,0.,-1.));
#8231=DIRECTION('ref_axis',(1.,0.,0.));
#8232=DIRECTION('',(0.,0.,-1.));
#8233=DIRECTION('center_axis',(0.,0.,-1.));
#8234=DIRECTION('ref_axis',(1.,0.,0.));
#8235=DIRECTION('center_axis',(0.,0.,1.));
#8236=DIRECTION('ref_axis',(-0.516644514572895,0.85620000324792,0.));
#8237=DIRECTION('center_axis',(0.,0.,1.));
#8238=DIRECTION('ref_axis',(-0.516644514572895,0.85620000324792,0.));
#8239=DIRECTION('center_axis',(0.,0.,1.));
#8240=DIRECTION('ref_axis',(-0.516644514572895,0.85620000324792,0.));
#8241=DIRECTION('',(0.,0.,1.));
#8242=DIRECTION('center_axis',(-0.516644514572894,0.85620000324792,0.));
#8243=DIRECTION('ref_axis',(-0.85620000324792,-0.516644514572894,0.));
#8244=DIRECTION('',(0.85620000324792,0.516644514572894,0.));
#8245=DIRECTION('',(-0.85620000324792,-0.516644514572894,0.));
#8246=DIRECTION('',(0.,0.,1.));
#8247=DIRECTION('center_axis',(0.,0.,1.));
#8248=DIRECTION('ref_axis',(-0.295047931798175,0.955482452974213,0.));
#8249=DIRECTION('center_axis',(0.,0.,1.));
#8250=DIRECTION('ref_axis',(-0.295047931798175,0.955482452974213,0.));
#8251=DIRECTION('center_axis',(0.,0.,1.));
#8252=DIRECTION('ref_axis',(-0.295047931798175,0.955482452974213,0.));
#8253=DIRECTION('',(0.,0.,1.));
#8254=DIRECTION('center_axis',(-0.29504793179805,0.955482452974252,0.));
#8255=DIRECTION('ref_axis',(-0.955482452974252,-0.29504793179805,0.));
#8256=DIRECTION('',(0.955482452974252,0.29504793179805,0.));
#8257=DIRECTION('',(-0.955482452974252,-0.29504793179805,0.));
#8258=DIRECTION('',(0.,0.,1.));
#8259=DIRECTION('center_axis',(0.,0.,1.));
#8260=DIRECTION('ref_axis',(0.95548245297406,0.295047931798671,0.));
#8261=DIRECTION('center_axis',(0.,0.,1.));
#8262=DIRECTION('ref_axis',(-0.679948111246164,-0.733260230759022,0.));
#8263=DIRECTION('center_axis',(0.,0.,1.));
#8264=DIRECTION('ref_axis',(-0.679948111246164,-0.733260230759022,0.));
#8265=DIRECTION('',(0.,0.,1.));
#8266=DIRECTION('center_axis',(0.295047931797485,-0.955482452974426,0.));
#8267=DIRECTION('ref_axis',(0.955482452974426,0.295047931797485,0.));
#8268=DIRECTION('',(0.955482452974426,0.295047931797485,0.));
#8269=DIRECTION('',(0.955482452974426,0.295047931797485,0.));
#8270=DIRECTION('center_axis',(0.,0.,1.));
#8271=DIRECTION('ref_axis',(1.,0.,0.));
#8272=DIRECTION('center_axis',(0.,0.,1.));
#8273=DIRECTION('ref_axis',(1.,0.,0.));
#8274=DIRECTION('axis',(0.,0.,1.));
#8275=DIRECTION('refdir',(1.,0.,0.));
#8276=DIRECTION('center_axis',(0.,0.,1.));
#8277=DIRECTION('ref_axis',(1.,0.,0.));
#8278=DIRECTION('',(0.,0.,1.));
#8279=DIRECTION('',(0.,0.,1.));
#8280=DIRECTION('center_axis',(-0.5,-0.866025403784439,0.));
#8281=DIRECTION('ref_axis',(0.184443096388351,-0.106488271349982,0.977057312679031));
#8282=DIRECTION('',(-0.499999999999999,-0.866025403784439,0.));
#8283=DIRECTION('center_axis',(-0.5,-0.866025403784439,1.91807781333888E-32));
#8284=DIRECTION('ref_axis',(0.184443096388351,-0.106488271349982,0.977057312679031));
#8285=DIRECTION('',(-0.499999999999999,-0.866025403784439,0.));
#8286=DIRECTION('center_axis',(0.5,0.866025403784439,0.));
#8287=DIRECTION('ref_axis',(-0.866025403784439,0.5,0.));
#8288=DIRECTION('center_axis',(-0.5,-0.866025403784439,0.));
#8289=DIRECTION('ref_axis',(-0.866025403784439,0.5,0.));
#8290=DIRECTION('',(0.43301270189222,-0.25,-0.866025403784438));
#8291=DIRECTION('center_axis',(-0.5,-0.866025403784439,0.));
#8292=DIRECTION('ref_axis',(-0.866025403784439,0.5,0.));
#8293=DIRECTION('',(0.866025403784439,-0.5,0.));
#8294=DIRECTION('',(0.,0.,-1.));
#8295=DIRECTION('',(-0.866025403784439,0.5,0.));
#8296=DIRECTION('',(0.,0.,-1.));
#8297=DIRECTION('center_axis',(0.,0.,1.));
#8298=DIRECTION('ref_axis',(0.500000000000041,0.866025403784415,0.));
#8299=DIRECTION('center_axis',(0.,0.,-1.));
#8300=DIRECTION('ref_axis',(0.500000000000041,0.866025403784415,0.));
#8301=DIRECTION('',(0.,0.,-1.));
#8302=DIRECTION('center_axis',(0.,0.,1.));
#8303=DIRECTION('ref_axis',(0.500000000000041,0.866025403784415,0.));
#8304=DIRECTION('center_axis',(0.5,0.866025403784439,0.));
#8305=DIRECTION('ref_axis',(0.866025403784439,-0.5,0.));
#8306=DIRECTION('',(-0.866025403784439,0.5,0.));
#8307=DIRECTION('',(0.,0.,-1.));
#8308=DIRECTION('',(0.866025403784439,-0.5,0.));
#8309=DIRECTION('center_axis',(0.,0.,1.));
#8310=DIRECTION('ref_axis',(-0.500000000000002,-0.866025403784438,0.));
#8311=DIRECTION('center_axis',(0.,0.,-1.));
#8312=DIRECTION('ref_axis',(-0.500000000000002,-0.866025403784438,0.));
#8313=DIRECTION('center_axis',(0.,0.,1.));
#8314=DIRECTION('ref_axis',(-0.500000000000002,-0.866025403784438,0.));
#8315=DIRECTION('center_axis',(-0.516644514573148,-0.856200003247767,0.));
#8316=DIRECTION('ref_axis',(-0.856200003247767,0.516644514573148,0.));
#8317=DIRECTION('',(0.856200003247767,-0.516644514573148,0.));
#8318=DIRECTION('',(0.,0.,-1.));
#8319=DIRECTION('',(-0.856200003247767,0.516644514573148,0.));
#8320=DIRECTION('',(0.,0.,-1.));
#8321=DIRECTION('center_axis',(0.,0.,1.));
#8322=DIRECTION('ref_axis',(0.516644514573401,0.856200003247614,0.));
#8323=DIRECTION('center_axis',(0.,0.,-1.));
#8324=DIRECTION('ref_axis',(0.516644514573401,0.856200003247614,0.));
#8325=DIRECTION('',(0.,0.,-1.));
#8326=DIRECTION('center_axis',(0.,0.,1.));
#8327=DIRECTION('ref_axis',(0.516644514573401,0.856200003247614,0.));
#8328=DIRECTION('center_axis',(0.516644514573148,0.856200003247767,0.));
#8329=DIRECTION('ref_axis',(0.856200003247767,-0.516644514573148,0.));
#8330=DIRECTION('',(-0.856200003247767,0.516644514573148,0.));
#8331=DIRECTION('',(0.,0.,-1.));
#8332=DIRECTION('',(0.856200003247767,-0.516644514573148,0.));
#8333=DIRECTION('center_axis',(0.,0.,1.));
#8334=DIRECTION('ref_axis',(-0.516644514573403,-0.856200003247613,0.));
#8335=DIRECTION('center_axis',(0.,0.,-1.));
#8336=DIRECTION('ref_axis',(-0.516644514573403,-0.856200003247613,0.));
#8337=DIRECTION('center_axis',(0.,0.,1.));
#8338=DIRECTION('ref_axis',(-0.516644514573403,-0.856200003247613,0.));
#8339=DIRECTION('center_axis',(-0.5,-0.866025403784439,0.));
#8340=DIRECTION('ref_axis',(-0.866025403784439,0.5,0.));
#8341=DIRECTION('center_axis',(-0.5,-0.866025403784439,0.));
#8342=DIRECTION('ref_axis',(-0.866025403784439,0.5,0.));
#8343=DIRECTION('center_axis',(-0.5,-0.866025403784439,0.));
#8344=DIRECTION('ref_axis',(-0.866025403784439,0.5,0.));
#8345=DIRECTION('',(0.5,0.866025403784439,0.));
#8346=DIRECTION('center_axis',(0.516644514572894,0.85620000324792,0.));
#8347=DIRECTION('ref_axis',(-0.85620000324792,0.516644514572894,0.));
#8348=DIRECTION('center_axis',(-0.5,-0.866025403784439,0.));
#8349=DIRECTION('ref_axis',(-0.866025403784439,0.5,0.));
#8350=DIRECTION('center_axis',(-0.5,-0.866025403784439,0.));
#8351=DIRECTION('ref_axis',(-0.866025403784439,0.5,0.));
#8352=DIRECTION('center_axis',(0.,0.,-1.));
#8353=DIRECTION('ref_axis',(0.295047931797835,0.955482452974318,0.));
#8354=DIRECTION('',(0.,0.,1.));
#8355=DIRECTION('center_axis',(0.,0.,1.));
#8356=DIRECTION('ref_axis',(0.295047931797835,0.955482452974318,0.));
#8357=DIRECTION('',(0.,0.,1.));
#8358=DIRECTION('center_axis',(0.,0.,-1.));
#8359=DIRECTION('ref_axis',(0.295047931797835,0.955482452974318,0.));
#8360=DIRECTION('',(0.,0.,1.));
#8361=DIRECTION('center_axis',(-0.5,-0.866025403784439,0.));
#8362=DIRECTION('ref_axis',(0.866025403784439,-0.5,0.));
#8363=DIRECTION('',(0.43301270189222,-0.25,0.866025403784438));
#8364=DIRECTION('center_axis',(-0.5,-0.866025403784439,0.));
#8365=DIRECTION('ref_axis',(0.866025403784439,-0.5,0.));
#8366=DIRECTION('',(-0.433012701892221,0.250000000000001,0.866025403784437));
#8367=DIRECTION('center_axis',(-0.5,-0.866025403784439,0.));
#8368=DIRECTION('ref_axis',(-0.866025403784439,0.5,0.));
#8369=DIRECTION('',(0.5,0.866025403784439,0.));
#8370=DIRECTION('center_axis',(0.5,0.866025403784439,0.));
#8371=DIRECTION('ref_axis',(-0.866025403784439,0.5,0.));
#8372=DIRECTION('center_axis',(-0.5,-0.866025403784439,0.));
#8373=DIRECTION('ref_axis',(-0.866025403784439,0.5,0.));
#8374=DIRECTION('center_axis',(-0.5,-0.866025403784439,0.));
#8375=DIRECTION('ref_axis',(-0.866025403784439,0.5,0.));
#8376=DIRECTION('center_axis',(-0.5,-0.866025403784439,0.));
#8377=DIRECTION('ref_axis',(0.866025403784439,-0.5,0.));
#8378=DIRECTION('',(0.866025403784439,-0.5,0.));
#8379=DIRECTION('',(0.,0.,1.));
#8380=DIRECTION('',(0.866025403784439,-0.5,0.));
#8381=DIRECTION('center_axis',(0.5,0.866025403784439,0.));
#8382=DIRECTION('ref_axis',(-0.866025403784439,0.5,0.));
#8383=DIRECTION('',(-0.433012701892221,0.250000000000001,-0.866025403784437));
#8384=DIRECTION('',(0.43301270189222,-0.25,-0.866025403784438));
#8385=DIRECTION('center_axis',(0.5,0.866025403784439,0.));
#8386=DIRECTION('ref_axis',(-0.866025403784439,0.5,0.));
#8387=DIRECTION('',(-0.433012701892221,0.250000000000001,-0.866025403784437));
#8388=DIRECTION('center_axis',(0.,0.,-1.));
#8389=DIRECTION('ref_axis',(0.,-1.,0.));
#8390=DIRECTION('center_axis',(0.,0.,1.));
#8391=DIRECTION('ref_axis',(1.1068812613146E-15,-1.,0.));
#8392=DIRECTION('',(0.43301270189222,-0.25,0.866025403784438));
#8393=DIRECTION('center_axis',(0.,0.,-1.));
#8394=DIRECTION('ref_axis',(0.866025403784439,-0.5,0.));
#8395=DIRECTION('center_axis',(0.,0.,1.));
#8396=DIRECTION('ref_axis',(0.,-1.,0.));
#8397=DIRECTION('center_axis',(0.,0.,-1.));
#8398=DIRECTION('ref_axis',(0.866025403784439,-0.5,0.));
#8399=DIRECTION('',(-0.433012701892221,0.250000000000001,0.866025403784437));
#8400=DIRECTION('center_axis',(-0.5,-0.866025403784439,0.));
#8401=DIRECTION('ref_axis',(0.866025403784439,-0.5,0.));
#8402=DIRECTION('center_axis',(0.,0.,-1.));
#8403=DIRECTION('ref_axis',(-1.,0.,0.));
#8404=DIRECTION('center_axis',(0.,0.,1.));
#8405=DIRECTION('ref_axis',(-1.,0.,0.));
#8406=DIRECTION('',(0.,0.,-1.));
#8407=DIRECTION('center_axis',(0.,0.,1.));
#8408=DIRECTION('ref_axis',(-1.,0.,0.));
#8409=DIRECTION('center_axis',(0.5,0.866025403784439,0.));
#8410=DIRECTION('ref_axis',(-0.866025403784439,0.5,0.));
#8411=DIRECTION('',(-0.866025403784439,0.5,0.));
#8412=DIRECTION('',(0.,0.,1.));
#8413=DIRECTION('',(-0.866025403784439,0.5,0.));
#8414=DIRECTION('',(0.,0.,1.));
#8415=DIRECTION('center_axis',(0.,0.,-1.));
#8416=DIRECTION('ref_axis',(0.866025403784438,-0.5,0.));
#8417=DIRECTION('center_axis',(0.,0.,-1.));
#8418=DIRECTION('ref_axis',(0.866025403784438,-0.5,0.));
#8419=DIRECTION('',(0.,0.,1.));
#8420=DIRECTION('center_axis',(0.,0.,-1.));
#8421=DIRECTION('ref_axis',(0.866025403784438,-0.5,0.));
#8422=DIRECTION('center_axis',(0.5,0.866025403784439,0.));
#8423=DIRECTION('ref_axis',(-0.866025403784439,0.5,0.));
#8424=DIRECTION('',(-0.866025403784439,0.5,0.));
#8425=DIRECTION('',(0.,0.,1.));
#8426=DIRECTION('',(-0.866025403784439,0.5,0.));
#8427=DIRECTION('center_axis',(0.,0.,-1.));
#8428=DIRECTION('ref_axis',(0.866025403784439,-0.5,0.));
#8429=DIRECTION('center_axis',(0.,0.,1.));
#8430=DIRECTION('ref_axis',(0.866025403784439,-0.5,0.));
#8431=DIRECTION('center_axis',(0.,0.,1.));
#8432=DIRECTION('ref_axis',(0.866025403784439,-0.5,0.));
#8433=DIRECTION('center_axis',(0.,0.,-1.));
#8434=DIRECTION('ref_axis',(-1.,0.,0.));
#8435=DIRECTION('center_axis',(0.,0.,1.));
#8436=DIRECTION('ref_axis',(-1.,0.,0.));
#8437=DIRECTION('',(0.,0.,-1.));
#8438=DIRECTION('center_axis',(0.,0.,1.));
#8439=DIRECTION('ref_axis',(-1.,0.,0.));
#8440=DIRECTION('center_axis',(0.,0.,-1.));
#8441=DIRECTION('ref_axis',(0.516644514572895,0.85620000324792,0.));
#8442=DIRECTION('center_axis',(0.,0.,-1.));
#8443=DIRECTION('ref_axis',(0.516644514572895,0.85620000324792,0.));
#8444=DIRECTION('',(0.,0.,1.));
#8445=DIRECTION('center_axis',(0.,0.,-1.));
#8446=DIRECTION('ref_axis',(0.516644514572895,0.85620000324792,0.));
#8447=DIRECTION('center_axis',(-0.516644514572894,-0.85620000324792,0.));
#8448=DIRECTION('ref_axis',(0.85620000324792,-0.516644514572894,0.));
#8449=DIRECTION('',(-0.85620000324792,0.516644514572894,0.));
#8450=DIRECTION('',(0.,0.,1.));
#8451=DIRECTION('',(0.85620000324792,-0.516644514572894,0.));
#8452=DIRECTION('center_axis',(0.,0.,-1.));
#8453=DIRECTION('ref_axis',(0.295047931798175,0.955482452974213,0.));
#8454=DIRECTION('center_axis',(0.,0.,-1.));
#8455=DIRECTION('ref_axis',(0.295047931798175,0.955482452974213,0.));
#8456=DIRECTION('',(0.,0.,1.));
#8457=DIRECTION('center_axis',(0.,0.,-1.));
#8458=DIRECTION('ref_axis',(0.295047931798175,0.955482452974213,0.));
#8459=DIRECTION('center_axis',(-0.29504793179805,-0.955482452974252,0.));
#8460=DIRECTION('ref_axis',(0.955482452974252,-0.29504793179805,0.));
#8461=DIRECTION('',(-0.955482452974252,0.29504793179805,0.));
#8462=DIRECTION('',(0.,0.,1.));
#8463=DIRECTION('',(0.955482452974252,-0.29504793179805,0.));
#8464=DIRECTION('center_axis',(0.,0.,-1.));
#8465=DIRECTION('ref_axis',(-0.95548245297406,0.295047931798671,0.));
#8466=DIRECTION('center_axis',(0.,0.,-1.));
#8467=DIRECTION('ref_axis',(0.679948111246164,-0.733260230759022,0.));
#8468=DIRECTION('',(0.,0.,1.));
#8469=DIRECTION('center_axis',(0.,0.,-1.));
#8470=DIRECTION('ref_axis',(0.679948111246164,-0.733260230759022,0.));
#8471=DIRECTION('center_axis',(0.295047931797485,0.955482452974426,0.));
#8472=DIRECTION('ref_axis',(-0.955482452974426,0.295047931797485,0.));
#8473=DIRECTION('',(-0.955482452974426,0.295047931797485,0.));
#8474=DIRECTION('',(-0.955482452974426,0.295047931797485,0.));
#8475=DIRECTION('center_axis',(0.,0.,-1.));
#8476=DIRECTION('ref_axis',(-1.,0.,0.));
#8477=DIRECTION('center_axis',(0.,0.,-1.));
#8478=DIRECTION('ref_axis',(-1.,0.,0.));
#8479=DIRECTION('',(0.,0.,1.));
#8480=DIRECTION('',(1.,0.,0.));
#8481=DIRECTION('',(0.,0.,1.));
#8482=DIRECTION('',(1.,0.,0.));
#8483=DIRECTION('axis',(0.,0.,1.));
#8484=DIRECTION('refdir',(1.,0.,0.));
#8485=DIRECTION('axis',(0.,0.,1.));
#8486=DIRECTION('refdir',(1.,0.,0.));
#8487=DIRECTION('center_axis',(0.,0.,1.));
#8488=DIRECTION('ref_axis',(1.,0.,0.));
#8489=DIRECTION('center_axis',(0.,0.,-1.));
#8490=DIRECTION('ref_axis',(1.,0.,0.));
#8491=DIRECTION('',(0.,0.,-1.));
#8492=DIRECTION('center_axis',(0.,0.,-1.));
#8493=DIRECTION('ref_axis',(1.,0.,0.));
#8494=DIRECTION('center_axis',(0.,0.,1.));
#8495=DIRECTION('ref_axis',(1.,0.,0.));
#8496=DIRECTION('center_axis',(0.,0.,-1.));
#8497=DIRECTION('ref_axis',(1.,0.,0.));
#8498=DIRECTION('',(0.,0.,-1.));
#8499=DIRECTION('center_axis',(0.,0.,-1.));
#8500=DIRECTION('ref_axis',(1.,0.,0.));
#8501=DIRECTION('center_axis',(0.,0.,1.));
#8502=DIRECTION('ref_axis',(0.866025403784443,-0.499999999999992,0.));
#8503=DIRECTION('center_axis',(0.,0.,1.));
#8504=DIRECTION('ref_axis',(-1.,-9.76996261670138E-15,0.));
#8505=DIRECTION('',(0.,0.,1.));
#8506=DIRECTION('center_axis',(0.,0.,1.));
#8507=DIRECTION('ref_axis',(-1.,-9.76996261670138E-15,0.));
#8508=DIRECTION('',(0.,0.,1.));
#8509=DIRECTION('center_axis',(-0.5,-0.866025403784439,0.));
#8510=DIRECTION('ref_axis',(0.866025403784439,-0.5,0.));
#8511=DIRECTION('',(-0.866025403784439,0.5,0.));
#8512=DIRECTION('',(0.866025403784439,-0.5,0.));
#8513=DIRECTION('',(0.,0.,1.));
#8514=DIRECTION('center_axis',(0.,0.,1.));
#8515=DIRECTION('ref_axis',(-0.866025403784432,0.500000000000012,0.));
#8516=DIRECTION('center_axis',(0.,0.,1.));
#8517=DIRECTION('ref_axis',(1.,0.,0.));
#8518=DIRECTION('center_axis',(0.,0.,1.));
#8519=DIRECTION('ref_axis',(1.,0.,0.));
#8520=DIRECTION('',(0.,0.,1.));
#8521=DIRECTION('center_axis',(0.499999999999999,0.866025403784439,0.));
#8522=DIRECTION('ref_axis',(-0.866025403784439,0.499999999999999,0.));
#8523=DIRECTION('',(-0.866025403784439,0.499999999999999,0.));
#8524=DIRECTION('',(-0.866025403784439,0.499999999999999,0.));
#8525=DIRECTION('center_axis',(0.,0.,1.));
#8526=DIRECTION('ref_axis',(1.,0.,0.));
#8527=DIRECTION('center_axis',(0.,0.,1.));
#8528=DIRECTION('ref_axis',(1.,0.,0.));
#8529=DIRECTION('axis',(0.,0.,1.));
#8530=DIRECTION('refdir',(1.,0.,0.));
#8531=DIRECTION('center_axis',(0.,0.,-1.));
#8532=DIRECTION('ref_axis',(-1.,0.,0.));
#8533=DIRECTION('center_axis',(0.,0.,1.));
#8534=DIRECTION('ref_axis',(-1.,0.,0.));
#8535=DIRECTION('',(0.,0.,-1.));
#8536=DIRECTION('center_axis',(0.,0.,1.));
#8537=DIRECTION('ref_axis',(-1.,0.,0.));
#8538=DIRECTION('center_axis',(0.,0.,-1.));
#8539=DIRECTION('ref_axis',(-1.,0.,0.));
#8540=DIRECTION('center_axis',(0.,0.,1.));
#8541=DIRECTION('ref_axis',(-1.,0.,0.));
#8542=DIRECTION('',(0.,0.,-1.));
#8543=DIRECTION('center_axis',(0.,0.,1.));
#8544=DIRECTION('ref_axis',(-1.,0.,0.));
#8545=DIRECTION('center_axis',(0.,0.,-1.));
#8546=DIRECTION('ref_axis',(-0.866025403784443,-0.499999999999992,0.));
#8547=DIRECTION('center_axis',(0.,0.,-1.));
#8548=DIRECTION('ref_axis',(1.,-9.76996261670138E-15,0.));
#8549=DIRECTION('',(0.,0.,1.));
#8550=DIRECTION('center_axis',(0.,0.,-1.));
#8551=DIRECTION('ref_axis',(1.,-9.76996261670138E-15,0.));
#8552=DIRECTION('',(0.,0.,1.));
#8553=DIRECTION('center_axis',(-0.5,0.866025403784439,0.));
#8554=DIRECTION('ref_axis',(-0.866025403784439,-0.5,0.));
#8555=DIRECTION('',(0.866025403784439,0.5,0.));
#8556=DIRECTION('',(0.,0.,1.));
#8557=DIRECTION('',(-0.866025403784439,-0.5,0.));
#8558=DIRECTION('center_axis',(0.,0.,-1.));
#8559=DIRECTION('ref_axis',(0.866025403784432,0.500000000000012,0.));
#8560=DIRECTION('center_axis',(0.,0.,-1.));
#8561=DIRECTION('ref_axis',(-1.,0.,0.));
#8562=DIRECTION('',(0.,0.,1.));
#8563=DIRECTION('center_axis',(0.,0.,-1.));
#8564=DIRECTION('ref_axis',(-1.,0.,0.));
#8565=DIRECTION('center_axis',(0.499999999999999,-0.866025403784439,0.));
#8566=DIRECTION('ref_axis',(0.866025403784439,0.499999999999999,0.));
#8567=DIRECTION('',(0.866025403784439,0.499999999999999,0.));
#8568=DIRECTION('',(0.866025403784439,0.499999999999999,0.));
#8569=DIRECTION('center_axis',(0.,0.,-1.));
#8570=DIRECTION('ref_axis',(-1.,0.,0.));
#8571=DIRECTION('center_axis',(0.,0.,-1.));
#8572=DIRECTION('ref_axis',(-1.,0.,0.));
#8573=DIRECTION('',(0.,0.,1.));
#8574=DIRECTION('',(1.,0.,0.));
#8575=DIRECTION('',(0.,0.,1.));
#8576=DIRECTION('',(1.,0.,0.));
#8577=DIRECTION('axis',(0.,0.,1.));
#8578=DIRECTION('refdir',(1.,0.,0.));
#8579=DIRECTION('center_axis',(-0.707106781186547,0.,-0.707106781186548));
#8580=DIRECTION('ref_axis',(-0.707106781186548,0.,0.707106781186547));
#8581=DIRECTION('center_axis',(0.707106781186547,0.,0.707106781186548));
#8582=DIRECTION('ref_axis',(0.707106781186548,0.,-0.707106781186547));
#8583=DIRECTION('',(0.,-1.,0.));
#8584=DIRECTION('center_axis',(0.707106781186547,0.,0.707106781186548));
#8585=DIRECTION('ref_axis',(0.707106781186548,0.,-0.707106781186547));
#8586=DIRECTION('',(0.,1.,0.));
#8587=DIRECTION('center_axis',(0.,0.,-1.));
#8588=DIRECTION('ref_axis',(0.,1.,0.));
#8589=DIRECTION('center_axis',(0.,0.,-1.));
#8590=DIRECTION('ref_axis',(1.,0.,0.));
#8591=DIRECTION('center_axis',(0.,-1.,0.));
#8592=DIRECTION('ref_axis',(-0.707106781186548,0.,-0.707106781186548));
#8593=DIRECTION('',(0.,-1.,0.));
#8594=DIRECTION('',(0.,1.,0.));
#8595=DIRECTION('center_axis',(1.,0.,0.));
#8596=DIRECTION('ref_axis',(0.,1.,0.));
#8597=DIRECTION('',(0.,0.,1.));
#8598=DIRECTION('',(0.,-0.394224268659547,0.919014268659549));
#8599=DIRECTION('center_axis',(1.,0.,0.));
#8600=DIRECTION('ref_axis',(0.,1.,0.));
#8601=DIRECTION('',(0.,-0.394224268659548,-0.919014268659548));
#8602=DIRECTION('',(0.,0.,-1.));
#8603=DIRECTION('center_axis',(-1.,0.,0.));
#8604=DIRECTION('ref_axis',(0.,1.,0.));
#8605=DIRECTION('center_axis',(0.,1.,0.));
#8606=DIRECTION('ref_axis',(0.707106781186548,0.,-0.707106781186547));
#8607=DIRECTION('',(0.,-1.,0.));
#8608=DIRECTION('',(0.,1.,0.));
#8609=DIRECTION('center_axis',(0.,0.919014268659549,0.394224268659547));
#8610=DIRECTION('ref_axis',(2.5507770025622E-16,0.394224268659547,-0.919014268659549));
#8611=DIRECTION('center_axis',(1.,0.,0.));
#8612=DIRECTION('ref_axis',(0.,1.,0.));
#8613=DIRECTION('',(0.,1.,0.));
#8614=DIRECTION('',(0.,-0.394224268659548,-0.919014268659548));
#8615=DIRECTION('center_axis',(1.,0.,0.));
#8616=DIRECTION('ref_axis',(0.,1.,0.));
#8617=DIRECTION('',(0.,-0.394224268659547,0.919014268659549));
#8618=DIRECTION('center_axis',(-1.,0.,0.));
#8619=DIRECTION('ref_axis',(0.,1.,0.));
#8620=DIRECTION('center_axis',(0.,1.,0.));
#8621=DIRECTION('ref_axis',(0.707106781186548,0.,-0.707106781186547));
#8622=DIRECTION('center_axis',(0.,-0.919014268659548,0.394224268659548));
#8623=DIRECTION('ref_axis',(2.5507770025622E-16,-0.394224268659548,-0.919014268659548));
#8624=DIRECTION('',(0.,-1.,0.));
#8625=DIRECTION('center_axis',(0.,0.,1.));
#8626=DIRECTION('ref_axis',(1.,0.,0.));
#8627=DIRECTION('center_axis',(0.,0.,1.));
#8628=DIRECTION('ref_axis',(1.,0.,0.));
#8629=DIRECTION('center_axis',(0.,0.,1.));
#8630=DIRECTION('ref_axis',(1.,0.,0.));
#8631=DIRECTION('center_axis',(0.,0.,-1.));
#8632=DIRECTION('ref_axis',(1.,0.,0.));
#8633=DIRECTION('center_axis',(0.,0.,-1.));
#8634=DIRECTION('ref_axis',(1.,0.,0.));
#8635=DIRECTION('center_axis',(0.,0.919014268659549,0.394224268659547));
#8636=DIRECTION('ref_axis',(0.,-0.394224268659547,0.919014268659549));
#8637=DIRECTION('center_axis',(0.,0.919014268659549,0.394224268659547));
#8638=DIRECTION('ref_axis',(0.,0.394224268659547,-0.919014268659549));
#8639=DIRECTION('',(1.,0.,0.));
#8640=DIRECTION('center_axis',(1.,0.,0.));
#8641=DIRECTION('ref_axis',(0.,1.,0.));
#8642=DIRECTION('',(-1.,0.,0.));
#8643=DIRECTION('center_axis',(0.,-0.919014268659548,0.394224268659548));
#8644=DIRECTION('ref_axis',(0.,-0.394224268659548,-0.919014268659548));
#8645=DIRECTION('center_axis',(0.,0.919014268659548,-0.394224268659548));
#8646=DIRECTION('ref_axis',(0.,0.394224268659548,0.919014268659548));
#8647=DIRECTION('',(1.,0.,0.));
#8648=DIRECTION('center_axis',(1.,0.,0.));
#8649=DIRECTION('ref_axis',(0.,1.,0.));
#8650=DIRECTION('center_axis',(0.,0.,1.));
#8651=DIRECTION('ref_axis',(1.,0.,0.));
#8652=DIRECTION('center_axis',(0.,0.,1.));
#8653=DIRECTION('ref_axis',(1.,0.,0.));
#8654=DIRECTION('center_axis',(0.,0.,1.));
#8655=DIRECTION('ref_axis',(1.,0.,0.));
#8656=DIRECTION('',(0.,0.,-1.));
#8657=DIRECTION('center_axis',(0.,0.,-1.));
#8658=DIRECTION('ref_axis',(1.,0.,0.));
#8659=DIRECTION('center_axis',(0.,0.,1.));
#8660=DIRECTION('ref_axis',(1.,0.,0.));
#8661=DIRECTION('',(0.,0.,-1.));
#8662=DIRECTION('center_axis',(0.,0.,1.));
#8663=DIRECTION('ref_axis',(1.,0.,0.));
#8664=DIRECTION('center_axis',(0.,0.,1.));
#8665=DIRECTION('ref_axis',(1.,0.,0.));
#8666=DIRECTION('axis',(0.,0.,1.));
#8667=DIRECTION('refdir',(1.,0.,0.));
#8668=DIRECTION('center_axis',(-0.619045060930906,0.631810219609067,0.466475142890372));
#8669=DIRECTION('ref_axis',(0.714285714283619,0.699854212225904,0.));
#8670=DIRECTION('center_axis',(-1.,0.,0.));
#8671=DIRECTION('ref_axis',(0.,-1.,0.));
#8672=DIRECTION('center_axis',(-0.619045060930858,-0.631810219609112,0.466475142890375));
#8673=DIRECTION('ref_axis',(-2.32563968083355E-12,-0.593966886791178,-0.804489488679371));
#8674=DIRECTION('center_axis',(-1.,0.,0.));
#8675=DIRECTION('ref_axis',(0.,-1.,0.));
#8676=DIRECTION('center_axis',(-1.,0.,0.));
#8677=DIRECTION('ref_axis',(0.,3.01368339298469E-14,-1.));
#8678=DIRECTION('center_axis',(-1.,0.,0.));
#8679=DIRECTION('ref_axis',(0.,-1.,0.));
#8680=DIRECTION('center_axis',(-1.,0.,0.));
#8681=DIRECTION('ref_axis',(0.,-1.,0.));
#8682=DIRECTION('center_axis',(1.,0.,0.));
#8683=DIRECTION('ref_axis',(0.,-1.,0.));
#8684=DIRECTION('center_axis',(-1.,0.,0.));
#8685=DIRECTION('ref_axis',(0.,-1.,0.));
#8686=DIRECTION('center_axis',(-1.,0.,0.));
#8687=DIRECTION('ref_axis',(0.,-1.,0.));
#8688=DIRECTION('',(0.,-1.1842378929335E-16,1.));
#8689=DIRECTION('',(0.,1.1842378929335E-16,-1.));
#8690=DIRECTION('center_axis',(1.,0.,0.));
#8691=DIRECTION('ref_axis',(0.,-1.,0.));
#8692=DIRECTION('center_axis',(0.,-1.1842378929335E-16,1.));
#8693=DIRECTION('ref_axis',(1.,0.,0.));
#8694=DIRECTION('center_axis',(0.,-1.1842378929335E-16,1.));
#8695=DIRECTION('ref_axis',(1.,0.,0.));
#8696=DIRECTION('',(0.,1.1842378929335E-16,-1.));
#8697=DIRECTION('center_axis',(0.,-1.1842378929335E-16,1.));
#8698=DIRECTION('ref_axis',(1.,0.,0.));
#8699=DIRECTION('center_axis',(-1.,0.,0.));
#8700=DIRECTION('ref_axis',(0.,-1.,0.));
#8701=DIRECTION('center_axis',(1.,0.,0.));
#8702=DIRECTION('ref_axis',(0.,-1.,0.));
#8703=DIRECTION('',(1.,0.,0.));
#8704=DIRECTION('center_axis',(-1.,0.,0.));
#8705=DIRECTION('ref_axis',(0.,-1.,0.));
#8706=DIRECTION('axis',(0.,0.,1.));
#8707=DIRECTION('refdir',(1.,0.,0.));
#8708=DIRECTION('center_axis',(1.,-5.99520433297584E-15,4.02455846426619E-15));
#8709=DIRECTION('ref_axis',(5.99520433297584E-15,1.,2.40255908702418E-29));
#8710=DIRECTION('',(5.99520433297584E-15,1.,2.40255908702418E-29));
#8711=DIRECTION('center_axis',(1.,-5.99520433297584E-15,4.02455846426619E-15));
#8712=DIRECTION('ref_axis',(3.14018491736755E-15,-0.707106781186547,-0.707106781186548));
#8713=DIRECTION('',(4.02455846426619E-15,-1.02459473041401E-31,-1.));
#8714=DIRECTION('',(5.99520433297584E-15,1.,2.40255908702418E-29));
#8715=DIRECTION('',(-4.02455846426619E-15,1.44449642399809E-30,1.));
#8716=DIRECTION('',(-5.99520433297584E-15,-1.,-2.40255908702418E-29));
#8717=DIRECTION('',(4.02455846426619E-15,-1.02459473041401E-31,-1.));
#8718=DIRECTION('',(-5.99520433297584E-15,-1.,-2.40255908702418E-29));
#8719=DIRECTION('',(4.02455846426619E-15,-1.02459473041401E-31,-1.));
#8720=DIRECTION('',(-5.99520433297584E-15,-1.,-2.40255908702418E-29));
#8721=DIRECTION('',(4.02455846426619E-15,-1.02459473041401E-31,-1.));
#8722=DIRECTION('',(5.99520433297584E-15,1.,2.40255908702418E-29));
#8723=DIRECTION('',(-4.02455846426619E-15,1.02459473041401E-31,1.));
#8724=DIRECTION('center_axis',(-1.,0.,-4.02455846426619E-15));
#8725=DIRECTION('ref_axis',(-4.02455846426619E-15,-1.31371731030452E-46,
1.));
#8726=DIRECTION('',(4.02455846426619E-15,-1.44449642399809E-30,-1.));
#8727=DIRECTION('',(0.,1.,0.));
#8728=DIRECTION('',(-4.02455846426619E-15,0.,1.));
#8729=DIRECTION('',(0.,1.,0.));
#8730=DIRECTION('center_axis',(-4.02455846426619E-15,0.,1.));
#8731=DIRECTION('ref_axis',(1.,4.3757128336478E-31,4.02455846426619E-15));
#8732=DIRECTION('',(-1.,3.58920472102391E-16,-4.02455846426619E-15));
#8733=DIRECTION('',(1.,0.,4.02455846426619E-15));
#8734=DIRECTION('',(0.,1.,0.));
#8735=DIRECTION('center_axis',(-1.,0.,-4.02455846426619E-15));
#8736=DIRECTION('ref_axis',(-4.02455846426619E-15,-1.25325932573435E-31,
1.));
#8737=DIRECTION('',(4.02455846426619E-15,-1.44449642399809E-30,-1.));
#8738=DIRECTION('',(-4.02455846426619E-15,0.,1.));
#8739=DIRECTION('',(0.,1.,0.));
#8740=DIRECTION('',(4.02455846426619E-15,-1.02459473041401E-31,-1.));
#8741=DIRECTION('',(4.12354139473023E-46,1.,-1.02459473041401E-31));
#8742=DIRECTION('center_axis',(4.02455846426619E-15,0.,-1.));
#8743=DIRECTION('ref_axis',(-1.,-4.31408307542741E-31,-4.02455846426619E-15));
#8744=DIRECTION('',(1.,-5.99520433297584E-15,4.02455846426619E-15));
#8745=DIRECTION('',(-1.,0.,-4.02455846426619E-15));
#8746=DIRECTION('',(-5.99520433297584E-15,-1.,-2.41280503432832E-29));
#8747=DIRECTION('center_axis',(4.02455846426619E-15,-1.02459473041401E-31,
-1.));
#8748=DIRECTION('ref_axis',(-5.99520433297584E-15,-1.,-2.40255908702418E-29));
#8749=DIRECTION('',(1.,-3.58920472102391E-16,4.02455846426619E-15));
#8750=DIRECTION('',(-1.,5.99520433297584E-15,-4.02455846426619E-15));
#8751=DIRECTION('',(5.99520433297584E-15,1.,2.40255908702418E-29));
#8752=DIRECTION('',(-1.,3.58920472102391E-16,-4.02455846426619E-15));
#8753=DIRECTION('',(-2.77555756156293E-17,1.,-1.11703936774461E-31));
#8754=DIRECTION('',(1.,0.,4.02455846426619E-15));
#8755=DIRECTION('center_axis',(3.58920472102391E-16,1.,0.));
#8756=DIRECTION('ref_axis',(-1.,3.58920472102391E-16,0.));
#8757=DIRECTION('',(-1.,3.58920472102391E-16,-4.02455846426619E-15));
#8758=DIRECTION('center_axis',(1.,2.77555756156293E-17,-6.01265933857488E-33));
#8759=DIRECTION('ref_axis',(2.77555756156293E-17,-1.,2.23407873548917E-31));
#8760=DIRECTION('',(0.,-2.16628882853689E-16,-1.));
#8761=DIRECTION('',(-2.77555756156293E-17,1.,5.55111512312578E-17));
#8762=DIRECTION('',(0.,-2.16628882853689E-16,-1.));
#8763=DIRECTION('center_axis',(4.02455846426619E-15,-1.02459473041401E-31,
-1.));
#8764=DIRECTION('ref_axis',(5.99520433297584E-15,1.,2.40255908702418E-29));
#8765=DIRECTION('',(-1.,5.99520433297584E-15,-4.02455846426619E-15));
#8766=DIRECTION('center_axis',(5.99520433297584E-15,1.,2.40255908702418E-29));
#8767=DIRECTION('ref_axis',(1.,-5.99520433297584E-15,4.02455846426619E-15));
#8768=DIRECTION('',(4.02455846426619E-15,-1.02459473041401E-31,-1.));
#8769=DIRECTION('',(1.,-5.99520433297584E-15,4.02455846426619E-15));
#8770=DIRECTION('center_axis',(-1.,3.58920472102391E-16,-4.01935429383826E-15));
#8771=DIRECTION('ref_axis',(2.51214793389404E-15,-0.707106781186547,-0.707106781186548));
#8772=DIRECTION('',(-1.,3.58920472102391E-16,-4.01935429383826E-15));
#8773=DIRECTION('center_axis',(-1.,-2.77555756156293E-17,6.01265933857488E-33));
#8774=DIRECTION('ref_axis',(2.51214793389404E-15,-0.707106781186547,-0.707106781186548));
#8775=DIRECTION('',(1.,-3.58920472102391E-16,4.01935429383826E-15));
#8776=DIRECTION('center_axis',(1.,-2.76167977375508E-15,4.01935429383826E-15));
#8777=DIRECTION('ref_axis',(2.51214793389404E-15,-0.707106781186547,-0.707106781186548));
#8778=DIRECTION('center_axis',(4.01935429383826E-15,4.19130504147272E-32,
-1.));
#8779=DIRECTION('ref_axis',(1.,-2.76167977375508E-15,4.01935429383826E-15));
#8780=DIRECTION('center_axis',(-4.01935429383826E-15,-4.19130504147272E-32,
1.));
#8781=DIRECTION('ref_axis',(1.,-2.76167977375508E-15,4.01935429383826E-15));
#8782=DIRECTION('',(2.76167977375508E-15,1.,1.11420825072635E-29));
#8783=DIRECTION('center_axis',(4.01935429383826E-15,4.19130504147272E-32,
-1.));
#8784=DIRECTION('ref_axis',(0.707106781186548,0.707106781186547,2.8421126771643E-15));
#8785=DIRECTION('',(-1.,2.76167977375508E-15,-4.01935429383826E-15));
#8786=DIRECTION('',(2.76167977375508E-15,1.,1.11420825072635E-29));
#8787=DIRECTION('',(-1.,2.76167977375508E-15,-4.01935429383826E-15));
#8788=DIRECTION('center_axis',(4.01935429383826E-15,4.19130504147272E-32,
-1.));
#8789=DIRECTION('ref_axis',(0.707106781186546,-0.70710678118655,2.84211267716429E-15));
#8790=DIRECTION('',(-2.76167977375508E-15,-1.,-1.11420825072635E-29));
#8791=DIRECTION('center_axis',(4.01935429383826E-15,4.19130504147272E-32,
-1.));
#8792=DIRECTION('ref_axis',(0.70710678118655,0.707106781186546,2.84211267716431E-15));
#8793=DIRECTION('',(-1.,2.76167977375508E-15,-4.01935429383826E-15));
#8794=DIRECTION('',(-2.76167977375508E-15,-1.,-1.11420825072635E-29));
#8795=DIRECTION('center_axis',(4.01935429383826E-15,4.19130504147272E-32,
-1.));
#8796=DIRECTION('ref_axis',(-1.,2.76167977375508E-15,-4.01935429383826E-15));
#8797=DIRECTION('center_axis',(-1.,3.58920472102391E-16,-4.01935429383826E-15));
#8798=DIRECTION('ref_axis',(2.51214793389404E-15,-0.707106781186547,-0.707106781186548));
#8799=DIRECTION('center_axis',(1.,-2.76167977375508E-15,4.01935429383826E-15));
#8800=DIRECTION('ref_axis',(2.51214793389404E-15,-0.707106781186547,-0.707106781186548));
#8801=DIRECTION('',(1.,-3.58920472102391E-16,4.01935429383826E-15));
#8802=DIRECTION('center_axis',(1.,2.77555756156293E-17,-6.01265933857488E-33));
#8803=DIRECTION('ref_axis',(2.51214793389404E-15,-0.707106781186547,-0.707106781186548));
#8804=DIRECTION('',(-1.,3.58920472102391E-16,-4.01935429383826E-15));
#8805=DIRECTION('center_axis',(3.58920472102391E-16,1.,0.));
#8806=DIRECTION('ref_axis',(-1.,3.58920472102391E-16,0.));
#8807=DIRECTION('',(-4.02455846426619E-15,1.44449642399809E-30,1.));
#8808=DIRECTION('',(1.,-3.58920472102391E-16,4.02455846426619E-15));
#8809=DIRECTION('',(0.,-2.16628882853689E-16,-1.));
#8810=DIRECTION('center_axis',(3.58920472102391E-16,1.,0.));
#8811=DIRECTION('ref_axis',(0.707106781186547,0.,0.707106781186547));
#8812=DIRECTION('',(-1.,3.58920472102391E-16,1.99240886068703E-32));
#8813=DIRECTION('',(1.70696790036118E-15,-6.1266572466126E-31,1.));
#8814=DIRECTION('',(-1.,5.55111512312578E-17,1.70696790036118E-15));
#8815=DIRECTION('',(-5.64487906771457E-48,-1.38777878078166E-17,1.));
#8816=DIRECTION('',(-5.64487906771457E-48,-1.38777878078166E-17,1.));
#8817=DIRECTION('',(-5.64487906771457E-48,-1.38777878078166E-17,1.));
#8818=DIRECTION('',(-1.,-2.77555756156293E-17,-1.54074395550982E-33));
#8819=DIRECTION('',(5.64487906771457E-48,1.38777878078166E-17,-1.));
#8820=DIRECTION('',(5.64487906771457E-48,1.38777878078166E-17,-1.));
#8821=DIRECTION('',(5.64487906771457E-48,1.38777878078166E-17,-1.));
#8822=DIRECTION('',(-1.,5.55111512312578E-17,1.70696790036118E-15));
#8823=DIRECTION('',(0.,-1.02459473041399E-31,-1.));
#8824=DIRECTION('',(-1.,-2.77555756156293E-17,0.));
#8825=DIRECTION('',(6.15804989205235E-48,1.70920219423677E-64,-1.));
#8826=DIRECTION('',(1.,2.77555756156293E-17,1.54074395550982E-33));
#8827=DIRECTION('',(-6.15804989205235E-48,2.21025017448551E-63,1.));
#8828=DIRECTION('',(-1.,3.58920472102391E-16,0.));
#8829=DIRECTION('',(1.70696790036118E-15,-6.1266572466126E-31,1.));
#8830=DIRECTION('',(-1.,3.58920472102391E-16,0.));
#8831=DIRECTION('',(0.,0.,1.));
#8832=DIRECTION('',(-1.,0.,0.));
#8833=DIRECTION('',(0.,0.,1.));
#8834=DIRECTION('',(-1.,3.58920472102391E-16,0.));
#8835=DIRECTION('',(0.,0.,-1.));
#8836=DIRECTION('',(-1.,-2.77555756156293E-17,0.));
#8837=DIRECTION('',(7.52650542361961E-48,2.08902490406718E-64,-1.));
#8838=DIRECTION('',(1.,2.77555756156293E-17,1.54074395550982E-33));
#8839=DIRECTION('',(-7.52650542361961E-48,-2.08902490406718E-64,1.));
#8840=DIRECTION('',(-1.,-2.77555756156293E-17,0.));
#8841=DIRECTION('',(0.,1.02459473041399E-31,1.));
#8842=DIRECTION('',(-1.,5.55111512312581E-17,1.70696790036118E-15));
#8843=DIRECTION('',(6.88504189319745E-48,1.73472347597688E-17,-1.));
#8844=DIRECTION('',(6.88504189319745E-48,1.73472347597688E-17,-1.));
#8845=DIRECTION('',(6.88504189319745E-48,1.73472347597688E-17,-1.));
#8846=DIRECTION('',(-1.,-2.77555756156294E-17,-1.54074395550982E-33));
#8847=DIRECTION('',(-6.88504189319745E-48,-1.73472347597688E-17,1.));
#8848=DIRECTION('',(-6.88504189319745E-48,-1.73472347597688E-17,1.));
#8849=DIRECTION('',(-6.88504189319745E-48,-1.73472347597688E-17,1.));
#8850=DIRECTION('',(-1.,5.55111512312581E-17,1.70696790036118E-15));
#8851=DIRECTION('',(0.,0.,-1.));
#8852=DIRECTION('',(-1.,3.58920472102391E-16,1.99240886068703E-32));
#8853=DIRECTION('center_axis',(3.58920472102391E-16,1.,0.));
#8854=DIRECTION('ref_axis',(-0.707106781186547,0.,0.707106781186547));
#8855=DIRECTION('',(0.,-2.16628882853689E-16,-1.));
#8856=DIRECTION('',(4.01935429383826E-15,-1.4426285406912E-30,-1.));
#8857=DIRECTION('',(1.,-3.58920472102391E-16,4.01935429383826E-15));
#8858=DIRECTION('',(0.,-2.16628882853689E-16,-1.));
#8859=DIRECTION('',(-1.,3.58920472102391E-16,-4.01935429383826E-15));
#8860=DIRECTION('',(4.01935429383826E-15,-1.4426285406912E-30,-1.));
#8861=DIRECTION('',(1.,2.77555756156293E-17,-7.28015098114856E-17));
#8862=DIRECTION('',(-4.01935429383826E-15,1.4426285406912E-30,1.));
#8863=DIRECTION('',(-1.,3.58920472102391E-16,-4.01935429383826E-15));
#8864=DIRECTION('',(0.,-2.16628882853689E-16,-1.));
#8865=DIRECTION('',(1.,-3.58920472102391E-16,4.01935429383826E-15));
#8866=DIRECTION('',(-4.01935429383826E-15,1.4426285406912E-30,1.));
#8867=DIRECTION('',(0.,-2.16628882853689E-16,-1.));
#8868=DIRECTION('center_axis',(3.58920472102391E-16,1.,0.));
#8869=DIRECTION('ref_axis',(0.707106781186547,0.,0.707106781186547));
#8870=DIRECTION('',(-1.,3.58920472102391E-16,1.99240886068703E-32));
#8871=DIRECTION('center_axis',(3.58920472102391E-16,1.,0.));
#8872=DIRECTION('ref_axis',(-0.707106781186547,0.,0.707106781186547));
#8873=DIRECTION('center_axis',(-1.,3.58920472102391E-16,-4.02455846426619E-15));
#8874=DIRECTION('ref_axis',(3.14018491736755E-15,-0.707106781186547,-0.707106781186548));
#8875=DIRECTION('',(-1.,3.58920472102391E-16,-4.02455846426619E-15));
#8876=DIRECTION('center_axis',(-1.,-2.77555756156293E-17,6.01265933857488E-33));
#8877=DIRECTION('ref_axis',(3.14018491736755E-15,-0.707106781186547,-0.707106781186548));
#8878=DIRECTION('center_axis',(1.,-5.99520433297584E-15,4.02455846426619E-15));
#8879=DIRECTION('ref_axis',(3.14018491736755E-15,-0.707106781186547,-0.707106781186548));
#8880=DIRECTION('',(-1.,3.58920472102391E-16,-4.02455846426619E-15));
#8881=DIRECTION('center_axis',(4.02455846426619E-15,-1.02459473041401E-31,
-1.));
#8882=DIRECTION('ref_axis',(-5.99520433297584E-15,-1.,-2.40255908702418E-29));
#8883=DIRECTION('',(1.,-5.99520433297584E-15,4.02455846426619E-15));
#8884=DIRECTION('center_axis',(-4.02455846426619E-15,1.02459473041401E-31,
1.));
#8885=DIRECTION('ref_axis',(-5.99520433297584E-15,-1.,-2.40255908702418E-29));
#8886=DIRECTION('',(1.,-5.99520433297584E-15,4.02455846426619E-15));
#8887=DIRECTION('center_axis',(4.02455846426619E-15,-1.02459473041401E-31,
-1.));
#8888=DIRECTION('ref_axis',(0.707106781186545,-0.70710678118655,2.84579258136433E-15));
#8889=DIRECTION('',(5.99520433297584E-15,1.,2.40255908702418E-29));
#8890=DIRECTION('',(1.,-5.99520433297584E-15,4.02455846426619E-15));
#8891=DIRECTION('',(5.99520433297584E-15,1.,2.40255908702418E-29));
#8892=DIRECTION('center_axis',(4.02455846426619E-15,-1.02459473041401E-31,
-1.));
#8893=DIRECTION('ref_axis',(-0.707106781186552,-0.707106781186543,-2.84579258136436E-15));
#8894=DIRECTION('',(-1.,5.99520433297584E-15,-4.02455846426619E-15));
#8895=DIRECTION('center_axis',(4.02455846426619E-15,-1.02459473041401E-31,
-1.));
#8896=DIRECTION('ref_axis',(0.707106781186543,-0.707106781186552,2.84579258136432E-15));
#8897=DIRECTION('',(5.99520433297584E-15,1.,2.40255908702418E-29));
#8898=DIRECTION('',(-1.,5.99520433297584E-15,-4.02455846426619E-15));
#8899=DIRECTION('',(-5.99520433297584E-15,-1.,-2.40255908702418E-29));
#8900=DIRECTION('center_axis',(4.02455846426619E-15,-1.02459473041401E-31,
-1.));
#8901=DIRECTION('ref_axis',(5.99520433297584E-15,1.,2.40255908702418E-29));
#8902=DIRECTION('center_axis',(-2.77555756156293E-17,1.,5.55111512312578E-17));
#8903=DIRECTION('ref_axis',(0.707106781186547,0.,-0.707106781186548));
#8904=DIRECTION('',(2.77555756156293E-17,-1.,-5.55111512312578E-17));
#8905=DIRECTION('center_axis',(0.,1.,0.));
#8906=DIRECTION('ref_axis',(0.707106781186547,0.,-0.707106781186548));
#8907=DIRECTION('',(-2.77555756156293E-17,1.,5.55111512312578E-17));
#8908=DIRECTION('center_axis',(-5.4738221262688E-48,-5.55111512312578E-17,
1.));
#8909=DIRECTION('ref_axis',(1.,3.69778549322349E-32,7.52650542361961E-48));
#8910=DIRECTION('',(1.,0.,4.10536659470154E-48));
#8911=DIRECTION('',(2.77555756156293E-17,-1.,-5.55111512312578E-17));
#8912=DIRECTION('',(-1.,3.58920472102391E-16,1.99240886068703E-32));
#8913=DIRECTION('center_axis',(0.,-1.,0.));
#8914=DIRECTION('ref_axis',(1.,0.,0.));
#8915=DIRECTION('center_axis',(0.,-1.,0.));
#8916=DIRECTION('ref_axis',(-0.707106781186547,0.,0.707106781186547));
#8917=DIRECTION('',(1.,0.,4.10536659470154E-48));
#8918=DIRECTION('center_axis',(0.,-1.,0.));
#8919=DIRECTION('ref_axis',(0.707106781186547,0.,0.707106781186547));
#8920=DIRECTION('',(0.,-2.16628882853689E-16,-1.));
#8921=DIRECTION('',(-1.,-2.77555756156293E-17,0.));
#8922=DIRECTION('',(0.,-2.16628882853689E-16,-1.));
#8923=DIRECTION('center_axis',(0.,-1.,0.));
#8924=DIRECTION('ref_axis',(-0.707106781186547,0.,0.707106781186547));
#8925=DIRECTION('',(-1.70696790036118E-15,0.,-1.));
#8926=DIRECTION('',(-1.,0.,1.70696790036118E-15));
#8927=DIRECTION('',(0.,0.,1.));
#8928=DIRECTION('',(-1.,0.,0.));
#8929=DIRECTION('',(0.,0.,-1.));
#8930=DIRECTION('',(-1.,0.,0.));
#8931=DIRECTION('',(0.,0.,-1.));
#8932=DIRECTION('',(-1.,0.,0.));
#8933=DIRECTION('',(0.,0.,-1.));
#8934=DIRECTION('',(-1.,0.,1.70696790036118E-15));
#8935=DIRECTION('',(-1.70696790036118E-15,0.,-1.));
#8936=DIRECTION('center_axis',(0.,1.,0.));
#8937=DIRECTION('ref_axis',(-0.707106781186548,0.,-0.707106781186548));
#8938=DIRECTION('',(1.,0.,4.10536659470154E-48));
#8939=DIRECTION('center_axis',(0.,-1.,0.));
#8940=DIRECTION('ref_axis',(0.707106781186547,0.,0.707106781186547));
#8941=DIRECTION('',(0.,-2.16628882853689E-16,-1.));
#8942=DIRECTION('',(-1.,-2.77555756156293E-17,4.4997377742487E-17));
#8943=DIRECTION('',(-4.02455846426619E-15,0.,1.));
#8944=DIRECTION('',(4.02455846426619E-15,0.,-1.));
#8945=DIRECTION('',(1.,0.,4.02455846426619E-15));
#8946=DIRECTION('',(-1.38777878078145E-16,0.,1.));
#8947=DIRECTION('',(1.,0.,4.02455846426619E-15));
#8948=DIRECTION('',(-4.02455846426619E-15,0.,1.));
#8949=DIRECTION('',(1.,0.,4.02455846426619E-15));
#8950=DIRECTION('',(4.02455846426619E-15,0.,-1.));
#8951=DIRECTION('',(1.,0.,4.02455846426619E-15));
#8952=DIRECTION('',(1.,0.,4.02455846426619E-15));
#8953=DIRECTION('',(-4.02455846426619E-15,0.,1.));
#8954=DIRECTION('',(1.,0.,4.02455846426619E-15));
#8955=DIRECTION('',(1.38777878078144E-16,0.,-1.));
#8956=DIRECTION('',(1.,0.,4.02455846426619E-15));
#8957=DIRECTION('',(5.80091530366644E-15,0.,-1.));
#8958=DIRECTION('',(1.,0.,4.02455846426619E-15));
#8959=DIRECTION('',(-5.80091530366644E-15,0.,1.));
#8960=DIRECTION('center_axis',(-5.55111512312579E-17,-1.,-5.55111512312578E-17));
#8961=DIRECTION('ref_axis',(-0.707106781186548,0.,-0.707106781186548));
#8962=DIRECTION('',(5.55111512312579E-17,1.,5.55111512312578E-17));
#8963=DIRECTION('',(-5.55111512312579E-17,-1.,-5.55111512312578E-17));
#8964=DIRECTION('center_axis',(-1.,5.55111512312578E-17,1.70696790036118E-15));
#8965=DIRECTION('ref_axis',(-5.55111512312578E-17,-1.,-1.38777878078166E-17));
#8966=DIRECTION('',(-5.55111512312578E-17,-1.,-1.38777878078149E-17));
#8967=DIRECTION('',(-1.70696790036118E-15,-1.44290215205933E-15,-1.));
#8968=DIRECTION('',(2.77555756156293E-17,-1.,2.23407873548917E-31));
#8969=DIRECTION('',(2.77555756156293E-17,-1.,0.));
#8970=DIRECTION('',(1.70696790036118E-15,0.,1.));
#8971=DIRECTION('',(-2.77555756156293E-17,1.,-1.02459473041399E-31));
#8972=DIRECTION('center_axis',(0.,1.,0.));
#8973=DIRECTION('ref_axis',(0.,0.,-1.));
#8974=DIRECTION('center_axis',(0.,0.,-1.));
#8975=DIRECTION('ref_axis',(-0.707106781186547,0.707106781186547,0.));
#8976=DIRECTION('center_axis',(-1.,0.,0.));
#8977=DIRECTION('ref_axis',(0.,1.,0.));
#8978=DIRECTION('center_axis',(0.,0.,1.));
#8979=DIRECTION('ref_axis',(-0.707106781186547,0.707106781186547,0.));
#8980=DIRECTION('center_axis',(0.,0.,1.));
#8981=DIRECTION('ref_axis',(-0.707106781186547,0.707106781186547,0.));
#8982=DIRECTION('center_axis',(0.,1.02459473041399E-31,1.));
#8983=DIRECTION('ref_axis',(-0.707106781186547,0.707106781186547,0.));
#8984=DIRECTION('',(0.,0.,-1.));
#8985=DIRECTION('',(0.,0.,1.));
#8986=DIRECTION('center_axis',(0.,0.,1.));
#8987=DIRECTION('ref_axis',(1.,0.,0.));
#8988=DIRECTION('',(-1.,0.,0.));
#8989=DIRECTION('center_axis',(0.,0.,1.));
#8990=DIRECTION('ref_axis',(0.707106781186547,0.707106781186547,0.));
#8991=DIRECTION('',(0.,1.,0.));
#8992=DIRECTION('',(1.,0.,0.));
#8993=DIRECTION('',(0.,-1.,0.));
#8994=DIRECTION('',(1.22464679914735E-16,1.,0.));
#8995=DIRECTION('center_axis',(0.,0.,1.));
#8996=DIRECTION('ref_axis',(-1.22464679914735E-16,-1.,-2.63677968348474E-16));
#8997=DIRECTION('',(-0.866025403784438,0.5,0.));
#8998=DIRECTION('center_axis',(0.,0.,1.));
#8999=DIRECTION('ref_axis',(-1.22464679914735E-16,-1.,-2.63677968348474E-16));
#9000=DIRECTION('',(-0.866025403784439,-0.499999999999999,0.));
#9001=DIRECTION('center_axis',(0.,0.,1.));
#9002=DIRECTION('ref_axis',(-1.22464679914735E-16,-1.,-2.63677968348474E-16));
#9003=DIRECTION('',(-1.22464679914735E-16,-1.,0.));
#9004=DIRECTION('center_axis',(0.,0.,1.));
#9005=DIRECTION('ref_axis',(-1.22464679914735E-16,-1.,-2.63677968348474E-16));
#9006=DIRECTION('',(0.866025403784439,-0.499999999999999,0.));
#9007=DIRECTION('center_axis',(0.,0.,1.));
#9008=DIRECTION('ref_axis',(-1.22464679914735E-16,-1.,-2.63677968348474E-16));
#9009=DIRECTION('',(0.866025403784439,0.5,0.));
#9010=DIRECTION('center_axis',(0.,0.,1.));
#9011=DIRECTION('ref_axis',(-1.22464679914735E-16,-1.,-2.63677968348474E-16));
#9012=DIRECTION('center_axis',(-1.,0.,0.));
#9013=DIRECTION('ref_axis',(0.,0.707106781186547,-0.707106781186547));
#9014=DIRECTION('',(1.,0.,0.));
#9015=DIRECTION('center_axis',(1.,0.,0.));
#9016=DIRECTION('ref_axis',(0.,0.,-1.));
#9017=DIRECTION('center_axis',(0.,1.,0.));
#9018=DIRECTION('ref_axis',(-1.,0.,0.));
#9019=DIRECTION('',(-1.,0.,0.));
#9020=DIRECTION('',(4.02455846426619E-15,0.,-1.));
#9021=DIRECTION('',(-1.,0.,0.));
#9022=DIRECTION('',(-4.02455846426619E-15,0.,1.));
#9023=DIRECTION('',(1.,0.,0.));
#9024=DIRECTION('',(0.,0.,1.));
#9025=DIRECTION('center_axis',(0.,0.,-1.));
#9026=DIRECTION('ref_axis',(0.707106781186547,0.707106781186547,0.));
#9027=DIRECTION('center_axis',(0.,1.,0.));
#9028=DIRECTION('ref_axis',(1.,0.,0.));
#9029=DIRECTION('center_axis',(0.,0.,1.));
#9030=DIRECTION('ref_axis',(0.707106781186547,0.707106781186547,0.));
#9031=DIRECTION('center_axis',(0.,1.02459473041399E-31,1.));
#9032=DIRECTION('ref_axis',(0.707106781186547,0.707106781186547,0.));
#9033=DIRECTION('',(0.,0.,-1.));
#9034=DIRECTION('center_axis',(0.,1.,0.));
#9035=DIRECTION('ref_axis',(0.707106781186547,0.,-0.707106781186547));
#9036=DIRECTION('',(0.,-1.,0.));
#9037=DIRECTION('center_axis',(0.707106781186548,0.707106781186548,0.));
#9038=DIRECTION('ref_axis',(0.707106781186547,-0.707106781186547,0.));
#9039=DIRECTION('center_axis',(1.,0.,0.));
#9040=DIRECTION('ref_axis',(0.,1.,0.));
#9041=DIRECTION('',(0.,-1.,1.02459473041399E-31));
#9042=DIRECTION('',(0.,1.02459473041399E-31,1.));
#9043=DIRECTION('',(0.,1.,0.));
#9044=DIRECTION('',(0.,1.,-1.02459473041399E-31));
#9045=DIRECTION('center_axis',(1.,0.,0.));
#9046=DIRECTION('ref_axis',(0.,0.707106781186547,0.707106781186547));
#9047=DIRECTION('',(0.,0.,-1.));
#9048=DIRECTION('center_axis',(1.70696790036118E-15,0.,1.));
#9049=DIRECTION('ref_axis',(-0.707106781186547,0.707106781186547,1.25607396694702E-15));
#9050=DIRECTION('center_axis',(0.,0.,-1.));
#9051=DIRECTION('ref_axis',(-0.707106781186547,0.707106781186547,1.25607396694702E-15));
#9052=DIRECTION('',(-1.70696790036118E-15,0.,-1.));
#9053=DIRECTION('center_axis',(0.,1.02459473041399E-31,1.));
#9054=DIRECTION('ref_axis',(-0.707106781186547,0.707106781186547,1.25607396694702E-15));
#9055=DIRECTION('center_axis',(0.,1.,0.));
#9056=DIRECTION('ref_axis',(-1.,0.,0.));
#9057=DIRECTION('',(-1.,0.,0.));
#9058=DIRECTION('',(-4.02455846426619E-15,0.,1.));
#9059=DIRECTION('',(-1.,0.,0.));
#9060=DIRECTION('center_axis',(0.,0.,1.));
#9061=DIRECTION('ref_axis',(1.,0.,0.));
#9062=DIRECTION('',(2.77555756156293E-17,-1.,0.));
#9063=DIRECTION('center_axis',(0.,0.,-1.));
#9064=DIRECTION('ref_axis',(0.707106781186547,0.707106781186547,0.));
#9065=DIRECTION('',(-1.,0.,0.));
#9066=DIRECTION('center_axis',(0.,0.,1.));
#9067=DIRECTION('ref_axis',(-0.707106781186547,-0.707106781186547,-2.51214793389404E-15));
#9068=DIRECTION('',(0.,1.,0.));
#9069=DIRECTION('center_axis',(0.,0.,-1.));
#9070=DIRECTION('ref_axis',(0.707106781186547,0.707106781186547,2.51214793389404E-15));
#9071=DIRECTION('',(1.,4.31408307542741E-31,4.86397756740974E-15));
#9072=DIRECTION('center_axis',(0.,0.,-1.));
#9073=DIRECTION('ref_axis',(-0.707106781186547,0.707106781186547,-2.51214793389404E-15));
#9074=DIRECTION('',(0.,1.,0.));
#9075=DIRECTION('center_axis',(0.,0.,1.));
#9076=DIRECTION('ref_axis',(0.707106781186547,-0.707106781186547,2.51214793389404E-15));
#9077=DIRECTION('center_axis',(0.,0.,1.));
#9078=DIRECTION('ref_axis',(-0.707106781186547,-0.707106781186547,-2.51214793389404E-15));
#9079=DIRECTION('',(0.,1.,0.));
#9080=DIRECTION('center_axis',(0.,0.,-1.));
#9081=DIRECTION('ref_axis',(0.707106781186547,0.707106781186547,2.51214793389404E-15));
#9082=DIRECTION('',(1.,4.31408307542741E-31,4.02455846426619E-15));
#9083=DIRECTION('center_axis',(0.,0.,-1.));
#9084=DIRECTION('ref_axis',(-0.707106781186547,0.707106781186547,-2.51214793389404E-15));
#9085=DIRECTION('',(0.,1.,0.));
#9086=DIRECTION('center_axis',(0.,0.,1.));
#9087=DIRECTION('ref_axis',(0.707106781186547,-0.707106781186547,2.51214793389404E-15));
#9088=DIRECTION('',(-3.69778549322349E-32,1.,-1.02459473041399E-31));
#9089=DIRECTION('',(1.,0.,0.));
#9090=DIRECTION('center_axis',(0.,0.,1.));
#9091=DIRECTION('ref_axis',(1.,2.77555756156293E-17,0.));
#9092=DIRECTION('',(-5.55111512312578E-17,-1.,0.));
#9093=DIRECTION('',(1.,0.,0.));
#9094=DIRECTION('',(0.,-1.,0.));
#9095=DIRECTION('center_axis',(0.,0.,-1.));
#9096=DIRECTION('ref_axis',(1.,2.77555756156293E-17,0.));
#9097=DIRECTION('center_axis',(0.,0.,-1.));
#9098=DIRECTION('ref_axis',(1.,2.77555756156293E-17,0.));
#9099=DIRECTION('center_axis',(0.,0.,-1.));
#9100=DIRECTION('ref_axis',(1.,2.77555756156293E-17,0.));
#9101=DIRECTION('center_axis',(0.,0.,-1.));
#9102=DIRECTION('ref_axis',(1.,2.77555756156293E-17,0.));
#9103=DIRECTION('center_axis',(4.02455846426619E-15,0.,-1.));
#9104=DIRECTION('ref_axis',(0.707106781186547,-0.707106781186547,2.51214793389404E-15));
#9105=DIRECTION('',(4.02455846426619E-15,0.,-1.));
#9106=DIRECTION('center_axis',(0.,-1.02459473041399E-31,-1.));
#9107=DIRECTION('ref_axis',(0.707106781186547,-0.707106781186547,2.51214793389404E-15));
#9108=DIRECTION('center_axis',(-1.,0.,-4.02455846426619E-15));
#9109=DIRECTION('ref_axis',(-4.02455846426619E-15,-1.90926915764256E-44,
1.));
#9110=DIRECTION('',(-4.02455846426619E-15,0.,1.));
#9111=DIRECTION('',(0.,1.,0.));
#9112=DIRECTION('center_axis',(-4.02455846426619E-15,0.,1.));
#9113=DIRECTION('ref_axis',(-0.707106781186547,0.707106781186547,-2.51214793389404E-15));
#9114=DIRECTION('',(4.02455846426619E-15,0.,-1.));
#9115=DIRECTION('center_axis',(0.,1.02459473041399E-31,1.));
#9116=DIRECTION('ref_axis',(-0.707106781186547,0.707106781186547,-2.51214793389404E-15));
#9117=DIRECTION('center_axis',(0.,1.,0.));
#9118=DIRECTION('ref_axis',(0.,0.,1.));
#9119=DIRECTION('',(-4.02455846426619E-15,0.,1.));
#9120=DIRECTION('',(-1.,-4.31408307542741E-31,-4.02455846426619E-15));
#9121=DIRECTION('center_axis',(0.,0.,-1.));
#9122=DIRECTION('ref_axis',(0.707106781186547,0.707106781186547,0.));
#9123=DIRECTION('center_axis',(0.,1.02459473041399E-31,1.));
#9124=DIRECTION('ref_axis',(0.707106781186547,0.707106781186547,0.));
#9125=DIRECTION('',(0.,0.,1.));
#9126=DIRECTION('',(0.,0.,-1.));
#9127=DIRECTION('center_axis',(1.,2.77555756156293E-17,0.));
#9128=DIRECTION('ref_axis',(0.,0.,-1.));
#9129=DIRECTION('',(-2.77555756156293E-17,1.,-1.02459473041399E-31));
#9130=DIRECTION('',(2.77555756156293E-17,-1.,2.23407873548917E-31));
#9131=DIRECTION('',(0.,1.44290215205933E-15,1.));
#9132=DIRECTION('',(-5.55111512312581E-17,-1.,-1.73472347597688E-17));
#9133=DIRECTION('center_axis',(-4.02455846426619E-15,0.,1.));
#9134=DIRECTION('ref_axis',(-0.707106781186547,-0.707106781186547,-2.51214793389404E-15));
#9135=DIRECTION('center_axis',(0.,-1.02459473041399E-31,-1.));
#9136=DIRECTION('ref_axis',(-0.707106781186547,-0.707106781186547,-2.51214793389404E-15));
#9137=DIRECTION('',(-4.02455846426619E-15,0.,1.));
#9138=DIRECTION('',(4.02455846426619E-15,0.,-1.));
#9139=DIRECTION('center_axis',(1.,0.,4.02455846426619E-15));
#9140=DIRECTION('ref_axis',(4.02455846426619E-15,3.50324616081204E-45,-1.));
#9141=DIRECTION('',(0.,1.,0.));
#9142=DIRECTION('',(4.02455846426619E-15,0.,-1.));
#9143=DIRECTION('center_axis',(4.02455846426619E-15,0.,-1.));
#9144=DIRECTION('ref_axis',(0.707106781186547,0.707106781186547,2.51214793389404E-15));
#9145=DIRECTION('center_axis',(0.,1.02459473041399E-31,1.));
#9146=DIRECTION('ref_axis',(0.707106781186547,0.707106781186547,2.51214793389404E-15));
#9147=DIRECTION('',(-4.02455846426619E-15,0.,1.));
#9148=DIRECTION('center_axis',(-4.02455846426619E-15,0.,1.));
#9149=DIRECTION('ref_axis',(-0.707106781186547,0.707106781186547,-2.51214793389404E-15));
#9150=DIRECTION('',(4.02455846426619E-15,0.,-1.));
#9151=DIRECTION('center_axis',(0.,1.02459473041399E-31,1.));
#9152=DIRECTION('ref_axis',(-0.707106781186547,0.707106781186547,-2.51214793389404E-15));
#9153=DIRECTION('',(-4.02455846426619E-15,0.,1.));
#9154=DIRECTION('center_axis',(-1.,0.,-4.02455846426619E-15));
#9155=DIRECTION('ref_axis',(-4.02455846426619E-15,-7.44439809172559E-45,
1.));
#9156=DIRECTION('',(0.,1.,0.));
#9157=DIRECTION('',(4.02455846426619E-15,0.,-1.));
#9158=DIRECTION('center_axis',(4.02455846426619E-15,0.,-1.));
#9159=DIRECTION('ref_axis',(0.707106781186547,-0.707106781186547,2.51214793389404E-15));
#9160=DIRECTION('center_axis',(0.,-1.02459473041399E-31,-1.));
#9161=DIRECTION('ref_axis',(0.707106781186547,-0.707106781186547,2.51214793389404E-15));
#9162=DIRECTION('center_axis',(-4.02455846426619E-15,0.,1.));
#9163=DIRECTION('ref_axis',(-0.707106781186547,-0.707106781186547,-2.51214793389404E-15));
#9164=DIRECTION('center_axis',(0.,-1.02459473041399E-31,-1.));
#9165=DIRECTION('ref_axis',(-0.707106781186547,-0.707106781186547,-2.51214793389404E-15));
#9166=DIRECTION('',(-4.02455846426619E-15,0.,1.));
#9167=DIRECTION('center_axis',(1.,0.,4.02455846426619E-15));
#9168=DIRECTION('ref_axis',(4.02455846426619E-15,1.31371731030452E-46,-1.));
#9169=DIRECTION('',(0.,1.,0.));
#9170=DIRECTION('',(4.02455846426619E-15,0.,-1.));
#9171=DIRECTION('center_axis',(4.02455846426619E-15,0.,-1.));
#9172=DIRECTION('ref_axis',(0.707106781186547,0.707106781186547,2.51214793389404E-15));
#9173=DIRECTION('center_axis',(0.,1.02459473041399E-31,1.));
#9174=DIRECTION('ref_axis',(0.707106781186547,0.707106781186547,2.51214793389404E-15));
#9175=DIRECTION('center_axis',(-2.77555756156293E-17,1.,5.55111512312578E-17));
#9176=DIRECTION('ref_axis',(-0.707106781186547,0.,0.707106781186547));
#9177=DIRECTION('',(-2.77555756156293E-17,1.,5.55111512312578E-17));
#9178=DIRECTION('center_axis',(1.,2.77555756156293E-17,-6.01265933857488E-33));
#9179=DIRECTION('ref_axis',(2.77555756156293E-17,-1.,7.40148683083488E-16));
#9180=DIRECTION('',(2.77555756156293E-17,-1.,7.40148683083488E-16));
#9181=DIRECTION('',(4.01935429383826E-15,4.19130504147272E-32,-1.));
#9182=DIRECTION('',(2.76167977375508E-15,1.,1.11420825072635E-29));
#9183=DIRECTION('',(-2.76167977375508E-15,-1.,-1.11420825072635E-29));
#9184=DIRECTION('',(4.01935429383826E-15,4.19130504147272E-32,-1.));
#9185=DIRECTION('',(2.76167977375508E-15,1.,1.11420825072635E-29));
#9186=DIRECTION('center_axis',(2.77555756156293E-17,-1.,-5.55111512312578E-17));
#9187=DIRECTION('ref_axis',(0.707106781186547,0.,0.707106781186547));
#9188=DIRECTION('',(2.77555756156293E-17,-1.,-5.55111512312578E-17));
#9189=DIRECTION('',(-2.77555756156293E-17,1.,5.55111512312578E-17));
#9190=DIRECTION('center_axis',(-1.,-2.77555756156293E-17,6.01265933857488E-33));
#9191=DIRECTION('ref_axis',(-2.77555756156293E-17,1.,-2.7755575615629E-16));
#9192=DIRECTION('',(4.02455846426619E-15,-1.02459473041401E-31,-1.));
#9193=DIRECTION('',(-2.77555756156293E-17,1.,-2.14163409815862E-31));
#9194=DIRECTION('center_axis',(2.77555756156293E-17,-1.,-5.55111512312578E-17));
#9195=DIRECTION('ref_axis',(0.707106781186547,0.,0.707106781186547));
#9196=DIRECTION('',(2.77555756156293E-17,-1.,-5.55111512312578E-17));
#9197=DIRECTION('',(-2.77555756156293E-17,1.,5.55111512312578E-17));
#9198=DIRECTION('center_axis',(-1.,-2.77555756156293E-17,6.01265933857488E-33));
#9199=DIRECTION('ref_axis',(-2.77555756156293E-17,1.,-2.23407873548917E-31));
#9200=DIRECTION('',(4.01935429383826E-15,4.19130504147272E-32,-1.));
#9201=DIRECTION('',(-2.76167977375508E-15,-1.,-1.11420825072635E-29));
#9202=DIRECTION('',(-2.76167977375508E-15,-1.,-1.11420825072635E-29));
#9203=DIRECTION('',(4.01935429383826E-15,4.19130504147272E-32,-1.));
#9204=DIRECTION('',(-2.77555756156293E-17,1.,-6.9646441613905E-32));
#9205=DIRECTION('center_axis',(-2.77555756156293E-17,1.,5.55111512312578E-17));
#9206=DIRECTION('ref_axis',(-0.707106781186547,0.,0.707106781186547));
#9207=DIRECTION('',(2.77555756156293E-17,-1.,-5.55111512312578E-17));
#9208=DIRECTION('center_axis',(4.01935429383826E-15,4.19130504147272E-32,
-1.));
#9209=DIRECTION('ref_axis',(-1.,2.76167977375508E-15,-4.01935429383826E-15));
#9210=DIRECTION('',(2.76167977375508E-15,1.,1.11420825072635E-29));
#9211=DIRECTION('',(1.,-2.76167977375508E-15,4.01935429383826E-15));
#9212=DIRECTION('',(1.,-2.76167977375508E-15,4.01935429383826E-15));
#9213=DIRECTION('',(-2.76167977375508E-15,-1.,-1.11420825072635E-29));
#9214=DIRECTION('center_axis',(4.01935429383826E-15,4.19130504147272E-32,
-1.));
#9215=DIRECTION('ref_axis',(1.,-2.76167977375508E-15,4.01935429383826E-15));
#9216=DIRECTION('',(-2.76167977375508E-15,-1.,-1.11420825072635E-29));
#9217=DIRECTION('center_axis',(4.01935429383826E-15,4.19130504147272E-32,
-1.));
#9218=DIRECTION('ref_axis',(1.,-2.76167977375508E-15,4.01935429383826E-15));
#9219=DIRECTION('',(-1.,2.76167977375508E-15,-4.01935429383826E-15));
#9220=DIRECTION('',(-2.76167977375508E-15,-1.,-1.11420825072635E-29));
#9221=DIRECTION('center_axis',(-4.01935429383826E-15,-4.19130504147272E-32,
1.));
#9222=DIRECTION('ref_axis',(0.707106781186548,0.707106781186547,2.8421126771643E-15));
#9223=DIRECTION('',(4.01935429383826E-15,4.19130504147272E-32,-1.));
#9224=DIRECTION('center_axis',(-4.01935429383826E-15,-4.19130504147272E-32,
1.));
#9225=DIRECTION('ref_axis',(0.707106781186548,0.707106781186547,2.8421126771643E-15));
#9226=DIRECTION('',(-4.01935429383826E-15,-4.19130504147272E-32,1.));
#9227=DIRECTION('center_axis',(2.76167977375508E-15,1.,1.11420825072635E-29));
#9228=DIRECTION('ref_axis',(-1.,2.76167977375508E-15,-4.01935429383826E-15));
#9229=DIRECTION('',(-1.,2.76167977375508E-15,-4.01935429383826E-15));
#9230=DIRECTION('',(-4.01935429383826E-15,-4.19130504147272E-32,1.));
#9231=DIRECTION('center_axis',(4.01935429383826E-15,4.19130504147272E-32,
-1.));
#9232=DIRECTION('ref_axis',(1.,-2.76167977375508E-15,4.01935429383826E-15));
#9233=DIRECTION('',(2.76167977375508E-15,1.,1.11420825072635E-29));
#9234=DIRECTION('center_axis',(4.01935429383826E-15,4.19130504147272E-32,
-1.));
#9235=DIRECTION('ref_axis',(1.,-2.76167977375508E-15,4.01935429383826E-15));
#9236=DIRECTION('',(2.76167977375508E-15,1.,1.11420825072635E-29));
#9237=DIRECTION('',(1.,-2.76167977375508E-15,4.01935429383826E-15));
#9238=DIRECTION('center_axis',(-4.01935429383826E-15,-4.19130504147272E-32,
1.));
#9239=DIRECTION('ref_axis',(0.70710678118655,0.707106781186546,2.84211267716431E-15));
#9240=DIRECTION('',(-2.76167977375508E-15,-1.,-1.11420825072635E-29));
#9241=DIRECTION('center_axis',(-4.01935429383826E-15,-4.19130504147272E-32,
1.));
#9242=DIRECTION('ref_axis',(0.707106781186546,-0.70710678118655,2.84211267716429E-15));
#9243=DIRECTION('',(-1.,2.76167977375508E-15,-4.01935429383826E-15));
#9244=DIRECTION('',(-2.76167977375508E-15,-1.,-1.11420825072635E-29));
#9245=DIRECTION('center_axis',(-4.01935429383826E-15,-4.19130504147272E-32,
1.));
#9246=DIRECTION('ref_axis',(-1.,2.76167977375508E-15,-4.01935429383826E-15));
#9247=DIRECTION('center_axis',(4.01935429383826E-15,4.19130504147272E-32,
-1.));
#9248=DIRECTION('ref_axis',(0.70710678118655,0.707106781186546,2.84211267716431E-15));
#9249=DIRECTION('',(-4.01935429383826E-15,-4.19130504147272E-32,1.));
#9250=DIRECTION('',(4.01935429383826E-15,4.19130504147272E-32,-1.));
#9251=DIRECTION('center_axis',(1.,-2.76167977375508E-15,4.01935429383826E-15));
#9252=DIRECTION('ref_axis',(-2.76167977375508E-15,-1.,-1.11420825072635E-29));
#9253=DIRECTION('',(-4.01935429383826E-15,-4.19130504147272E-32,1.));
#9254=DIRECTION('center_axis',(4.01935429383826E-15,4.19130504147272E-32,
-1.));
#9255=DIRECTION('ref_axis',(0.707106781186546,-0.70710678118655,2.84211267716429E-15));
#9256=DIRECTION('',(4.01935429383826E-15,4.19130504147272E-32,-1.));
#9257=DIRECTION('center_axis',(-2.76167977375508E-15,-1.,-1.11420825072635E-29));
#9258=DIRECTION('ref_axis',(-1.,2.76167977375508E-15,-4.01935429383826E-15));
#9259=DIRECTION('',(4.01935429383826E-15,4.19130504147272E-32,-1.));
#9260=DIRECTION('center_axis',(4.01935429383826E-15,4.19130504147272E-32,
-1.));
#9261=DIRECTION('ref_axis',(-1.,2.76167977375508E-15,-4.01935429383826E-15));
#9262=DIRECTION('',(-4.01935429383826E-15,-4.19130504147272E-32,1.));
#9263=DIRECTION('center_axis',(1.,-2.76167977375508E-15,4.01935429383826E-15));
#9264=DIRECTION('ref_axis',(-2.76167977375508E-15,-1.,-1.11420825072635E-29));
#9265=DIRECTION('center_axis',(2.76167977375508E-15,1.,1.11420825072635E-29));
#9266=DIRECTION('ref_axis',(1.,-2.76167977375508E-15,4.01935429383826E-15));
#9267=DIRECTION('center_axis',(4.01935429383826E-15,4.19130504147272E-32,
-1.));
#9268=DIRECTION('ref_axis',(-1.,2.76167977375508E-15,-4.01935429383826E-15));
#9269=DIRECTION('',(-1.,2.76167977375508E-15,-4.01935429383826E-15));
#9270=DIRECTION('',(-2.76167977375508E-15,-1.,-1.11420825072635E-29));
#9271=DIRECTION('center_axis',(4.01935429383826E-15,4.19130504147272E-32,
-1.));
#9272=DIRECTION('ref_axis',(-1.,2.76167977375508E-15,-4.01935429383826E-15));
#9273=DIRECTION('',(2.76167977375508E-15,1.,1.11420825072635E-29));
#9274=DIRECTION('center_axis',(-4.01935429383826E-15,-4.19130504147272E-32,
1.));
#9275=DIRECTION('ref_axis',(1.,-2.76167977375508E-15,4.01935429383826E-15));
#9276=DIRECTION('',(2.76167977375508E-15,1.,1.11420825072635E-29));
#9277=DIRECTION('',(-1.,2.76167977375508E-15,-4.01935429383826E-15));
#9278=DIRECTION('center_axis',(2.76167977375508E-15,1.,1.11420825072635E-29));
#9279=DIRECTION('ref_axis',(1.,-2.76167977375508E-15,4.01935429383826E-15));
#9280=DIRECTION('',(4.01935429383826E-15,4.19130504147272E-32,-1.));
#9281=DIRECTION('center_axis',(-1.,2.76167977375508E-15,-4.01935429383826E-15));
#9282=DIRECTION('ref_axis',(2.76167977375508E-15,1.,1.11420825072635E-29));
#9283=DIRECTION('center_axis',(1.,-2.76167977375508E-15,4.01935429383826E-15));
#9284=DIRECTION('ref_axis',(-2.76167977375508E-15,-1.,-1.11420825072635E-29));
#9285=DIRECTION('',(4.01935429383826E-15,4.19130504147272E-32,-1.));
#9286=DIRECTION('center_axis',(4.01935429383826E-15,4.19130504147272E-32,
-1.));
#9287=DIRECTION('ref_axis',(1.,-2.76167977375508E-15,4.01935429383826E-15));
#9288=DIRECTION('',(4.01935429383826E-15,4.19130504147272E-32,-1.));
#9289=DIRECTION('center_axis',(1.,-2.76167977375508E-15,4.01935429383826E-15));
#9290=DIRECTION('ref_axis',(-2.76167977375508E-15,-1.,-1.11420825072635E-29));
#9291=DIRECTION('',(4.01935429383826E-15,4.19130504147272E-32,-1.));
#9292=DIRECTION('center_axis',(2.76167977375508E-15,1.,1.11420825072635E-29));
#9293=DIRECTION('ref_axis',(1.,-2.76167977375508E-15,4.01935429383826E-15));
#9294=DIRECTION('center_axis',(4.01935429383826E-15,4.19130504147272E-32,
-1.));
#9295=DIRECTION('ref_axis',(1.,-2.76167977375508E-15,4.01935429383826E-15));
#9296=DIRECTION('',(-2.76167977375508E-15,-1.,-1.11420825072635E-29));
#9297=DIRECTION('',(-1.,2.76167977375508E-15,-4.01935429383826E-15));
#9298=DIRECTION('center_axis',(-4.01935429383826E-15,-4.19130504147272E-32,
1.));
#9299=DIRECTION('ref_axis',(1.,-2.76167977375508E-15,4.01935429383826E-15));
#9300=DIRECTION('',(-4.01935429383826E-15,-4.19130504147272E-32,1.));
#9301=DIRECTION('',(-4.01935429383826E-15,-4.19130504147272E-32,1.));
#9302=DIRECTION('center_axis',(1.,-2.76167977375508E-15,4.01935429383826E-15));
#9303=DIRECTION('ref_axis',(2.76167977375508E-15,1.,1.11420825072635E-29));
#9304=DIRECTION('center_axis',(-1.,2.76167977375508E-15,-4.01935429383826E-15));
#9305=DIRECTION('ref_axis',(-2.76167977375508E-15,-1.,-1.11420825072635E-29));
#9306=DIRECTION('',(4.01935429383826E-15,4.19130504147272E-32,-1.));
#9307=DIRECTION('center_axis',(2.76167977375508E-15,1.,1.11420825072635E-29));
#9308=DIRECTION('ref_axis',(-1.,2.76167977375508E-15,-4.01935429383826E-15));
#9309=DIRECTION('center_axis',(1.,-2.76167977375508E-15,4.01935429383826E-15));
#9310=DIRECTION('ref_axis',(2.76167977375508E-15,1.,1.11420825072635E-29));
#9311=DIRECTION('center_axis',(1.,-5.99520433297584E-15,4.02455846426619E-15));
#9312=DIRECTION('ref_axis',(5.99520433297584E-15,1.,2.40255908702418E-29));
#9313=DIRECTION('',(4.02455846426619E-15,-1.02459473041401E-31,-1.));
#9314=DIRECTION('center_axis',(-4.02455846426619E-15,1.02459473041401E-31,
1.));
#9315=DIRECTION('ref_axis',(0.707106781186545,-0.70710678118655,2.84579258136433E-15));
#9316=DIRECTION('',(4.02455846426619E-15,-1.02459473041401E-31,-1.));
#9317=DIRECTION('center_axis',(-4.02455846426619E-15,1.02459473041401E-31,
1.));
#9318=DIRECTION('ref_axis',(0.707106781186545,-0.70710678118655,2.84579258136433E-15));
#9319=DIRECTION('',(-4.02455846426619E-15,1.02459473041401E-31,1.));
#9320=DIRECTION('center_axis',(1.,-5.99520433297584E-15,4.02455846426619E-15));
#9321=DIRECTION('ref_axis',(5.99520433297584E-15,1.,2.40255908702418E-29));
#9322=DIRECTION('',(5.99520433297584E-15,1.,2.40255908702418E-29));
#9323=DIRECTION('',(-4.02455846426619E-15,1.02459473041401E-31,1.));
#9324=DIRECTION('center_axis',(4.02455846426619E-15,-1.02459473041401E-31,
-1.));
#9325=DIRECTION('ref_axis',(-5.99520433297584E-15,-1.,-2.40255908702418E-29));
#9326=DIRECTION('',(1.,-5.99520433297584E-15,4.02455846426619E-15));
#9327=DIRECTION('center_axis',(4.02455846426619E-15,-1.02459473041401E-31,
-1.));
#9328=DIRECTION('ref_axis',(-5.99520433297584E-15,-1.,-2.40255908702418E-29));
#9329=DIRECTION('',(1.,-5.99520433297584E-15,4.02455846426619E-15));
#9330=DIRECTION('',(-1.,5.99520433297584E-15,-4.02455846426619E-15));
#9331=DIRECTION('',(-5.99520433297584E-15,-1.,-2.40255908702418E-29));
#9332=DIRECTION('center_axis',(-4.02455846426619E-15,1.02459473041401E-31,
1.));
#9333=DIRECTION('ref_axis',(0.707106781186543,-0.707106781186552,2.84579258136432E-15));
#9334=DIRECTION('',(-1.,5.99520433297584E-15,-4.02455846426619E-15));
#9335=DIRECTION('center_axis',(-4.02455846426619E-15,1.02459473041401E-31,
1.));
#9336=DIRECTION('ref_axis',(-0.707106781186552,-0.707106781186543,-2.84579258136436E-15));
#9337=DIRECTION('',(5.99520433297584E-15,1.,2.40255908702418E-29));
#9338=DIRECTION('',(-1.,5.99520433297584E-15,-4.02455846426619E-15));
#9339=DIRECTION('center_axis',(-4.02455846426619E-15,1.02459473041401E-31,
1.));
#9340=DIRECTION('ref_axis',(5.99520433297584E-15,1.,2.40255908702418E-29));
#9341=DIRECTION('center_axis',(4.02455846426619E-15,-1.02459473041401E-31,
-1.));
#9342=DIRECTION('ref_axis',(0.707106781186543,-0.707106781186552,2.84579258136432E-15));
#9343=DIRECTION('',(-4.02455846426619E-15,1.02459473041401E-31,1.));
#9344=DIRECTION('',(4.02455846426619E-15,-1.02459473041401E-31,-1.));
#9345=DIRECTION('center_axis',(-5.99520433297584E-15,-1.,-2.40255908702418E-29));
#9346=DIRECTION('ref_axis',(-1.,5.99520433297584E-15,-4.02455846426619E-15));
#9347=DIRECTION('',(-4.02455846426619E-15,1.02459473041401E-31,1.));
#9348=DIRECTION('center_axis',(4.02455846426619E-15,-1.02459473041401E-31,
-1.));
#9349=DIRECTION('ref_axis',(-0.707106781186552,-0.707106781186543,-2.84579258136436E-15));
#9350=DIRECTION('',(4.02455846426619E-15,-1.02459473041401E-31,-1.));
#9351=DIRECTION('center_axis',(-1.,5.99520433297584E-15,-4.02455846426619E-15));
#9352=DIRECTION('ref_axis',(5.99520433297584E-15,1.,2.40255908702418E-29));
#9353=DIRECTION('',(4.02455846426619E-15,-1.02459473041401E-31,-1.));
#9354=DIRECTION('center_axis',(4.02455846426619E-15,-1.02459473041401E-31,
-1.));
#9355=DIRECTION('ref_axis',(5.99520433297584E-15,1.,2.40255908702418E-29));
#9356=DIRECTION('',(-4.02455846426619E-15,1.02459473041401E-31,1.));
#9357=DIRECTION('center_axis',(-5.99520433297584E-15,-1.,-2.40255908702418E-29));
#9358=DIRECTION('ref_axis',(-1.,5.99520433297584E-15,-4.02455846426619E-15));
#9359=DIRECTION('center_axis',(1.,-5.99520433297584E-15,4.02455846426619E-15));
#9360=DIRECTION('ref_axis',(-5.99520433297584E-15,-1.,-2.40255908702418E-29));
#9361=DIRECTION('',(4.02455846426619E-15,-1.02459473041401E-31,-1.));
#9362=DIRECTION('center_axis',(5.99520433297584E-15,1.,2.40255908702418E-29));
#9363=DIRECTION('ref_axis',(-1.,5.99520433297584E-15,-4.02455846426619E-15));
#9364=DIRECTION('',(-1.,5.99520433297584E-15,-4.02455846426619E-15));
#9365=DIRECTION('',(4.02455846426619E-15,-1.02459473041401E-31,-1.));
#9366=DIRECTION('',(1.,-5.99520433297584E-15,4.02455846426619E-15));
#9367=DIRECTION('center_axis',(4.02455846426619E-15,-1.02459473041401E-31,
-1.));
#9368=DIRECTION('ref_axis',(5.99520433297584E-15,1.,2.40255908702418E-29));
#9369=DIRECTION('',(1.,-5.99520433297584E-15,4.02455846426619E-15));
#9370=DIRECTION('center_axis',(-4.02455846426619E-15,1.02459473041401E-31,
1.));
#9371=DIRECTION('ref_axis',(-5.99520433297584E-15,-1.,-2.40255908702418E-29));
#9372=DIRECTION('',(1.,-5.99520433297584E-15,4.02455846426619E-15));
#9373=DIRECTION('',(5.99520433297584E-15,1.,2.40255908702418E-29));
#9374=DIRECTION('center_axis',(1.,-5.99520433297584E-15,4.02455846426619E-15));
#9375=DIRECTION('ref_axis',(-5.99520433297584E-15,-1.,-2.40255908702418E-29));
#9376=DIRECTION('',(-8.71835604093342E-31,-1.,2.16628882853689E-16));
#9377=DIRECTION('center_axis',(-5.99520433297584E-15,-1.,-2.40255908702418E-29));
#9378=DIRECTION('ref_axis',(-1.,5.99520433297584E-15,-4.02455846426619E-15));
#9379=DIRECTION('',(-1.,5.99520433297584E-15,-4.02455846426619E-15));
#9380=DIRECTION('',(4.02455846426619E-15,-1.02459473041401E-31,-1.));
#9381=DIRECTION('center_axis',(4.02455846426619E-15,-1.02459473041401E-31,
-1.));
#9382=DIRECTION('ref_axis',(-5.99520433297584E-15,-1.,-2.40255908702418E-29));
#9383=DIRECTION('center_axis',(4.02455846426619E-15,-1.02459473041401E-31,
-1.));
#9384=DIRECTION('ref_axis',(-5.99520433297584E-15,-1.,-2.40255908702418E-29));
#9385=DIRECTION('',(4.02455846426619E-15,-1.02459473041401E-31,-1.));
#9386=DIRECTION('center_axis',(-5.99520433297584E-15,-1.,-2.40255908702418E-29));
#9387=DIRECTION('ref_axis',(-1.,5.99520433297584E-15,-4.02455846426619E-15));
#9388=DIRECTION('',(-1.,5.99520433297584E-15,-4.02455846426619E-15));
#9389=DIRECTION('',(4.02455846426619E-15,-1.02459473041401E-31,-1.));
#9390=DIRECTION('center_axis',(1.,-5.99520433297584E-15,4.02455846426619E-15));
#9391=DIRECTION('ref_axis',(-5.99520433297584E-15,-1.,-2.40255908702418E-29));
#9392=DIRECTION('',(-5.99520433297584E-15,-1.,-2.40255908702418E-29));
#9393=DIRECTION('center_axis',(-4.02455846426619E-15,1.02459473041401E-31,
1.));
#9394=DIRECTION('ref_axis',(-5.99520433297584E-15,-1.,-2.40255908702418E-29));
#9395=DIRECTION('',(-4.02455846426619E-15,1.02459473041401E-31,1.));
#9396=DIRECTION('',(-4.02455846426619E-15,1.02459473041401E-31,1.));
#9397=DIRECTION('center_axis',(-5.99520433297584E-15,-1.,-2.40255908702418E-29));
#9398=DIRECTION('ref_axis',(1.,-5.99520433297584E-15,4.02455846426619E-15));
#9399=DIRECTION('center_axis',(5.99520433297584E-15,1.,2.40255908702418E-29));
#9400=DIRECTION('ref_axis',(-1.,5.99520433297584E-15,-4.02455846426619E-15));
#9401=DIRECTION('center_axis',(-5.99520433297584E-15,-1.,-2.40255908702418E-29));
#9402=DIRECTION('ref_axis',(1.,-5.99520433297584E-15,4.02455846426619E-15));
#9403=DIRECTION('center_axis',(0.,-2.16628882853689E-16,-1.));
#9404=DIRECTION('ref_axis',(-1.,0.,0.));
#9405=DIRECTION('center_axis',(-5.4738221262688E-48,-5.55111512312578E-17,
1.));
#9406=DIRECTION('ref_axis',(1.,3.69778549322349E-32,7.52650542361961E-48));
#9407=DIRECTION('',(-1.,3.58920472102391E-16,1.99240886068703E-32));
#9408=DIRECTION('center_axis',(-5.4738221262688E-48,-5.55111512312578E-17,
1.));
#9409=DIRECTION('ref_axis',(1.,3.69778549322349E-32,7.52650542361961E-48));
#9410=DIRECTION('',(3.69778549322349E-32,-1.,-5.55111512312578E-17));
#9411=DIRECTION('center_axis',(-4.10536659470154E-48,-5.55111512312578E-17,
1.));
#9412=DIRECTION('ref_axis',(-0.707106781186547,0.707106781186547,0.));
#9413=DIRECTION('',(-1.,-3.69778549322349E-32,-6.15804989205235E-48));
#9414=DIRECTION('center_axis',(-4.10536659470154E-48,-5.55111512312578E-17,
1.));
#9415=DIRECTION('ref_axis',(0.707106781186547,0.707106781186547,0.));
#9416=DIRECTION('',(-3.69778549322349E-32,1.,5.55111512312578E-17));
#9417=DIRECTION('',(-3.69778549322349E-32,1.,5.55111512312578E-17));
#9418=DIRECTION('center_axis',(4.10536659470154E-48,5.55111512312578E-17,
-1.));
#9419=DIRECTION('ref_axis',(1.,3.69778549322349E-32,6.15804989205235E-48));
#9420=DIRECTION('',(3.69778549322349E-32,-1.,-5.55111512312578E-17));
#9421=DIRECTION('center_axis',(4.10536659470154E-48,5.55111512312578E-17,
-1.));
#9422=DIRECTION('ref_axis',(1.,3.69778549322349E-32,6.15804989205235E-48));
#9423=DIRECTION('',(3.69778549322349E-32,-1.,-5.55111512312578E-17));
#9424=DIRECTION('center_axis',(4.10536659470154E-48,5.55111512312578E-17,
-1.));
#9425=DIRECTION('ref_axis',(0.707106781186547,0.707106781186548,3.92523114670944E-17));
#9426=DIRECTION('',(1.,3.69778549322349E-32,6.15804989205235E-48));
#9427=DIRECTION('center_axis',(4.10536659470154E-48,5.55111512312578E-17,
-1.));
#9428=DIRECTION('ref_axis',(-0.707106781186548,0.707106781186547,3.92523114670943E-17));
#9429=DIRECTION('',(-3.69778549322349E-32,1.,5.55111512312578E-17));
#9430=DIRECTION('center_axis',(4.10536659470154E-48,5.55111512312578E-17,
-1.));
#9431=DIRECTION('ref_axis',(-0.707106781186547,-0.707106781186548,-3.92523114670944E-17));
#9432=DIRECTION('',(-1.,-3.69778549322349E-32,-6.15804989205235E-48));
#9433=DIRECTION('center_axis',(4.10536659470154E-48,5.55111512312578E-17,
-1.));
#9434=DIRECTION('ref_axis',(0.707106781186548,-0.707106781186548,-3.92523114670944E-17));
#9435=DIRECTION('',(-3.69778549322349E-32,1.,5.55111512312578E-17));
#9436=DIRECTION('center_axis',(4.10536659470154E-48,5.55111512312578E-17,
-1.));
#9437=DIRECTION('ref_axis',(-0.707106781186547,-0.707106781186548,-3.92523114670944E-17));
#9438=DIRECTION('',(-1.,-3.69778549322349E-32,-6.15804989205235E-48));
#9439=DIRECTION('center_axis',(4.10536659470154E-48,5.55111512312578E-17,
-1.));
#9440=DIRECTION('ref_axis',(0.707106781186548,-0.707106781186548,-3.92523114670944E-17));
#9441=DIRECTION('',(3.69778549322349E-32,-1.,-5.55111512312578E-17));
#9442=DIRECTION('center_axis',(4.10536659470154E-48,5.55111512312578E-17,
-1.));
#9443=DIRECTION('ref_axis',(0.707106781186547,0.707106781186548,3.92523114670944E-17));
#9444=DIRECTION('',(1.,3.69778549322349E-32,6.15804989205235E-48));
#9445=DIRECTION('center_axis',(4.10536659470154E-48,5.55111512312578E-17,
-1.));
#9446=DIRECTION('ref_axis',(-0.707106781186548,0.707106781186547,3.92523114670943E-17));
#9447=DIRECTION('center_axis',(-5.4738221262688E-48,-5.55111512312578E-17,
1.));
#9448=DIRECTION('ref_axis',(1.,3.69778549322349E-32,7.52650542361961E-48));
#9449=DIRECTION('center_axis',(-5.4738221262688E-48,-5.55111512312578E-17,
1.));
#9450=DIRECTION('ref_axis',(1.,3.69778549322349E-32,7.52650542361961E-48));
#9451=DIRECTION('',(3.69778549322349E-32,-1.,-5.55111512312578E-17));
#9452=DIRECTION('center_axis',(-5.4738221262688E-48,-5.55111512312578E-17,
1.));
#9453=DIRECTION('ref_axis',(-0.707106781186547,0.707106781186547,0.));
#9454=DIRECTION('',(-1.,-3.69778549322349E-32,-7.52650542361961E-48));
#9455=DIRECTION('center_axis',(-5.4738221262688E-48,-5.55111512312578E-17,
1.));
#9456=DIRECTION('ref_axis',(0.707106781186547,0.707106781186547,0.));
#9457=DIRECTION('',(-3.69778549322349E-32,1.,5.55111512312578E-17));
#9458=DIRECTION('',(3.69778549322349E-32,-1.,-5.55111512312578E-17));
#9459=DIRECTION('center_axis',(5.4738221262688E-48,5.55111512312578E-17,
-1.));
#9460=DIRECTION('ref_axis',(1.,3.69778549322349E-32,7.52650542361961E-48));
#9461=DIRECTION('',(-3.69778549322349E-32,1.,5.55111512312578E-17));
#9462=DIRECTION('center_axis',(5.4738221262688E-48,5.55111512312578E-17,
-1.));
#9463=DIRECTION('ref_axis',(1.,3.69778549322349E-32,7.52650542361961E-48));
#9464=DIRECTION('',(3.69778549322349E-32,-1.,-5.55111512312578E-17));
#9465=DIRECTION('center_axis',(5.4738221262688E-48,5.55111512312578E-17,
-1.));
#9466=DIRECTION('ref_axis',(0.707106781186547,0.707106781186548,3.92523114670944E-17));
#9467=DIRECTION('',(1.,3.69778549322349E-32,7.52650542361961E-48));
#9468=DIRECTION('center_axis',(5.4738221262688E-48,5.55111512312578E-17,
-1.));
#9469=DIRECTION('ref_axis',(-0.707106781186548,0.707106781186547,3.92523114670943E-17));
#9470=DIRECTION('',(-3.69778549322349E-32,1.,5.55111512312578E-17));
#9471=DIRECTION('center_axis',(5.4738221262688E-48,5.55111512312578E-17,
-1.));
#9472=DIRECTION('ref_axis',(-0.707106781186547,-0.707106781186548,-3.92523114670944E-17));
#9473=DIRECTION('',(-1.,-3.69778549322349E-32,-7.52650542361961E-48));
#9474=DIRECTION('center_axis',(5.4738221262688E-48,5.55111512312578E-17,
-1.));
#9475=DIRECTION('ref_axis',(0.707106781186548,-0.707106781186548,-3.92523114670944E-17));
#9476=DIRECTION('',(-3.69778549322349E-32,1.,5.55111512312578E-17));
#9477=DIRECTION('center_axis',(5.4738221262688E-48,5.55111512312578E-17,
-1.));
#9478=DIRECTION('ref_axis',(-0.707106781186547,-0.707106781186548,-3.92523114670944E-17));
#9479=DIRECTION('',(-1.,-3.69778549322349E-32,-7.52650542361961E-48));
#9480=DIRECTION('center_axis',(5.4738221262688E-48,5.55111512312578E-17,
-1.));
#9481=DIRECTION('ref_axis',(0.707106781186548,-0.707106781186548,-3.92523114670944E-17));
#9482=DIRECTION('',(3.69778549322349E-32,-1.,-5.55111512312578E-17));
#9483=DIRECTION('center_axis',(5.4738221262688E-48,5.55111512312578E-17,
-1.));
#9484=DIRECTION('ref_axis',(0.707106781186547,0.707106781186548,3.92523114670944E-17));
#9485=DIRECTION('',(1.,3.69778549322349E-32,7.52650542361961E-48));
#9486=DIRECTION('center_axis',(5.4738221262688E-48,5.55111512312578E-17,
-1.));
#9487=DIRECTION('ref_axis',(-0.707106781186548,0.707106781186547,3.92523114670943E-17));
#9488=DIRECTION('center_axis',(0.,0.,1.));
#9489=DIRECTION('ref_axis',(1.,2.77555756156293E-17,0.));
#9490=DIRECTION('center_axis',(0.,1.02459473041399E-31,1.));
#9491=DIRECTION('ref_axis',(1.,2.77555756156293E-17,0.));
#9492=DIRECTION('',(0.,0.,1.));
#9493=DIRECTION('center_axis',(0.,0.,1.));
#9494=DIRECTION('ref_axis',(1.,2.77555756156293E-17,0.));
#9495=DIRECTION('center_axis',(0.,1.02459473041399E-31,1.));
#9496=DIRECTION('ref_axis',(1.,2.77555756156293E-17,0.));
#9497=DIRECTION('',(0.,0.,1.));
#9498=DIRECTION('center_axis',(0.,0.,1.));
#9499=DIRECTION('ref_axis',(1.,2.77555756156293E-17,0.));
#9500=DIRECTION('center_axis',(0.,1.02459473041399E-31,1.));
#9501=DIRECTION('ref_axis',(1.,2.77555756156293E-17,0.));
#9502=DIRECTION('',(0.,0.,1.));
#9503=DIRECTION('center_axis',(0.,0.,1.));
#9504=DIRECTION('ref_axis',(1.,2.77555756156293E-17,0.));
#9505=DIRECTION('center_axis',(0.,1.02459473041399E-31,1.));
#9506=DIRECTION('ref_axis',(1.,2.77555756156293E-17,0.));
#9507=DIRECTION('',(0.,0.,1.));
#9508=DIRECTION('center_axis',(0.,1.,0.));
#9509=DIRECTION('ref_axis',(0.,0.,1.));
#9510=DIRECTION('',(-1.,-4.93432455388962E-17,-3.8271854821106E-15));
#9511=DIRECTION('center_axis',(0.,1.,0.));
#9512=DIRECTION('ref_axis',(-1.,0.,0.));
#9513=DIRECTION('',(1.,0.,0.));
#9514=DIRECTION('',(-1.,0.,0.));
#9515=DIRECTION('center_axis',(0.,-1.,1.44290215205933E-15));
#9516=DIRECTION('ref_axis',(-1.70696790036118E-15,-1.44290215205933E-15,
-1.));
#9517=DIRECTION('',(-1.,5.55111512312578E-17,1.70696790036118E-15));
#9518=DIRECTION('',(-1.70696790036118E-15,-1.44290215205933E-15,-1.));
#9519=DIRECTION('',(-1.,3.58920472102391E-16,0.));
#9520=DIRECTION('center_axis',(-1.,5.55111512312578E-17,1.70696790036118E-15));
#9521=DIRECTION('ref_axis',(1.70696790036118E-15,0.,1.));
#9522=DIRECTION('',(-1.70696790036118E-15,-1.02459473041399E-31,-1.));
#9523=DIRECTION('center_axis',(0.,2.23407873548917E-31,1.));
#9524=DIRECTION('ref_axis',(-1.,-2.77555756156293E-17,0.));
#9525=DIRECTION('',(-3.69778549322349E-32,1.,-2.23407873548917E-31));
#9526=DIRECTION('',(-1.,-3.69778549322349E-32,8.26114393881095E-63));
#9527=DIRECTION('',(3.69778549322349E-32,-1.,2.23407873548917E-31));
#9528=DIRECTION('',(0.,-1.,0.));
#9529=DIRECTION('center_axis',(0.,-1.,1.44290215205933E-15));
#9530=DIRECTION('ref_axis',(0.,1.44290215205933E-15,1.));
#9531=DIRECTION('',(-1.,5.55111512312581E-17,1.70696790036118E-15));
#9532=DIRECTION('',(-1.,-2.77555756156293E-17,0.));
#9533=DIRECTION('',(0.,1.44290215205933E-15,1.));
#9534=DIRECTION('',(1.,0.,0.));
#9535=DIRECTION('center_axis',(1.,3.69778549322345E-32,0.));
#9536=DIRECTION('ref_axis',(3.69778549322349E-32,-1.,1.02459473041399E-31));
#9537=DIRECTION('',(-3.78873153055806E-63,1.02459473041399E-31,1.));
#9538=DIRECTION('center_axis',(0.,0.,1.));
#9539=DIRECTION('ref_axis',(1.,2.77555756156293E-17,0.));
#9540=DIRECTION('center_axis',(0.,1.02459473041399E-31,1.));
#9541=DIRECTION('ref_axis',(1.,2.77555756156293E-17,0.));
#9542=DIRECTION('',(0.,0.,1.));
#9543=DIRECTION('center_axis',(-4.02455846426619E-15,0.,1.));
#9544=DIRECTION('ref_axis',(-1.,-4.31408307542741E-31,-4.02455846426619E-15));
#9545=DIRECTION('',(0.,-1.,0.));
#9546=DIRECTION('',(-1.,1.86430018616684E-31,-4.02455846426619E-15));
#9547=DIRECTION('',(-3.69778549322349E-32,1.,-1.48819539057933E-46));
#9548=DIRECTION('',(0.,1.,0.));
#9549=DIRECTION('center_axis',(1.,0.,5.80091530366644E-15));
#9550=DIRECTION('ref_axis',(-5.80091530366644E-15,4.73778766319257E-32,
1.));
#9551=DIRECTION('',(0.,-1.,0.));
#9552=DIRECTION('center_axis',(4.02455846426619E-15,0.,-1.));
#9553=DIRECTION('ref_axis',(1.,3.14311766923997E-31,4.02455846426619E-15));
#9554=DIRECTION('',(3.69778549322349E-32,-1.,1.48819539057933E-46));
#9555=DIRECTION('',(1.,-1.86430018616684E-31,4.02455846426619E-15));
#9556=DIRECTION('',(0.,-1.,0.));
#9557=DIRECTION('center_axis',(-1.,0.,-5.80091530366644E-15));
#9558=DIRECTION('ref_axis',(5.80091530366644E-15,8.97706828708086E-46,-1.));
#9559=DIRECTION('',(5.80091530366644E-15,5.55111512312578E-17,-1.));
#9560=DIRECTION('center_axis',(4.02455846426619E-15,0.,-1.));
#9561=DIRECTION('ref_axis',(1.,4.31408307542741E-31,4.02455846426619E-15));
#9562=DIRECTION('',(0.,-1.,0.));
#9563=DIRECTION('',(1.,-1.86430018616684E-31,4.02455846426619E-15));
#9564=DIRECTION('',(-3.69778549322349E-32,1.,-1.48819539057933E-46));
#9565=DIRECTION('',(0.,-1.,0.));
#9566=DIRECTION('center_axis',(-1.,0.,-1.38777878078144E-16));
#9567=DIRECTION('ref_axis',(1.38777878078144E-16,6.01853107619194E-34,-1.));
#9568=DIRECTION('',(0.,-1.,0.));
#9569=DIRECTION('center_axis',(-4.02455846426619E-15,0.,1.));
#9570=DIRECTION('ref_axis',(-1.,-4.31408307542741E-31,-4.02455846426619E-15));
#9571=DIRECTION('',(3.69778549322349E-32,-1.,1.48819539057933E-46));
#9572=DIRECTION('',(-1.,1.86430018616684E-31,-4.02455846426619E-15));
#9573=DIRECTION('',(0.,1.,0.));
#9574=DIRECTION('center_axis',(1.,0.,4.02455846426619E-15));
#9575=DIRECTION('ref_axis',(-4.02455846426619E-15,-1.31371731030452E-46,
1.));
#9576=DIRECTION('',(-4.02455846426619E-15,-5.55111512312578E-17,1.));
#9577=DIRECTION('center_axis',(-4.02455846426619E-15,0.,1.));
#9578=DIRECTION('ref_axis',(-1.,-4.31408307542741E-31,-4.02455846426619E-15));
#9579=DIRECTION('',(0.,-1.,0.));
#9580=DIRECTION('',(3.69778549322349E-32,-1.,1.48819539057933E-46));
#9581=DIRECTION('',(-1.,1.86430018616684E-31,-4.02455846426619E-15));
#9582=DIRECTION('',(0.,1.,0.));
#9583=DIRECTION('center_axis',(-1.,0.,-4.02455846426619E-15));
#9584=DIRECTION('ref_axis',(4.02455846426619E-15,1.31371731030452E-46,-1.));
#9585=DIRECTION('',(0.,-1.,0.));
#9586=DIRECTION('center_axis',(1.,0.,4.02455846426619E-15));
#9587=DIRECTION('ref_axis',(-4.02455846426619E-15,-1.31371731030452E-46,
1.));
#9588=DIRECTION('',(-4.02455846426619E-15,-5.55111512312578E-17,1.));
#9589=DIRECTION('',(0.,-1.,0.));
#9590=DIRECTION('center_axis',(4.02455846426619E-15,0.,-1.));
#9591=DIRECTION('ref_axis',(1.,4.31408307542741E-31,4.02455846426619E-15));
#9592=DIRECTION('',(1.,-1.86430018616684E-31,4.02455846426619E-15));
#9593=DIRECTION('',(-3.69778549322349E-32,1.,-1.48819539057933E-46));
#9594=DIRECTION('center_axis',(4.02455846426619E-15,0.,-1.));
#9595=DIRECTION('ref_axis',(1.,4.31408307542741E-31,4.02455846426619E-15));
#9596=DIRECTION('',(0.,-1.,0.));
#9597=DIRECTION('',(3.69778549322349E-32,-1.,1.48819539057933E-46));
#9598=DIRECTION('',(1.,-1.86430018616684E-31,4.02455846426619E-15));
#9599=DIRECTION('',(0.,-1.,0.));
#9600=DIRECTION('center_axis',(1.,0.,1.38777878078145E-16));
#9601=DIRECTION('ref_axis',(-1.38777878078145E-16,1.53267019535527E-45,
1.));
#9602=DIRECTION('',(0.,1.,0.));
#9603=DIRECTION('center_axis',(-1.,0.,-4.02455846426619E-15));
#9604=DIRECTION('ref_axis',(4.02455846426619E-15,1.31371731030452E-46,-1.));
#9605=DIRECTION('',(4.02455846426619E-15,5.55111512312578E-17,-1.));
#9606=DIRECTION('',(0.,-1.,0.));
#9607=DIRECTION('center_axis',(-4.02455846426619E-15,0.,1.));
#9608=DIRECTION('ref_axis',(-1.,-4.31408307542741E-31,-4.02455846426619E-15));
#9609=DIRECTION('',(-1.,1.86430018616684E-31,-4.02455846426619E-15));
#9610=DIRECTION('',(-3.69778549322349E-32,1.,-1.48819539057933E-46));
#9611=DIRECTION('center_axis',(1.,3.69778549322349E-32,6.15804989205235E-48));
#9612=DIRECTION('ref_axis',(-3.69778549322349E-32,1.,5.55111512312578E-17));
#9613=DIRECTION('',(-4.10536659470154E-48,-5.55111512312578E-17,1.));
#9614=DIRECTION('',(-3.69778549322349E-32,1.,5.55111512312578E-17));
#9615=DIRECTION('',(-4.10536659470154E-48,-5.55111512312578E-17,1.));
#9616=DIRECTION('',(-3.69778549322349E-32,1.,1.38777878078167E-17));
#9617=DIRECTION('center_axis',(1.,3.69778549322349E-32,6.15804989205235E-48));
#9618=DIRECTION('ref_axis',(-3.69778549322349E-32,1.,5.55111512312578E-17));
#9619=DIRECTION('',(4.10536659470154E-48,5.55111512312578E-17,-1.));
#9620=DIRECTION('',(-3.69778549322349E-32,1.,5.55111512312578E-17));
#9621=DIRECTION('',(-4.10536659470154E-48,-5.55111512312578E-17,1.));
#9622=DIRECTION('center_axis',(-1.,-3.69778549322349E-32,-7.52650542361961E-48));
#9623=DIRECTION('ref_axis',(3.69778549322349E-32,-1.,-5.55111512312578E-17));
#9624=DIRECTION('',(-5.4738221262688E-48,-5.55111512312578E-17,1.));
#9625=DIRECTION('',(3.69778549322349E-32,-1.,-5.55111512312578E-17));
#9626=DIRECTION('',(-5.4738221262688E-48,-5.55111512312578E-17,1.));
#9627=DIRECTION('center_axis',(-1.,-3.69778549322349E-32,-7.52650542361961E-48));
#9628=DIRECTION('ref_axis',(3.69778549322349E-32,-1.,-5.55111512312578E-17));
#9629=DIRECTION('',(-3.69778549322349E-32,1.,1.73472347597689E-17));
#9630=DIRECTION('',(5.4738221262688E-48,5.55111512312578E-17,-1.));
#9631=DIRECTION('',(-3.69778549322349E-32,1.,-2.23407873548917E-31));
#9632=DIRECTION('',(3.69778549322349E-32,-1.,-5.55111512312578E-17));
#9633=DIRECTION('',(-5.4738221262688E-48,-5.55111512312578E-17,1.));
#9634=DIRECTION('center_axis',(-1.,-3.69778549322349E-32,-6.15804989205235E-48));
#9635=DIRECTION('ref_axis',(3.69778549322349E-32,-1.,-5.55111512312578E-17));
#9636=DIRECTION('',(-4.10536659470154E-48,-5.55111512312578E-17,1.));
#9637=DIRECTION('',(3.69778549322349E-32,-1.,-5.55111512312578E-17));
#9638=DIRECTION('',(-4.10536659470154E-48,-5.55111512312578E-17,1.));
#9639=DIRECTION('center_axis',(-1.,-3.69778549322349E-32,-6.15804989205235E-48));
#9640=DIRECTION('ref_axis',(3.69778549322349E-32,-1.,-5.55111512312578E-17));
#9641=DIRECTION('',(3.69778549322349E-32,-1.,-1.38777878078167E-17));
#9642=DIRECTION('',(4.10536659470154E-48,5.55111512312578E-17,-1.));
#9643=DIRECTION('',(3.69778549322349E-32,-1.,-5.55111512312578E-17));
#9644=DIRECTION('',(-4.10536659470154E-48,-5.55111512312578E-17,1.));
#9645=DIRECTION('center_axis',(1.,3.69778549322349E-32,7.52650542361961E-48));
#9646=DIRECTION('ref_axis',(-3.69778549322349E-32,1.,5.55111512312578E-17));
#9647=DIRECTION('',(-5.4738221262688E-48,-5.55111512312578E-17,1.));
#9648=DIRECTION('',(-3.69778549322349E-32,1.,5.55111512312578E-17));
#9649=DIRECTION('',(3.69778549322349E-32,-1.,2.23407873548917E-31));
#9650=DIRECTION('',(-5.4738221262688E-48,-5.55111512312578E-17,1.));
#9651=DIRECTION('',(3.69778549322349E-32,-1.,-1.73472347597689E-17));
#9652=DIRECTION('center_axis',(1.,3.69778549322349E-32,7.52650542361961E-48));
#9653=DIRECTION('ref_axis',(-3.69778549322349E-32,1.,5.55111512312578E-17));
#9654=DIRECTION('',(5.4738221262688E-48,5.55111512312578E-17,-1.));
#9655=DIRECTION('',(-3.69778549322349E-32,1.,5.55111512312578E-17));
#9656=DIRECTION('',(-5.4738221262688E-48,-5.55111512312578E-17,1.));
#9657=DIRECTION('center_axis',(-4.10536659470154E-48,-5.55111512312578E-17,
1.));
#9658=DIRECTION('ref_axis',(1.,3.69778549322349E-32,6.15804989205235E-48));
#9659=DIRECTION('',(-1.,-3.69778549322349E-32,-6.15804989205235E-48));
#9660=DIRECTION('',(-3.69778549322349E-32,1.,5.55111512312578E-17));
#9661=DIRECTION('center_axis',(-4.10536659470154E-48,-5.55111512312578E-17,
1.));
#9662=DIRECTION('ref_axis',(-1.,-3.69778549322349E-32,-6.15804989205235E-48));
#9663=DIRECTION('',(3.69778549322349E-32,-1.,-5.55111512312578E-17));
#9664=DIRECTION('',(-1.,-3.69778549322349E-32,-6.15804989205235E-48));
#9665=DIRECTION('center_axis',(-5.4738221262688E-48,-5.55111512312578E-17,
1.));
#9666=DIRECTION('ref_axis',(-0.707106781186547,0.707106781186547,0.));
#9667=DIRECTION('center_axis',(-5.4738221262688E-48,-5.55111512312578E-17,
1.));
#9668=DIRECTION('ref_axis',(-0.707106781186547,0.707106781186547,0.));
#9669=DIRECTION('',(5.4738221262688E-48,5.55111512312578E-17,-1.));
#9670=DIRECTION('center_axis',(-5.4738221262688E-48,-5.55111512312578E-17,
1.));
#9671=DIRECTION('ref_axis',(0.707106781186547,0.707106781186547,0.));
#9672=DIRECTION('center_axis',(-5.4738221262688E-48,-5.55111512312578E-17,
1.));
#9673=DIRECTION('ref_axis',(0.707106781186547,0.707106781186547,0.));
#9674=DIRECTION('',(-5.4738221262688E-48,-5.55111512312578E-17,1.));
#9675=DIRECTION('center_axis',(-4.10536659470154E-48,-5.55111512312578E-17,
1.));
#9676=DIRECTION('ref_axis',(0.707106781186547,0.707106781186547,0.));
#9677=DIRECTION('center_axis',(-4.10536659470154E-48,-5.55111512312578E-17,
1.));
#9678=DIRECTION('ref_axis',(0.707106781186547,0.707106781186547,0.));
#9679=DIRECTION('',(-4.10536659470154E-48,-5.55111512312578E-17,1.));
#9680=DIRECTION('center_axis',(-3.69778549322349E-32,1.,5.55111512312578E-17));
#9681=DIRECTION('ref_axis',(-1.,-3.69778549322349E-32,-6.15804989205235E-48));
#9682=DIRECTION('',(4.10536659470154E-48,5.55111512312578E-17,-1.));
#9683=DIRECTION('',(-1.,-3.69778549322349E-32,-6.15804989205235E-48));
#9684=DIRECTION('center_axis',(-4.10536659470154E-48,-5.55111512312578E-17,
1.));
#9685=DIRECTION('ref_axis',(-0.707106781186547,0.707106781186547,0.));
#9686=DIRECTION('center_axis',(-4.10536659470154E-48,-5.55111512312578E-17,
1.));
#9687=DIRECTION('ref_axis',(-0.707106781186547,0.707106781186547,0.));
#9688=DIRECTION('center_axis',(-1.,0.,0.));
#9689=DIRECTION('ref_axis',(0.,-0.707106781186547,-0.707106781186547));
#9690=DIRECTION('',(-1.,0.,0.));
#9691=DIRECTION('center_axis',(0.707106781186548,-0.707106781186548,0.));
#9692=DIRECTION('ref_axis',(0.707106781186547,0.707106781186547,0.));
#9693=DIRECTION('center_axis',(0.,-1.,0.));
#9694=DIRECTION('ref_axis',(-0.707106781186547,0.,-0.707106781186547));
#9695=DIRECTION('',(0.,1.,0.));
#9696=DIRECTION('center_axis',(0.,1.,0.));
#9697=DIRECTION('ref_axis',(0.,0.,1.));
#9698=DIRECTION('',(1.,0.,0.));
#9699=DIRECTION('',(0.,1.02459473041399E-31,1.));
#9700=DIRECTION('center_axis',(-1.,0.,0.));
#9701=DIRECTION('ref_axis',(0.,0.707106781186547,0.707106781186547));
#9702=DIRECTION('center_axis',(-1.,0.,0.));
#9703=DIRECTION('ref_axis',(0.,0.707106781186547,0.707106781186547));
#9704=DIRECTION('',(-1.,0.,0.));
#9705=DIRECTION('center_axis',(0.,-1.02459473041399E-31,-1.));
#9706=DIRECTION('ref_axis',(3.69778549322349E-32,-1.,1.02459473041399E-31));
#9707=DIRECTION('',(0.,-1.,1.02459473041399E-31));
#9708=DIRECTION('center_axis',(0.,-1.02459473041399E-31,-1.));
#9709=DIRECTION('ref_axis',(3.69778549322349E-32,-1.,1.02459473041399E-31));
#9710=DIRECTION('',(1.,0.,0.));
#9711=DIRECTION('center_axis',(0.,-1.02459473041399E-31,-1.));
#9712=DIRECTION('ref_axis',(3.69778549322349E-32,-1.,1.02459473041399E-31));
#9713=DIRECTION('',(0.,1.,-1.02459473041399E-31));
#9714=DIRECTION('',(-1.,0.,0.));
#9715=DIRECTION('center_axis',(-1.,0.,0.));
#9716=DIRECTION('ref_axis',(0.,-1.,0.));
#9717=DIRECTION('',(0.,-1.,-1.38777878078167E-17));
#9718=DIRECTION('center_axis',(-1.,0.,0.));
#9719=DIRECTION('ref_axis',(0.,-1.,0.));
#9720=DIRECTION('',(0.,-1.02459473041399E-31,-1.));
#9721=DIRECTION('center_axis',(1.,0.,0.));
#9722=DIRECTION('ref_axis',(0.,1.,0.));
#9723=DIRECTION('',(0.,1.,0.));
#9724=DIRECTION('',(0.,1.,1.73472347597689E-17));
#9725=DIRECTION('center_axis',(0.,-1.,1.02459473041399E-31));
#9726=DIRECTION('ref_axis',(0.,1.02459473041399E-31,1.));
#9727=DIRECTION('center_axis',(0.,-1.,1.02459473041399E-31));
#9728=DIRECTION('ref_axis',(0.,-1.02459473041399E-31,-1.));
#9729=DIRECTION('center_axis',(0.,2.23407873548917E-31,1.));
#9730=DIRECTION('ref_axis',(-1.,-2.77555756156293E-17,0.));
#9731=DIRECTION('',(-1.,-3.69778549322349E-32,8.26114393881095E-63));
#9732=DIRECTION('center_axis',(3.69778549322349E-32,-1.,-5.55111512312578E-17));
#9733=DIRECTION('ref_axis',(1.,3.69778549322349E-32,6.15804989205235E-48));
#9734=DIRECTION('',(1.,1.31733608196087E-31,-1.70696790036118E-15));
#9735=DIRECTION('center_axis',(1.96724439664997E-16,2.63677968348474E-16,
-1.));
#9736=DIRECTION('ref_axis',(1.,2.46519032881566E-32,1.96724439664997E-16));
#9737=DIRECTION('center_axis',(-3.70074341541719E-16,-1.8503717077086E-16,
1.));
#9738=DIRECTION('ref_axis',(1.,-7.42427210851819E-33,3.70074341541719E-16));
#9739=DIRECTION('center_axis',(1.96724439664997E-16,2.63677968348474E-16,
-1.));
#9740=DIRECTION('ref_axis',(1.,0.,0.));
#9741=DIRECTION('center_axis',(0.,0.,1.));
#9742=DIRECTION('ref_axis',(1.,0.,0.));
#9743=DIRECTION('',(0.,0.,1.));
#9744=DIRECTION('center_axis',(0.,0.,1.));
#9745=DIRECTION('ref_axis',(1.,0.,0.));
#9746=DIRECTION('center_axis',(0.,0.,-1.));
#9747=DIRECTION('ref_axis',(1.,0.,0.));
#9748=DIRECTION('center_axis',(-1.,1.22464679914735E-16,-1.96724439664997E-16));
#9749=DIRECTION('ref_axis',(-1.22464679914735E-16,-1.,-2.63677968348474E-16));
#9750=DIRECTION('',(1.96724439664997E-16,2.63677968348474E-16,-1.));
#9751=DIRECTION('',(-1.96724439664997E-16,-2.63677968348474E-16,1.));
#9752=DIRECTION('center_axis',(1.96724439664997E-16,2.63677968348474E-16,
-1.));
#9753=DIRECTION('ref_axis',(-1.22464679914735E-16,-1.,-2.63677968348474E-16));
#9754=DIRECTION('',(1.96724439664997E-16,2.63677968348474E-16,-1.));
#9755=DIRECTION('center_axis',(-0.5,-0.866025403784439,-3.26714038840546E-16));
#9756=DIRECTION('ref_axis',(0.866025403784439,-0.499999999999999,3.85293781209094E-17));
#9757=DIRECTION('',(-1.96724439664997E-16,-2.63677968348474E-16,1.));
#9758=DIRECTION('center_axis',(1.96724439664997E-16,2.63677968348474E-16,
-1.));
#9759=DIRECTION('ref_axis',(2.7977620220554E-14,1.,2.6367796834848E-16));
#9760=DIRECTION('',(1.96724439664997E-16,2.63677968348474E-16,-1.));
#9761=DIRECTION('center_axis',(0.5,-0.866025403784439,-1.29989599175549E-16));
#9762=DIRECTION('ref_axis',(0.866025403784439,0.5,3.02207346469384E-16));
#9763=DIRECTION('',(-1.96724439664997E-16,-2.63677968348474E-16,1.));
#9764=DIRECTION('center_axis',(1.96724439664997E-16,2.63677968348474E-16,
-1.));
#9765=DIRECTION('ref_axis',(-1.22464679914735E-16,-1.,-2.63677968348474E-16));
#9766=DIRECTION('',(1.96724439664997E-16,2.63677968348474E-16,-1.));
#9767=DIRECTION('center_axis',(1.96724439664997E-16,2.63677968348474E-16,
-1.));
#9768=DIRECTION('ref_axis',(-1.22464679914735E-16,-1.,-2.63677968348474E-16));
#9769=DIRECTION('',(-1.96724439664997E-16,-2.63677968348474E-16,1.));
#9770=DIRECTION('',(1.96724439664997E-16,2.63677968348474E-16,-1.));
#9771=DIRECTION('center_axis',(1.96724439664997E-16,2.63677968348474E-16,
-1.));
#9772=DIRECTION('ref_axis',(-1.22464679914735E-16,-1.,-2.63677968348474E-16));
#9773=DIRECTION('center_axis',(1.96724439664997E-16,2.63677968348474E-16,
-1.));
#9774=DIRECTION('ref_axis',(-1.22464679914735E-16,-1.,-2.63677968348474E-16));
#9775=DIRECTION('center_axis',(7.42597597502616E-17,2.63677968348474E-16,
-1.));
#9776=DIRECTION('ref_axis',(-1.,1.22464679914735E-16,-7.42597597502616E-17));
#9777=DIRECTION('center_axis',(7.42597597502616E-17,2.63677968348474E-16,
-1.));
#9778=DIRECTION('ref_axis',(-1.,1.22464679914735E-16,-7.42597597502616E-17));
#9779=DIRECTION('',(7.42597597502616E-17,2.63677968348474E-16,-1.));
#9780=DIRECTION('center_axis',(7.42597597502616E-17,2.63677968348474E-16,
-1.));
#9781=DIRECTION('ref_axis',(-1.,1.22464679914735E-16,-7.42597597502616E-17));
#9782=DIRECTION('center_axis',(7.42597597502616E-17,2.63677968348474E-16,
-1.));
#9783=DIRECTION('ref_axis',(-1.,1.22464679914735E-16,-7.42597597502616E-17));
#9784=DIRECTION('center_axis',(7.42597597502616E-17,2.63677968348474E-16,
-1.));
#9785=DIRECTION('ref_axis',(-1.,1.22464679914735E-16,-7.42597597502616E-17));
#9786=DIRECTION('center_axis',(7.42597597502616E-17,2.63677968348474E-16,
-1.));
#9787=DIRECTION('ref_axis',(-1.,1.22464679914735E-16,-7.42597597502616E-17));
#9788=DIRECTION('center_axis',(7.42597597502616E-17,2.63677968348474E-16,
-1.));
#9789=DIRECTION('ref_axis',(-1.,1.22464679914735E-16,-7.42597597502616E-17));
#9790=DIRECTION('center_axis',(7.42597597502616E-17,2.63677968348474E-16,
-1.));
#9791=DIRECTION('ref_axis',(-1.,1.22464679914735E-16,-7.42597597502616E-17));
#9792=DIRECTION('center_axis',(7.42597597502616E-17,2.63677968348474E-16,
-1.));
#9793=DIRECTION('ref_axis',(-1.,1.33226762955019E-16,0.));
#9794=DIRECTION('center_axis',(2.22044604925031E-16,1.,2.63677968348474E-16));
#9795=DIRECTION('ref_axis',(1.,-2.22044604925031E-16,0.));
#9796=DIRECTION('center_axis',(7.42597597502616E-17,2.63677968348474E-16,
-1.));
#9797=DIRECTION('ref_axis',(-1.,1.22464679914735E-16,-7.42597597502616E-17));
#9798=DIRECTION('center_axis',(1.96724439664997E-16,2.63677968348474E-16,
-1.));
#9799=DIRECTION('ref_axis',(-1.22464679914735E-16,-1.,-2.63677968348474E-16));
#9800=DIRECTION('center_axis',(7.42597597502616E-17,2.63677968348474E-16,
-1.));
#9801=DIRECTION('ref_axis',(-1.,1.22464679914735E-16,-7.42597597502616E-17));
#9802=DIRECTION('center_axis',(1.96724439664997E-16,2.63677968348474E-16,
-1.));
#9803=DIRECTION('ref_axis',(-1.22464679914735E-16,-1.,-2.63677968348474E-16));
#9804=DIRECTION('center_axis',(7.42597597502616E-17,2.63677968348474E-16,
-1.));
#9805=DIRECTION('ref_axis',(-1.,1.22464679914735E-16,-7.42597597502616E-17));
#9806=DIRECTION('center_axis',(7.42597597502616E-17,2.63677968348474E-16,
-1.));
#9807=DIRECTION('ref_axis',(-1.,1.22464679914735E-16,-7.42597597502616E-17));
#9808=DIRECTION('center_axis',(1.96724439664997E-16,2.63677968348474E-16,
-1.));
#9809=DIRECTION('ref_axis',(-1.22464679914735E-16,-1.,-2.63677968348474E-16));
#9810=DIRECTION('center_axis',(7.42597597502616E-17,2.63677968348474E-16,
-1.));
#9811=DIRECTION('ref_axis',(-1.,1.22464679914735E-16,-7.42597597502616E-17));
#9812=DIRECTION('center_axis',(1.96724439664997E-16,2.63677968348474E-16,
-1.));
#9813=DIRECTION('ref_axis',(-1.22464679914735E-16,-1.,-2.63677968348474E-16));
#9814=DIRECTION('center_axis',(7.42597597502616E-17,2.63677968348474E-16,
-1.));
#9815=DIRECTION('ref_axis',(-1.,1.22464679914735E-16,-7.42597597502616E-17));
#9816=DIRECTION('center_axis',(1.96724439664997E-16,2.63677968348474E-16,
-1.));
#9817=DIRECTION('ref_axis',(-1.22464679914735E-16,-1.,-2.63677968348474E-16));
#9818=DIRECTION('center_axis',(0.5,0.866025403784438,3.26714038840546E-16));
#9819=DIRECTION('ref_axis',(-0.866025403784438,0.5,-3.85293781209091E-17));
#9820=DIRECTION('',(1.96724439664997E-16,2.63677968348474E-16,-1.));
#9821=DIRECTION('center_axis',(-0.499999999999999,0.866025403784439,1.2998959917555E-16));
#9822=DIRECTION('ref_axis',(-0.866025403784439,-0.499999999999999,-3.02207346469383E-16));
#9823=DIRECTION('',(-1.96724439664997E-16,-2.63677968348474E-16,1.));
#9824=DIRECTION('center_axis',(1.,-1.22464679914735E-16,1.96724439664997E-16));
#9825=DIRECTION('ref_axis',(1.22464679914735E-16,1.,2.63677968348474E-16));
#9826=DIRECTION('',(-1.96724439664997E-16,-2.63677968348474E-16,1.));
#9827=DIRECTION('center_axis',(1.96724439664997E-16,2.63677968348474E-16,
-1.));
#9828=DIRECTION('ref_axis',(-1.22464679914735E-16,-1.,-2.63677968348474E-16));
#9829=DIRECTION('center_axis',(1.96724439664997E-16,2.63677968348474E-16,
-1.));
#9830=DIRECTION('ref_axis',(-1.22464679914735E-16,-1.,-2.63677968348474E-16));
#9831=DIRECTION('center_axis',(1.96724439664997E-16,2.63677968348474E-16,
-1.));
#9832=DIRECTION('ref_axis',(-6.43249059870655E-16,1.,2.63677968348474E-16));
#9833=DIRECTION('center_axis',(1.96724439664997E-16,2.63677968348474E-16,
-1.));
#9834=DIRECTION('ref_axis',(-1.22464679914735E-16,-1.,-2.63677968348474E-16));
#9835=DIRECTION('center_axis',(1.96724439664997E-16,2.63677968348474E-16,
-1.));
#9836=DIRECTION('ref_axis',(-1.22464679914735E-16,-1.,-2.63677968348474E-16));
#9837=DIRECTION('center_axis',(1.96724439664997E-16,2.63677968348474E-16,
-1.));
#9838=DIRECTION('ref_axis',(-1.22464679914735E-16,-1.,-2.63677968348474E-16));
#9839=DIRECTION('center_axis',(1.96724439664997E-16,2.63677968348474E-16,
-1.));
#9840=DIRECTION('ref_axis',(-1.22464679914735E-16,-1.,-2.63677968348474E-16));
#9841=DIRECTION('center_axis',(1.,3.69778549322349E-32,7.52650542361961E-48));
#9842=DIRECTION('ref_axis',(3.69778549322349E-32,-1.,-5.55111512312578E-17));
#9843=DIRECTION('',(-3.69778549322349E-32,1.,5.55111512312578E-17));
#9844=DIRECTION('',(-5.4738221262688E-48,-5.55111512312578E-17,1.));
#9845=DIRECTION('',(3.69778549322349E-32,-1.,-5.55111512312578E-17));
#9846=DIRECTION('',(5.4738221262688E-48,5.55111512312578E-17,-1.));
#9847=DIRECTION('center_axis',(5.4738221262688E-48,5.55111512312578E-17,
-1.));
#9848=DIRECTION('ref_axis',(-1.,-3.69778549322349E-32,-7.52650542361961E-48));
#9849=DIRECTION('center_axis',(-5.4738221262688E-48,-5.55111512312578E-17,
1.));
#9850=DIRECTION('ref_axis',(-1.,-3.69778549322349E-32,-7.52650542361961E-48));
#9851=DIRECTION('center_axis',(-5.4738221262688E-48,-5.55111512312578E-17,
1.));
#9852=DIRECTION('ref_axis',(-1.,-3.69778549322349E-32,-7.52650542361961E-48));
#9853=DIRECTION('',(5.4738221262688E-48,5.55111512312578E-17,-1.));
#9854=DIRECTION('center_axis',(-1.,-3.69778549322349E-32,-7.52650542361961E-48));
#9855=DIRECTION('ref_axis',(-3.69778549322349E-32,1.,5.55111512312578E-17));
#9856=DIRECTION('',(3.69778549322349E-32,-1.,-5.55111512312578E-17));
#9857=DIRECTION('',(-3.69778549322349E-32,1.,5.55111512312578E-17));
#9858=DIRECTION('',(5.4738221262688E-48,5.55111512312578E-17,-1.));
#9859=DIRECTION('center_axis',(-5.4738221262688E-48,-5.55111512312578E-17,
1.));
#9860=DIRECTION('ref_axis',(-1.,-3.69778549322349E-32,-7.52650542361961E-48));
#9861=DIRECTION('',(1.,3.69778549322349E-32,7.52650542361961E-48));
#9862=DIRECTION('center_axis',(-3.69778549322349E-32,1.,5.55111512312578E-17));
#9863=DIRECTION('ref_axis',(-1.,-3.69778549322349E-32,-7.52650542361961E-48));
#9864=DIRECTION('',(-1.,-3.69778549322349E-32,-7.52650542361961E-48));
#9865=DIRECTION('',(-1.,-3.69778549322349E-32,-7.52650542361961E-48));
#9866=DIRECTION('',(-1.,-3.69778549322349E-32,-7.52650542361961E-48));
#9867=DIRECTION('center_axis',(-5.4738221262688E-48,-5.55111512312578E-17,
1.));
#9868=DIRECTION('ref_axis',(0.707106781186547,0.707106781186548,3.92523114670944E-17));
#9869=DIRECTION('',(-5.4738221262688E-48,-5.55111512312578E-17,1.));
#9870=DIRECTION('center_axis',(5.4738221262688E-48,5.55111512312578E-17,
-1.));
#9871=DIRECTION('ref_axis',(0.707106781186547,0.707106781186548,3.92523114670944E-17));
#9872=DIRECTION('',(5.4738221262688E-48,5.55111512312578E-17,-1.));
#9873=DIRECTION('center_axis',(-1.,-3.69778549322349E-32,-7.52650542361961E-48));
#9874=DIRECTION('ref_axis',(3.69778549322349E-32,-1.,-5.55111512312578E-17));
#9875=DIRECTION('',(5.4738221262688E-48,5.55111512312578E-17,-1.));
#9876=DIRECTION('',(3.69778549322349E-32,-1.,-5.55111512312578E-17));
#9877=DIRECTION('center_axis',(-5.4738221262688E-48,-5.55111512312578E-17,
1.));
#9878=DIRECTION('ref_axis',(-0.707106781186548,0.707106781186547,3.92523114670943E-17));
#9879=DIRECTION('',(-5.4738221262688E-48,-5.55111512312578E-17,1.));
#9880=DIRECTION('center_axis',(5.4738221262688E-48,5.55111512312578E-17,
-1.));
#9881=DIRECTION('ref_axis',(-0.707106781186548,0.707106781186547,3.92523114670943E-17));
#9882=DIRECTION('',(5.4738221262688E-48,5.55111512312578E-17,-1.));
#9883=DIRECTION('center_axis',(3.69778549322349E-32,-1.,-5.55111512312578E-17));
#9884=DIRECTION('ref_axis',(1.,3.69778549322349E-32,7.52650542361961E-48));
#9885=DIRECTION('',(1.,3.69778549322349E-32,7.52650542361961E-48));
#9886=DIRECTION('center_axis',(-5.4738221262688E-48,-5.55111512312578E-17,
1.));
#9887=DIRECTION('ref_axis',(-0.707106781186548,0.707106781186547,3.92523114670943E-17));
#9888=DIRECTION('',(-5.4738221262688E-48,-5.55111512312578E-17,1.));
#9889=DIRECTION('center_axis',(5.4738221262688E-48,5.55111512312578E-17,
-1.));
#9890=DIRECTION('ref_axis',(-0.707106781186548,0.707106781186547,3.92523114670943E-17));
#9891=DIRECTION('',(5.4738221262688E-48,5.55111512312578E-17,-1.));
#9892=DIRECTION('center_axis',(3.69778549322349E-32,-1.,-5.55111512312578E-17));
#9893=DIRECTION('ref_axis',(1.,3.69778549322349E-32,7.52650542361961E-48));
#9894=DIRECTION('',(5.4738221262688E-48,5.55111512312578E-17,-1.));
#9895=DIRECTION('',(1.,3.69778549322349E-32,7.52650542361961E-48));
#9896=DIRECTION('center_axis',(-5.4738221262688E-48,-5.55111512312578E-17,
1.));
#9897=DIRECTION('ref_axis',(0.707106781186547,0.707106781186548,3.92523114670944E-17));
#9898=DIRECTION('',(-5.4738221262688E-48,-5.55111512312578E-17,1.));
#9899=DIRECTION('center_axis',(5.4738221262688E-48,5.55111512312578E-17,
-1.));
#9900=DIRECTION('ref_axis',(0.707106781186547,0.707106781186548,3.92523114670944E-17));
#9901=DIRECTION('center_axis',(-1.,-3.69778549322349E-32,-7.52650542361961E-48));
#9902=DIRECTION('ref_axis',(3.69778549322349E-32,-1.,-5.55111512312578E-17));
#9903=DIRECTION('',(5.4738221262688E-48,5.55111512312578E-17,-1.));
#9904=DIRECTION('',(3.69778549322349E-32,-1.,-5.55111512312578E-17));
#9905=DIRECTION('center_axis',(-5.4738221262688E-48,-5.55111512312578E-17,
1.));
#9906=DIRECTION('ref_axis',(0.707106781186548,-0.707106781186548,-3.92523114670944E-17));
#9907=DIRECTION('',(-5.4738221262688E-48,-5.55111512312578E-17,1.));
#9908=DIRECTION('center_axis',(5.4738221262688E-48,5.55111512312578E-17,
-1.));
#9909=DIRECTION('ref_axis',(0.707106781186548,-0.707106781186548,-3.92523114670944E-17));
#9910=DIRECTION('center_axis',(-3.69778549322349E-32,1.,5.55111512312578E-17));
#9911=DIRECTION('ref_axis',(-1.,-3.69778549322349E-32,-7.52650542361961E-48));
#9912=DIRECTION('',(5.4738221262688E-48,5.55111512312578E-17,-1.));
#9913=DIRECTION('',(-1.,-3.69778549322349E-32,-7.52650542361961E-48));
#9914=DIRECTION('center_axis',(-5.4738221262688E-48,-5.55111512312578E-17,
1.));
#9915=DIRECTION('ref_axis',(-0.707106781186547,-0.707106781186548,-3.92523114670944E-17));
#9916=DIRECTION('',(-5.4738221262688E-48,-5.55111512312578E-17,1.));
#9917=DIRECTION('center_axis',(5.4738221262688E-48,5.55111512312578E-17,
-1.));
#9918=DIRECTION('ref_axis',(-0.707106781186547,-0.707106781186548,-3.92523114670944E-17));
#9919=DIRECTION('center_axis',(1.,3.69778549322349E-32,7.52650542361961E-48));
#9920=DIRECTION('ref_axis',(-3.69778549322349E-32,1.,5.55111512312578E-17));
#9921=DIRECTION('',(-3.69778549322349E-32,1.,5.55111512312578E-17));
#9922=DIRECTION('center_axis',(-5.4738221262688E-48,-5.55111512312578E-17,
1.));
#9923=DIRECTION('ref_axis',(-0.707106781186547,-0.707106781186548,-3.92523114670944E-17));
#9924=DIRECTION('',(-5.4738221262688E-48,-5.55111512312578E-17,1.));
#9925=DIRECTION('center_axis',(5.4738221262688E-48,5.55111512312578E-17,
-1.));
#9926=DIRECTION('ref_axis',(-0.707106781186547,-0.707106781186548,-3.92523114670944E-17));
#9927=DIRECTION('',(5.4738221262688E-48,5.55111512312578E-17,-1.));
#9928=DIRECTION('center_axis',(1.,3.69778549322349E-32,7.52650542361961E-48));
#9929=DIRECTION('ref_axis',(-3.69778549322349E-32,1.,5.55111512312578E-17));
#9930=DIRECTION('',(-3.69778549322349E-32,1.,5.55111512312578E-17));
#9931=DIRECTION('center_axis',(-5.4738221262688E-48,-5.55111512312578E-17,
1.));
#9932=DIRECTION('ref_axis',(0.707106781186548,-0.707106781186548,-3.92523114670944E-17));
#9933=DIRECTION('',(-5.4738221262688E-48,-5.55111512312578E-17,1.));
#9934=DIRECTION('center_axis',(5.4738221262688E-48,5.55111512312578E-17,
-1.));
#9935=DIRECTION('ref_axis',(0.707106781186548,-0.707106781186548,-3.92523114670944E-17));
#9936=DIRECTION('center_axis',(-3.69778549322349E-32,1.,5.55111512312578E-17));
#9937=DIRECTION('ref_axis',(-1.,-3.69778549322349E-32,-7.52650542361961E-48));
#9938=DIRECTION('',(-1.,-3.69778549322349E-32,-7.52650542361961E-48));
#9939=DIRECTION('center_axis',(3.69778549322349E-32,-1.,-5.55111512312578E-17));
#9940=DIRECTION('ref_axis',(1.,3.69778549322349E-32,7.52650542361961E-48));
#9941=DIRECTION('',(-1.,-1.31733608196087E-31,1.70696790036118E-15));
#9942=DIRECTION('center_axis',(-5.4738221262688E-48,-5.55111512312578E-17,
1.));
#9943=DIRECTION('ref_axis',(1.,3.69778549322349E-32,7.52650542361961E-48));
#9944=DIRECTION('center_axis',(-5.4738221262688E-48,-5.55111512312578E-17,
1.));
#9945=DIRECTION('ref_axis',(-1.60812264967664E-16,1.,5.55111512312578E-17));
#9946=DIRECTION('',(-5.4738221262688E-48,-5.55111512312578E-17,1.));
#9947=DIRECTION('center_axis',(5.4738221262688E-48,5.55111512312578E-17,
-1.));
#9948=DIRECTION('ref_axis',(1.,3.69778549322349E-32,7.52650542361961E-48));
#9949=DIRECTION('',(-5.4738221262688E-48,-5.55111512312578E-17,1.));
#9950=DIRECTION('center_axis',(1.,3.69778549322349E-32,7.52650542361961E-48));
#9951=DIRECTION('ref_axis',(-3.69778549322349E-32,1.,5.55111512312578E-17));
#9952=DIRECTION('',(-3.69778549322349E-32,1.,5.55111512312578E-17));
#9953=DIRECTION('',(-5.4738221262688E-48,-5.55111512312578E-17,1.));
#9954=DIRECTION('center_axis',(-5.4738221262688E-48,-5.55111512312578E-17,
1.));
#9955=DIRECTION('ref_axis',(1.,3.69778549322349E-32,7.52650542361961E-48));
#9956=DIRECTION('center_axis',(5.4738221262688E-48,5.55111512312578E-17,
-1.));
#9957=DIRECTION('ref_axis',(1.,3.69778549322349E-32,7.52650542361961E-48));
#9958=DIRECTION('',(-5.4738221262688E-48,-5.55111512312578E-17,1.));
#9959=DIRECTION('center_axis',(-1.,-3.69778549322349E-32,-7.52650542361961E-48));
#9960=DIRECTION('ref_axis',(3.69778549322349E-32,-1.,-5.55111512312578E-17));
#9961=DIRECTION('',(3.69778549322349E-32,-1.,-5.55111512312578E-17));
#9962=DIRECTION('center_axis',(-3.69778549322349E-32,1.,5.55111512312578E-17));
#9963=DIRECTION('ref_axis',(-1.,-3.69778549322349E-32,-7.52650542361961E-48));
#9964=DIRECTION('',(-1.,-3.69778549322349E-32,-7.52650542361961E-48));
#9965=DIRECTION('center_axis',(-5.4738221262688E-48,-5.55111512312578E-17,
1.));
#9966=DIRECTION('ref_axis',(1.,3.69778549322349E-32,7.52650542361961E-48));
#9967=DIRECTION('center_axis',(1.70696790036118E-15,-1.73472347597689E-17,
1.));
#9968=DIRECTION('ref_axis',(1.,-5.55111512312581E-17,-1.70696790036118E-15));
#9969=DIRECTION('center_axis',(1.70696790036118E-15,-1.38777878078167E-17,
1.));
#9970=DIRECTION('ref_axis',(1.,-5.55111512312578E-17,-1.70696790036118E-15));
#9971=DIRECTION('center_axis',(1.,3.69778549322349E-32,6.15804989205235E-48));
#9972=DIRECTION('ref_axis',(3.69778549322349E-32,-1.,-5.55111512312578E-17));
#9973=DIRECTION('',(-4.10536659470154E-48,-5.55111512312578E-17,1.));
#9974=DIRECTION('',(3.69778549322349E-32,-1.,-5.55111512312578E-17));
#9975=DIRECTION('',(4.10536659470154E-48,5.55111512312578E-17,-1.));
#9976=DIRECTION('center_axis',(4.10536659470154E-48,5.55111512312578E-17,
-1.));
#9977=DIRECTION('ref_axis',(-1.,-3.69778549322349E-32,-6.15804989205235E-48));
#9978=DIRECTION('center_axis',(-4.10536659470154E-48,-5.55111512312578E-17,
1.));
#9979=DIRECTION('ref_axis',(-1.,-3.69778549322349E-32,-6.15804989205235E-48));
#9980=DIRECTION('',(4.10536659470154E-48,5.55111512312578E-17,-1.));
#9981=DIRECTION('center_axis',(-1.,-3.69778549322349E-32,-6.15804989205235E-48));
#9982=DIRECTION('ref_axis',(-3.69778549322349E-32,1.,5.55111512312578E-17));
#9983=DIRECTION('',(-3.69778549322349E-32,1.,5.55111512312578E-17));
#9984=DIRECTION('',(4.10536659470154E-48,5.55111512312578E-17,-1.));
#9985=DIRECTION('center_axis',(-4.10536659470154E-48,-5.55111512312578E-17,
1.));
#9986=DIRECTION('ref_axis',(-1.,-3.69778549322349E-32,-6.15804989205235E-48));
#9987=DIRECTION('',(1.,3.69778549322349E-32,6.15804989205235E-48));
#9988=DIRECTION('center_axis',(-3.69778549322349E-32,1.,5.55111512312578E-17));
#9989=DIRECTION('ref_axis',(-1.,-3.69778549322349E-32,-6.15804989205235E-48));
#9990=DIRECTION('',(-1.,-3.69778549322349E-32,-6.15804989205235E-48));
#9991=DIRECTION('center_axis',(-4.10536659470154E-48,-5.55111512312578E-17,
1.));
#9992=DIRECTION('ref_axis',(0.707106781186547,0.707106781186548,3.92523114670944E-17));
#9993=DIRECTION('',(-4.10536659470154E-48,-5.55111512312578E-17,1.));
#9994=DIRECTION('center_axis',(4.10536659470154E-48,5.55111512312578E-17,
-1.));
#9995=DIRECTION('ref_axis',(0.707106781186547,0.707106781186548,3.92523114670944E-17));
#9996=DIRECTION('',(4.10536659470154E-48,5.55111512312578E-17,-1.));
#9997=DIRECTION('center_axis',(-1.,-3.69778549322349E-32,-6.15804989205235E-48));
#9998=DIRECTION('ref_axis',(3.69778549322349E-32,-1.,-5.55111512312578E-17));
#9999=DIRECTION('',(4.10536659470154E-48,5.55111512312578E-17,-1.));
#10000=DIRECTION('',(3.69778549322349E-32,-1.,-5.55111512312578E-17));
#10001=DIRECTION('center_axis',(-4.10536659470154E-48,-5.55111512312578E-17,
1.));
#10002=DIRECTION('ref_axis',(-0.707106781186548,0.707106781186547,3.92523114670943E-17));
#10003=DIRECTION('',(-4.10536659470154E-48,-5.55111512312578E-17,1.));
#10004=DIRECTION('center_axis',(4.10536659470154E-48,5.55111512312578E-17,
-1.));
#10005=DIRECTION('ref_axis',(-0.707106781186548,0.707106781186547,3.92523114670943E-17));
#10006=DIRECTION('',(4.10536659470154E-48,5.55111512312578E-17,-1.));
#10007=DIRECTION('center_axis',(3.69778549322349E-32,-1.,-5.55111512312578E-17));
#10008=DIRECTION('ref_axis',(1.,3.69778549322349E-32,6.15804989205235E-48));
#10009=DIRECTION('',(1.,3.69778549322349E-32,6.15804989205235E-48));
#10010=DIRECTION('center_axis',(-4.10536659470154E-48,-5.55111512312578E-17,
1.));
#10011=DIRECTION('ref_axis',(-0.707106781186548,0.707106781186547,3.92523114670943E-17));
#10012=DIRECTION('',(-4.10536659470154E-48,-5.55111512312578E-17,1.));
#10013=DIRECTION('center_axis',(4.10536659470154E-48,5.55111512312578E-17,
-1.));
#10014=DIRECTION('ref_axis',(-0.707106781186548,0.707106781186547,3.92523114670943E-17));
#10015=DIRECTION('',(4.10536659470154E-48,5.55111512312578E-17,-1.));
#10016=DIRECTION('center_axis',(3.69778549322349E-32,-1.,-5.55111512312578E-17));
#10017=DIRECTION('ref_axis',(1.,3.69778549322349E-32,6.15804989205235E-48));
#10018=DIRECTION('',(4.10536659470154E-48,5.55111512312578E-17,-1.));
#10019=DIRECTION('',(1.,3.69778549322349E-32,6.15804989205235E-48));
#10020=DIRECTION('center_axis',(-4.10536659470154E-48,-5.55111512312578E-17,
1.));
#10021=DIRECTION('ref_axis',(0.707106781186547,0.707106781186548,3.92523114670944E-17));
#10022=DIRECTION('',(-4.10536659470154E-48,-5.55111512312578E-17,1.));
#10023=DIRECTION('center_axis',(4.10536659470154E-48,5.55111512312578E-17,
-1.));
#10024=DIRECTION('ref_axis',(0.707106781186547,0.707106781186548,3.92523114670944E-17));
#10025=DIRECTION('center_axis',(-1.,-3.69778549322349E-32,-6.15804989205235E-48));
#10026=DIRECTION('ref_axis',(3.69778549322349E-32,-1.,-5.55111512312578E-17));
#10027=DIRECTION('',(4.10536659470154E-48,5.55111512312578E-17,-1.));
#10028=DIRECTION('',(3.69778549322349E-32,-1.,-5.55111512312578E-17));
#10029=DIRECTION('center_axis',(-4.10536659470154E-48,-5.55111512312578E-17,
1.));
#10030=DIRECTION('ref_axis',(0.707106781186548,-0.707106781186548,-3.92523114670944E-17));
#10031=DIRECTION('',(-4.10536659470154E-48,-5.55111512312578E-17,1.));
#10032=DIRECTION('center_axis',(4.10536659470154E-48,5.55111512312578E-17,
-1.));
#10033=DIRECTION('ref_axis',(0.707106781186548,-0.707106781186548,-3.92523114670944E-17));
#10034=DIRECTION('center_axis',(-3.69778549322349E-32,1.,5.55111512312578E-17));
#10035=DIRECTION('ref_axis',(-1.,-3.69778549322349E-32,-6.15804989205235E-48));
#10036=DIRECTION('',(4.10536659470154E-48,5.55111512312578E-17,-1.));
#10037=DIRECTION('',(-1.,-3.69778549322349E-32,-6.15804989205235E-48));
#10038=DIRECTION('center_axis',(-4.10536659470154E-48,-5.55111512312578E-17,
1.));
#10039=DIRECTION('ref_axis',(-0.707106781186547,-0.707106781186548,-3.92523114670944E-17));
#10040=DIRECTION('',(-4.10536659470154E-48,-5.55111512312578E-17,1.));
#10041=DIRECTION('center_axis',(4.10536659470154E-48,5.55111512312578E-17,
-1.));
#10042=DIRECTION('ref_axis',(-0.707106781186547,-0.707106781186548,-3.92523114670944E-17));
#10043=DIRECTION('center_axis',(1.,3.69778549322349E-32,6.15804989205235E-48));
#10044=DIRECTION('ref_axis',(-3.69778549322349E-32,1.,5.55111512312578E-17));
#10045=DIRECTION('',(-3.69778549322349E-32,1.,5.55111512312578E-17));
#10046=DIRECTION('center_axis',(-4.10536659470154E-48,-5.55111512312578E-17,
1.));
#10047=DIRECTION('ref_axis',(-0.707106781186547,-0.707106781186548,-3.92523114670944E-17));
#10048=DIRECTION('',(-4.10536659470154E-48,-5.55111512312578E-17,1.));
#10049=DIRECTION('center_axis',(4.10536659470154E-48,5.55111512312578E-17,
-1.));
#10050=DIRECTION('ref_axis',(-0.707106781186547,-0.707106781186548,-3.92523114670944E-17));
#10051=DIRECTION('',(4.10536659470154E-48,5.55111512312578E-17,-1.));
#10052=DIRECTION('center_axis',(1.,3.69778549322349E-32,6.15804989205235E-48));
#10053=DIRECTION('ref_axis',(-3.69778549322349E-32,1.,5.55111512312578E-17));
#10054=DIRECTION('',(-3.69778549322349E-32,1.,5.55111512312578E-17));
#10055=DIRECTION('center_axis',(-4.10536659470154E-48,-5.55111512312578E-17,
1.));
#10056=DIRECTION('ref_axis',(0.707106781186548,-0.707106781186548,-3.92523114670944E-17));
#10057=DIRECTION('',(-4.10536659470154E-48,-5.55111512312578E-17,1.));
#10058=DIRECTION('center_axis',(4.10536659470154E-48,5.55111512312578E-17,
-1.));
#10059=DIRECTION('ref_axis',(0.707106781186548,-0.707106781186548,-3.92523114670944E-17));
#10060=DIRECTION('center_axis',(-3.69778549322349E-32,1.,5.55111512312578E-17));
#10061=DIRECTION('ref_axis',(-1.,-3.69778549322349E-32,-6.15804989205235E-48));
#10062=DIRECTION('',(-1.,-3.69778549322349E-32,-6.15804989205235E-48));
#10063=DIRECTION('center_axis',(-4.10536659470154E-48,-5.55111512312578E-17,
1.));
#10064=DIRECTION('ref_axis',(-3.82856869892695E-16,1.,5.55111512312578E-17));
#10065=DIRECTION('',(-4.10536659470154E-48,-5.55111512312578E-17,1.));
#10066=DIRECTION('center_axis',(4.10536659470154E-48,5.55111512312578E-17,
-1.));
#10067=DIRECTION('ref_axis',(1.,3.69778549322349E-32,6.15804989205235E-48));
#10068=DIRECTION('',(-4.10536659470154E-48,-5.55111512312578E-17,1.));
#10069=DIRECTION('center_axis',(1.,3.69778549322349E-32,6.15804989205235E-48));
#10070=DIRECTION('ref_axis',(-3.69778549322349E-32,1.,5.55111512312578E-17));
#10071=DIRECTION('',(-3.69778549322349E-32,1.,5.55111512312578E-17));
#10072=DIRECTION('',(-4.10536659470154E-48,-5.55111512312578E-17,1.));
#10073=DIRECTION('center_axis',(-4.10536659470154E-48,-5.55111512312578E-17,
1.));
#10074=DIRECTION('ref_axis',(1.,3.69778549322349E-32,6.15804989205235E-48));
#10075=DIRECTION('center_axis',(4.10536659470154E-48,5.55111512312578E-17,
-1.));
#10076=DIRECTION('ref_axis',(1.,3.69778549322349E-32,6.15804989205235E-48));
#10077=DIRECTION('',(-4.10536659470154E-48,-5.55111512312578E-17,1.));
#10078=DIRECTION('center_axis',(-1.,-3.69778549322349E-32,-6.15804989205235E-48));
#10079=DIRECTION('ref_axis',(3.69778549322349E-32,-1.,-5.55111512312578E-17));
#10080=DIRECTION('',(3.69778549322349E-32,-1.,-5.55111512312578E-17));
#10081=DIRECTION('center_axis',(-4.10536659470154E-48,-5.55111512312578E-17,
1.));
#10082=DIRECTION('ref_axis',(1.,3.69778549322349E-32,6.15804989205235E-48));
#10083=DIRECTION('',(0.,0.,1.));
#10084=DIRECTION('',(1.,0.,0.));
#10085=DIRECTION('',(0.,0.,1.));
#10086=DIRECTION('',(1.,0.,0.));
#10087=DIRECTION('',(0.,0.,1.));
#10088=DIRECTION('',(1.,0.,0.));
#10089=DIRECTION('',(0.,0.,1.));
#10090=DIRECTION('',(1.,0.,0.));
#10091=DIRECTION('',(-4.02455846426619E-15,9.24446373305689E-33,-1.));
#10092=DIRECTION('',(-1.,-2.77555756156293E-17,4.02455846426619E-15));
#10093=DIRECTION('center_axis',(0.,0.,1.));
#10094=DIRECTION('ref_axis',(1.,0.,0.));
#10095=CARTESIAN_POINT('',(0.,0.,0.));
#10096=CARTESIAN_POINT('',(0.,0.,0.));
#10097=CARTESIAN_POINT('',(0.,0.,0.));
#10098=CARTESIAN_POINT('Origin',(-47.6313972084812,-27.5000000001946,25.7048));
#10099=CARTESIAN_POINT('',(-43.301270189559,-25.0000000001946,3.92686662581084));
#10100=CARTESIAN_POINT('',(-44.413153051411,-23.6733951675155,3.2131));
#10101=CARTESIAN_POINT('Ctrl Pts',(-43.301270189559,-25.0000000001946,3.92686662581084));
#10102=CARTESIAN_POINT('Ctrl Pts',(-43.4670213491857,-24.7129105703079,
3.92686662581084));
#10103=CARTESIAN_POINT('Ctrl Pts',(-43.7009308527007,-24.3930664655752,
3.89175043185109));
#10104=CARTESIAN_POINT('Ctrl Pts',(-44.0016145834191,-24.0588084276596,
3.76330907205703));
#10105=CARTESIAN_POINT('Ctrl Pts',(-44.1083885366912,-23.9500920065102,
3.70459838113745));
#10106=CARTESIAN_POINT('Ctrl Pts',(-44.246902853527,-23.8188579349625,3.58725410193627));
#10107=CARTESIAN_POINT('Ctrl Pts',(-44.3031321335836,-23.7682837591362,
3.52745879013151));
#10108=CARTESIAN_POINT('Ctrl Pts',(-44.3656051791892,-23.7137926782281,
3.42016762350322));
#10109=CARTESIAN_POINT('Ctrl Pts',(-44.3828297554355,-23.6990727333439,
3.38149827352515));
#10110=CARTESIAN_POINT('Ctrl Pts',(-44.4065983772699,-23.6788849531134,
3.29994063759735));
#10111=CARTESIAN_POINT('Ctrl Pts',(-44.413153051411,-23.6733951675155,3.2570608845067));
#10112=CARTESIAN_POINT('Ctrl Pts',(-44.413153051411,-23.6733951675155,3.2131));
#10113=CARTESIAN_POINT('',(-43.3012701892219,-25.,6.4262));
#10114=CARTESIAN_POINT('',(-43.301270189559,-25.0000000001946,25.7048));
#10115=CARTESIAN_POINT('',(-43.3012701892219,-25.,0.));
#10116=CARTESIAN_POINT('Ctrl Pts',(-43.301270189559,-25.0000000001946,8.48748003302868E-11));
#10117=CARTESIAN_POINT('Ctrl Pts',(-43.529330510414,-24.6049879372834,8.48747655155867E-11));
#10118=CARTESIAN_POINT('Ctrl Pts',(-43.8338003066093,-24.2111003420808,
0.0120316259042611));
#10119=CARTESIAN_POINT('Ctrl Pts',(-44.5421386875898,-23.5382981394021,
0.0913937334686792));
#10120=CARTESIAN_POINT('Ctrl Pts',(-44.9458581952026,-23.2595622858944,
0.161544962488147));
#10121=CARTESIAN_POINT('Ctrl Pts',(-45.5257573781406,-22.9599994772576,
0.340952067874234));
#10122=CARTESIAN_POINT('Ctrl Pts',(-45.7358521358781,-22.8680584967053,
0.419010143157305));
#10123=CARTESIAN_POINT('Ctrl Pts',(-46.1481442559141,-22.720048819154,0.616909156104536));
#10124=CARTESIAN_POINT('Ctrl Pts',(-46.3499177836279,-22.6636894079901,
0.737414769461552));
#10125=CARTESIAN_POINT('Ctrl Pts',(-46.8761558650019,-22.5442394424769,
1.12621571489978));
#10126=CARTESIAN_POINT('Ctrl Pts',(-47.196844807561,-22.5143310011682,1.481013530564));
#10127=CARTESIAN_POINT('Ctrl Pts',(-47.6240901430056,-22.4954357580446,
2.30287729185949));
#10128=CARTESIAN_POINT('Ctrl Pts',(-47.7326093345832,-22.5010244946005,
2.76878763683586));
#10129=CARTESIAN_POINT('Ctrl Pts',(-47.7326093345832,-22.5010244946005,
3.2131));
#10130=CARTESIAN_POINT('Ctrl Pts',(-47.7326093345832,-22.5010244946005,
3.65741236316415));
#10131=CARTESIAN_POINT('Ctrl Pts',(-47.6240901430056,-22.4954357580446,
4.12332270814052));
#10132=CARTESIAN_POINT('Ctrl Pts',(-47.196844807561,-22.5143310011682,4.94518646943601));
#10133=CARTESIAN_POINT('Ctrl Pts',(-46.8761558650019,-22.5442394424769,
5.29998428510023));
#10134=CARTESIAN_POINT('Ctrl Pts',(-46.3499177836279,-22.6636894079901,
5.68878523053846));
#10135=CARTESIAN_POINT('Ctrl Pts',(-46.1481442559141,-22.720048819154,5.80929084389547));
#10136=CARTESIAN_POINT('Ctrl Pts',(-45.7358521358781,-22.8680584967053,
6.0071898568427));
#10137=CARTESIAN_POINT('Ctrl Pts',(-45.5257573781406,-22.9599994772576,
6.08524793212577));
#10138=CARTESIAN_POINT('Ctrl Pts',(-44.9458581952026,-23.2595622858944,
6.26465503751186));
#10139=CARTESIAN_POINT('Ctrl Pts',(-44.5421386875898,-23.5382981394021,
6.33480626653133));
#10140=CARTESIAN_POINT('Ctrl Pts',(-43.8338003066093,-24.2111003420808,
6.41416837409575));
#10141=CARTESIAN_POINT('Ctrl Pts',(-43.529330510414,-24.6049879372834,6.42619999991513));
#10142=CARTESIAN_POINT('Ctrl Pts',(-43.301270189559,-25.0000000001946,6.42619999991513));
#10143=CARTESIAN_POINT('',(-43.301270189559,-25.0000000001946,2.49933337418917));
#10144=CARTESIAN_POINT('',(-43.301270189559,-25.0000000001946,25.7048));
#10145=CARTESIAN_POINT('Ctrl Pts',(-44.413153051411,-23.6733951675155,3.2131));
#10146=CARTESIAN_POINT('Ctrl Pts',(-44.413153051411,-23.6733951675155,3.1691391154933));
#10147=CARTESIAN_POINT('Ctrl Pts',(-44.4065983772699,-23.6788849531134,
3.12625936240266));
#10148=CARTESIAN_POINT('Ctrl Pts',(-44.3828297554355,-23.6990727333439,
3.04470172647486));
#10149=CARTESIAN_POINT('Ctrl Pts',(-44.3656051791892,-23.7137926782281,
3.00603237649679));
#10150=CARTESIAN_POINT('Ctrl Pts',(-44.3031321335836,-23.7682837591362,
2.89874120986849));
#10151=CARTESIAN_POINT('Ctrl Pts',(-44.246902853527,-23.8188579349625,2.83894589806374));
#10152=CARTESIAN_POINT('Ctrl Pts',(-44.1083885366912,-23.9500920065102,
2.72160161886256));
#10153=CARTESIAN_POINT('Ctrl Pts',(-44.0016145834191,-24.0588084276596,
2.66289092794298));
#10154=CARTESIAN_POINT('Ctrl Pts',(-43.7009308527007,-24.3930664655752,
2.53444956814892));
#10155=CARTESIAN_POINT('Ctrl Pts',(-43.4670213491856,-24.7129105703079,
2.49933337418916));
#10156=CARTESIAN_POINT('Ctrl Pts',(-43.301270189559,-25.0000000001946,2.49933337418916));
#10157=CARTESIAN_POINT('Origin',(-42.6947201892219,-24.649808194223,3.2131));
#10158=CARTESIAN_POINT('',(-48.3012701892219,-16.3397459621557,6.4262));
#10159=CARTESIAN_POINT('',(-48.3012701892219,-16.3397459621557,6.4262));
#10160=CARTESIAN_POINT('',(-48.3012701892219,-16.3397459621557,0.));
#10161=CARTESIAN_POINT('Origin',(-47.6947201892219,-15.9895541563786,3.2131));
#10162=CARTESIAN_POINT('',(-48.3012701892219,-16.3397459621557,0.));
#10163=CARTESIAN_POINT('Origin',(-42.4979951892219,-24.5362289625167,3.2131));
#10164=CARTESIAN_POINT('',(-41.9447201892219,-24.2167954923308,3.7131));
#10165=CARTESIAN_POINT('Origin',(-42.6947201892219,-24.649808194223,3.2131));
#10166=CARTESIAN_POINT('',(-43.3012701892219,-25.,6.4262));
#10167=CARTESIAN_POINT('Origin',(-37.8910161513776,-14.3708348754012,6.4262));
#10168=CARTESIAN_POINT('',(-20.5705080756887,-4.3708348754012,0.));
#10169=CARTESIAN_POINT('',(-37.8910161513776,-14.3708348754012,0.));
#10170=CARTESIAN_POINT('',(-10.4314881604791,1.48293100196407,0.));
#10171=CARTESIAN_POINT('',(-20.5705080756887,-4.3708348754012,6.4262));
#10172=CARTESIAN_POINT('',(-20.5705080756887,-4.3708348754012,6.4262));
#10173=CARTESIAN_POINT('',(-37.8910161513776,-14.3708348754012,6.4262));
#10174=CARTESIAN_POINT('',(-10.4314881604791,1.48293100196407,6.4262));
#10175=CARTESIAN_POINT('',(-37.8910161513776,-14.3708348754012,6.4262));
#10176=CARTESIAN_POINT('Origin',(-37.1410161513775,-15.6698729810778,6.4262));
#10177=CARTESIAN_POINT('',(-36.3910161513775,-16.9689110867545,0.));
#10178=CARTESIAN_POINT('Origin',(-37.1410161513775,-15.6698729810778,0.));
#10179=CARTESIAN_POINT('',(-36.3910161513775,-16.9689110867545,6.4262));
#10180=CARTESIAN_POINT('Origin',(-37.1410161513775,-15.6698729810778,6.4262));
#10181=CARTESIAN_POINT('',(-36.3910161513775,-16.9689110867545,6.4262));
#10182=CARTESIAN_POINT('Origin',(-19.0705080756887,-6.96891108675451,6.4262));
#10183=CARTESIAN_POINT('',(-19.0705080756887,-6.96891108675451,0.));
#10184=CARTESIAN_POINT('',(-0.271234122634686,3.88485479061077,0.));
#10185=CARTESIAN_POINT('',(-19.0705080756887,-6.96891108675451,6.4262));
#10186=CARTESIAN_POINT('',(-0.271234122634686,3.88485479061077,6.4262));
#10187=CARTESIAN_POINT('',(-19.0705080756887,-6.96891108675451,6.4262));
#10188=CARTESIAN_POINT('Origin',(-19.8205080756887,-5.66987298107786,6.4262));
#10189=CARTESIAN_POINT('Origin',(-19.8205080756887,-5.66987298107786,0.));
#10190=CARTESIAN_POINT('Origin',(-19.8205080756887,-5.66987298107786,6.4262));
#10191=CARTESIAN_POINT('Origin',(13.0638395375504,17.3222559280893,6.4262));
#10192=CARTESIAN_POINT('',(30.1878396025057,27.6551462195523,0.));
#10193=CARTESIAN_POINT('',(13.0638395375504,17.3222559280893,0.));
#10194=CARTESIAN_POINT('',(14.40220363216,18.1298458198889,-5.55111512312578E-16));
#10195=CARTESIAN_POINT('',(30.1878396025057,27.6551462195523,6.4262));
#10196=CARTESIAN_POINT('',(30.1878396025057,27.6551462195523,6.4262));
#10197=CARTESIAN_POINT('',(13.0638395375504,17.3222559280893,6.4262));
#10198=CARTESIAN_POINT('',(14.40220363216,18.1298458198889,6.4262));
#10199=CARTESIAN_POINT('',(13.0638395375504,17.3222559280893,6.4262));
#10200=CARTESIAN_POINT('Origin',(13.8388063094077,16.0379559232225,6.4262));
#10201=CARTESIAN_POINT('',(14.6137730812651,14.7536559183557,0.));
#10202=CARTESIAN_POINT('Origin',(13.8388063094077,16.0379559232225,0.));
#10203=CARTESIAN_POINT('',(14.6137730812651,14.7536559183557,6.4262));
#10204=CARTESIAN_POINT('Origin',(13.8388063094077,16.0379559232225,6.4262));
#10205=CARTESIAN_POINT('',(14.6137730812651,14.7536559183557,6.4262));
#10206=CARTESIAN_POINT('Origin',(31.7377731462228,25.0865462098147,6.4262));
#10207=CARTESIAN_POINT('',(31.7377731462228,25.0865462098147,0.));
#10208=CARTESIAN_POINT('',(24.5141372083543,20.7276909558826,-5.55111512312578E-16));
#10209=CARTESIAN_POINT('',(31.7377731462228,25.0865462098147,6.4262));
#10210=CARTESIAN_POINT('',(24.5141372083543,20.7276909558826,6.4262));
#10211=CARTESIAN_POINT('',(31.7377731462228,25.0865462098147,6.4262));
#10212=CARTESIAN_POINT('Origin',(30.9628063743661,26.3708462146804,6.4262));
#10213=CARTESIAN_POINT('Origin',(30.9628063743661,26.3708462146804,0.));
#10214=CARTESIAN_POINT('Origin',(30.9628063743661,26.3708462146804,6.4262));
#10215=CARTESIAN_POINT('Origin',(42.6947201892584,24.6498081942441,3.21310000000001));
#10216=CARTESIAN_POINT('',(43.3012701894561,25.0000000001352,3.92686662596875));
#10217=CARTESIAN_POINT('',(43.3012701894561,25.0000000001352,2.49933337403126));
#10218=CARTESIAN_POINT('Ctrl Pts',(43.3012701894561,25.0000000001352,3.92686662596875));
#10219=CARTESIAN_POINT('Ctrl Pts',(43.1651413659169,25.2357820388797,3.92686662596875));
#10220=CARTESIAN_POINT('Ctrl Pts',(43.0390211916412,25.5031007694329,3.90595940998286));
#10221=CARTESIAN_POINT('Ctrl Pts',(42.8940383561103,25.8947563617673,3.82071282847534));
#10222=CARTESIAN_POINT('Ctrl Pts',(42.8528637224676,26.0230413664903,3.78343320885291));
#10223=CARTESIAN_POINT('Ctrl Pts',(42.7847094232069,26.2649270184772,3.68156218739874));
#10224=CARTESIAN_POINT('Ctrl Pts',(42.7576025481438,26.3793440755638,3.61900624313423));
#10225=CARTESIAN_POINT('Ctrl Pts',(42.728870289902,26.5166595357818,3.48578508122282));
#10226=CARTESIAN_POINT('Ctrl Pts',(42.721241232657,26.5559924780776,3.43734649436144));
#10227=CARTESIAN_POINT('Ctrl Pts',(42.7109905540261,26.610966776438,3.32976953907406));
#10228=CARTESIAN_POINT('Ctrl Pts',(42.70833813444,26.6262212212947,3.27043682266079));
#10229=CARTESIAN_POINT('Ctrl Pts',(42.70833813444,26.6262212212947,3.15576317733922));
#10230=CARTESIAN_POINT('Ctrl Pts',(42.7109905540261,26.610966776438,3.09643046092595));
#10231=CARTESIAN_POINT('Ctrl Pts',(42.721241232657,26.5559924780776,2.98885350563857));
#10232=CARTESIAN_POINT('Ctrl Pts',(42.728870289902,26.5166595357818,2.94041491877719));
#10233=CARTESIAN_POINT('Ctrl Pts',(42.7576025481438,26.3793440755638,2.80719375686578));
#10234=CARTESIAN_POINT('Ctrl Pts',(42.7847094232069,26.2649270184772,2.74463781260127));
#10235=CARTESIAN_POINT('Ctrl Pts',(42.8528637224676,26.0230413664903,2.6427667911471));
#10236=CARTESIAN_POINT('Ctrl Pts',(42.8940383561103,25.8947563617673,2.60548717152467));
#10237=CARTESIAN_POINT('Ctrl Pts',(43.0390211916412,25.5031007694329,2.52024059001715));
#10238=CARTESIAN_POINT('Ctrl Pts',(43.1651413659169,25.2357820388797,2.49933337403126));
#10239=CARTESIAN_POINT('Ctrl Pts',(43.3012701894561,25.0000000001352,2.49933337403126));
#10240=CARTESIAN_POINT('',(41.9447201892584,24.2167954923518,3.71310000000001));
#10241=CARTESIAN_POINT('Origin',(42.6947201892584,24.6498081942441,3.21310000000001));
#10242=CARTESIAN_POINT('',(41.8286947854739,24.1498081942441,3.21310000000001));
#10243=CARTESIAN_POINT('Origin',(42.6947201892584,24.6498081942441,3.21310000000001));
#10244=CARTESIAN_POINT('',(34.3920557726098,37.0304448020736,3.21310000000001));
#10245=CARTESIAN_POINT('',(41.8286947854739,24.1498081942441,3.21310000000001));
#10246=CARTESIAN_POINT('Origin',(35.2484157346332,37.5471858382812,3.21310000000001));
#10247=CARTESIAN_POINT('',(41.9447201892584,24.2167954923518,2.71310000000001));
#10248=CARTESIAN_POINT('Origin',(42.6947201892584,24.6498081942441,3.21310000000001));
#10249=CARTESIAN_POINT('Origin',(42.6947201892584,24.6498081942441,3.21310000000001));
#10250=CARTESIAN_POINT('Origin',(47.6313972081441,27.5,0.));
#10251=CARTESIAN_POINT('',(43.3012701894561,25.0000000001352,0.));
#10252=CARTESIAN_POINT('',(43.3012701894561,25.0000000001352,0.));
#10253=CARTESIAN_POINT('',(46.1561575492347,32.2774122646132,0.));
#10254=CARTESIAN_POINT('Origin',(47.6313972081441,27.5,0.));
#10255=CARTESIAN_POINT('',(46.1561575492347,32.2774122646132,6.4262));
#10256=CARTESIAN_POINT('',(46.1561575492347,32.2774122646132,0.));
#10257=CARTESIAN_POINT('',(43.3012701894561,25.0000000001352,6.4262));
#10258=CARTESIAN_POINT('Origin',(47.6313972081441,27.5,6.4262));
#10259=CARTESIAN_POINT('',(43.3012701894561,25.0000000001352,0.));
#10260=CARTESIAN_POINT('Origin',(42.4979951892219,24.5362289625167,3.2131));
#10261=CARTESIAN_POINT('',(41.6947201892219,24.0724579250334,3.21310000000001));
#10262=CARTESIAN_POINT('Origin',(42.4979951892219,24.5362289625167,3.2131));
#10263=CARTESIAN_POINT('',(43.3012701892219,25.,6.4262));
#10264=CARTESIAN_POINT('Origin',(-42.6947201892219,-24.649808194223,3.2131));
#10265=CARTESIAN_POINT('',(-48.5607455930064,-16.4895541563786,3.2131));
#10266=CARTESIAN_POINT('',(-43.5607455930064,-25.149808194223,3.2131));
#10267=CARTESIAN_POINT('Origin',(-47.6947201892219,-15.9895541563786,3.2131));
#10268=CARTESIAN_POINT('',(-41.9447201892219,-24.2167954923308,2.71310000000001));
#10269=CARTESIAN_POINT('Origin',(-42.6947201892219,-24.649808194223,3.2131));
#10270=CARTESIAN_POINT('Origin',(-42.6947201892219,-24.649808194223,3.2131));
#10271=CARTESIAN_POINT('Origin',(-13.4071384400402,3.80639039637265,0.));
#10272=CARTESIAN_POINT('',(-13.4071384400402,3.80639039637265,6.4262));
#10273=CARTESIAN_POINT('',(-39.6410161513775,-11.3397459621557,6.4262));
#10274=CARTESIAN_POINT('',(-13.4071384400402,3.80639039637265,0.));
#10275=CARTESIAN_POINT('',(-13.4071384400402,3.80639039637265,0.));
#10276=CARTESIAN_POINT('',(-39.6410161513775,-11.3397459621557,0.));
#10277=CARTESIAN_POINT('Origin',(-42.4979951892219,-24.5362289625167,3.2131));
#10278=CARTESIAN_POINT('',(-41.6947201892219,-24.0724579250334,3.21310000000001));
#10279=CARTESIAN_POINT('',(-41.6947201892219,-24.0724579250334,3.21310000000001));
#10280=CARTESIAN_POINT('',(-43.3012701892219,-25.,6.4262));
#10281=CARTESIAN_POINT('Origin',(-42.4979951892219,-24.5362289625167,3.2131));
#10282=CARTESIAN_POINT('',(-41.6947201892219,-24.0724579250334,3.21310000000001));
#10283=CARTESIAN_POINT('Origin',(0.,0.,1.60655));
#10284=CARTESIAN_POINT('',(41.6947201892219,24.0724579250334,3.21310000000001));
#10285=CARTESIAN_POINT('Origin',(5.32907051820075E-14,5.32907051820075E-14,
3.21310000000001));
#10286=CARTESIAN_POINT('Origin',(0.,0.,0.));
#10287=CARTESIAN_POINT('',(41.6947201892219,24.0724579250334,3.21310000000001));
#10288=CARTESIAN_POINT('Origin',(0.,0.,4.81965));
#10289=CARTESIAN_POINT('Origin',(0.,0.,6.4262));
#10290=CARTESIAN_POINT('',(43.3012701892219,25.,6.4262));
#10291=CARTESIAN_POINT('Origin',(42.4979951892219,24.5362289625167,3.2131));
#10292=CARTESIAN_POINT('Origin',(86.6025403784439,50.,0.));
#10293=CARTESIAN_POINT('',(83.8085403784439,50.,6.4262));
#10294=CARTESIAN_POINT('Origin',(86.6025403784439,50.,6.4262));
#10295=CARTESIAN_POINT('',(83.8085403784439,50.,0.));
#10296=CARTESIAN_POINT('',(83.8085403784439,50.,0.));
#10297=CARTESIAN_POINT('Origin',(86.6025403784439,50.,0.));
#10298=CARTESIAN_POINT('Origin',(12.0697960525437,6.9685,0.));
#10299=CARTESIAN_POINT('',(12.0697960525437,6.9685,0.));
#10300=CARTESIAN_POINT('',(34.6410161513775,20.,0.));
#10301=CARTESIAN_POINT('',(12.0697960525437,6.9685,0.));
#10302=CARTESIAN_POINT('',(34.6410161513775,20.,6.4262));
#10303=CARTESIAN_POINT('',(34.6410161513775,20.,0.));
#10304=CARTESIAN_POINT('',(12.0697960525437,6.9685,6.4262));
#10305=CARTESIAN_POINT('',(12.0697960525437,6.9685,6.4262));
#10306=CARTESIAN_POINT('',(12.0697960525437,6.9685,0.));
#10307=CARTESIAN_POINT('Origin',(0.,0.,0.));
#10308=CARTESIAN_POINT('',(-12.0697960525437,-6.96850000000001,0.));
#10309=CARTESIAN_POINT('Origin',(0.,0.,0.));
#10310=CARTESIAN_POINT('',(-12.0697960525437,-6.96850000000001,6.4262));
#10311=CARTESIAN_POINT('Origin',(0.,0.,6.4262));
#10312=CARTESIAN_POINT('',(-12.0697960525437,-6.96850000000001,0.));
#10313=CARTESIAN_POINT('Origin',(-34.6410161513775,-20.,0.));
#10314=CARTESIAN_POINT('',(-34.6410161513775,-20.,0.));
#10315=CARTESIAN_POINT('',(-34.6410161513775,-20.,0.));
#10316=CARTESIAN_POINT('',(-34.6410161513775,-20.,6.4262));
#10317=CARTESIAN_POINT('',(-34.6410161513775,-20.,6.4262));
#10318=CARTESIAN_POINT('',(-34.6410161513775,-20.,0.));
#10319=CARTESIAN_POINT('Origin',(0.,0.,0.));
#10320=CARTESIAN_POINT('Origin',(0.,0.,0.));
#10321=CARTESIAN_POINT('Origin',(0.,0.,6.4262));
#10322=CARTESIAN_POINT('Origin',(0.,0.,0.));
#10323=CARTESIAN_POINT('',(-3.937,-4.82143444824313E-16,6.4262));
#10324=CARTESIAN_POINT('Origin',(0.,0.,6.4262));
#10325=CARTESIAN_POINT('',(-3.937,-4.82143444824313E-16,0.));
#10326=CARTESIAN_POINT('',(-3.937,-4.82143444824313E-16,0.));
#10327=CARTESIAN_POINT('Origin',(0.,0.,0.));
#10328=CARTESIAN_POINT('Origin',(0.,0.,0.));
#10329=CARTESIAN_POINT('',(-7.20047459960423,11.9328594452692,0.));
#10330=CARTESIAN_POINT('Origin',(0.,0.,0.));
#10331=CARTESIAN_POINT('',(-7.20047459960423,11.9328594452692,6.4262));
#10332=CARTESIAN_POINT('Origin',(0.,0.,6.4262));
#10333=CARTESIAN_POINT('',(-7.20047459960423,11.9328594452692,0.));
#10334=CARTESIAN_POINT('Origin',(39.8817294896974,40.3430000484756,0.));
#10335=CARTESIAN_POINT('',(39.8817294896974,40.3430000484756,0.));
#10336=CARTESIAN_POINT('',(-7.20047459960423,11.9328594452692,0.));
#10337=CARTESIAN_POINT('',(39.8817294896974,40.3430000484756,6.4262));
#10338=CARTESIAN_POINT('',(-7.20047459960423,11.9328594452692,6.4262));
#10339=CARTESIAN_POINT('',(39.8817294896974,40.3430000484756,0.));
#10340=CARTESIAN_POINT('Origin',(47.6313972081441,27.5,0.));
#10341=CARTESIAN_POINT('',(43.2056782312553,41.8322367943419,0.));
#10342=CARTESIAN_POINT('Origin',(47.6313972081441,27.5,0.));
#10343=CARTESIAN_POINT('',(43.2056782312553,41.8322367943419,6.4262));
#10344=CARTESIAN_POINT('Origin',(47.6313972081441,27.5,6.4262));
#10345=CARTESIAN_POINT('',(43.2056782312553,41.8322367943419,0.));
#10346=CARTESIAN_POINT('Origin',(76.8525799479934,52.2222222221573,0.));
#10347=CARTESIAN_POINT('',(76.8525799479934,52.2222222221573,0.));
#10348=CARTESIAN_POINT('',(43.2056782312553,41.8322367943419,0.));
#10349=CARTESIAN_POINT('',(76.8525799479934,52.2222222221573,6.4262));
#10350=CARTESIAN_POINT('',(43.2056782312553,41.8322367943419,6.4262));
#10351=CARTESIAN_POINT('',(76.8525799479934,52.2222222221573,0.));
#10352=CARTESIAN_POINT('Origin',(86.6025403784439,50.,0.));
#10353=CARTESIAN_POINT('',(79.8030592659823,42.6673976924098,0.));
#10354=CARTESIAN_POINT('Origin',(86.6025403784439,50.,0.));
#10355=CARTESIAN_POINT('',(79.8030592659823,42.6673976924098,6.4262));
#10356=CARTESIAN_POINT('Origin',(86.6025403784439,50.,6.4262));
#10357=CARTESIAN_POINT('',(79.8030592659823,42.6673976924098,0.));
#10358=CARTESIAN_POINT('Origin',(46.1561575492347,32.2774122646132,0.));
#10359=CARTESIAN_POINT('',(46.1561575492347,32.2774122646132,0.));
#10360=CARTESIAN_POINT('',(46.1561575492347,32.2774122646132,6.4262));
#10361=CARTESIAN_POINT('Origin',(24.150635094611,5.,6.4262));
#10362=CARTESIAN_POINT('Origin',(24.150635094611,5.,0.));
#10363=CARTESIAN_POINT('',(0.,0.,0.));
#10364=CARTESIAN_POINT('Origin',(47.6313972084812,-27.5000000001946,6.4262));
#10365=CARTESIAN_POINT('',(43.301270189559,-25.0000000001946,21.7779333741892));
#10366=CARTESIAN_POINT('',(44.413153051411,-23.6733951675155,22.4917));
#10367=CARTESIAN_POINT('Ctrl Pts',(43.301270189559,-25.0000000001946,21.7779333741892));
#10368=CARTESIAN_POINT('Ctrl Pts',(43.4670213491856,-24.7129105703079,21.7779333741892));
#10369=CARTESIAN_POINT('Ctrl Pts',(43.7009308527007,-24.3930664655752,21.8130495681489));
#10370=CARTESIAN_POINT('Ctrl Pts',(44.0016145834191,-24.0588084276596,21.941490927943));
#10371=CARTESIAN_POINT('Ctrl Pts',(44.1083885366912,-23.9500920065102,22.0002016188626));
#10372=CARTESIAN_POINT('Ctrl Pts',(44.246902853527,-23.8188579349625,22.1175458980637));
#10373=CARTESIAN_POINT('Ctrl Pts',(44.3031321335836,-23.7682837591362,22.1773412098685));
#10374=CARTESIAN_POINT('Ctrl Pts',(44.3656051791892,-23.7137926782281,22.2846323764968));
#10375=CARTESIAN_POINT('Ctrl Pts',(44.3828297554355,-23.6990727333439,22.3233017264749));
#10376=CARTESIAN_POINT('Ctrl Pts',(44.4065983772699,-23.6788849531134,22.4048593624027));
#10377=CARTESIAN_POINT('Ctrl Pts',(44.413153051411,-23.6733951675155,22.4477391154933));
#10378=CARTESIAN_POINT('Ctrl Pts',(44.413153051411,-23.6733951675155,22.4917));
#10379=CARTESIAN_POINT('',(43.3012701892219,-25.,19.2786));
#10380=CARTESIAN_POINT('',(43.301270189559,-25.0000000001946,6.4262));
#10381=CARTESIAN_POINT('',(43.3012701892219,-25.,25.7048));
#10382=CARTESIAN_POINT('Ctrl Pts',(43.301270189559,-25.0000000001946,25.7047999999151));
#10383=CARTESIAN_POINT('Ctrl Pts',(43.529330510414,-24.6049879372834,25.7047999999151));
#10384=CARTESIAN_POINT('Ctrl Pts',(43.8338003066093,-24.2111003420808,25.6927683740957));
#10385=CARTESIAN_POINT('Ctrl Pts',(44.5421386875898,-23.5382981394021,25.6134062665313));
#10386=CARTESIAN_POINT('Ctrl Pts',(44.9458581952026,-23.2595622858944,25.5432550375119));
#10387=CARTESIAN_POINT('Ctrl Pts',(45.5257573781406,-22.9599994772576,25.3638479321258));
#10388=CARTESIAN_POINT('Ctrl Pts',(45.7358521358781,-22.8680584967053,25.2857898568427));
#10389=CARTESIAN_POINT('Ctrl Pts',(46.1481442559141,-22.720048819154,25.0878908438955));
#10390=CARTESIAN_POINT('Ctrl Pts',(46.3499177836279,-22.6636894079901,24.9673852305385));
#10391=CARTESIAN_POINT('Ctrl Pts',(46.8761558650019,-22.5442394424769,24.5785842851002));
#10392=CARTESIAN_POINT('Ctrl Pts',(47.196844807561,-22.5143310011682,24.223786469436));
#10393=CARTESIAN_POINT('Ctrl Pts',(47.6240901430056,-22.4954357580446,23.4019227081405));
#10394=CARTESIAN_POINT('Ctrl Pts',(47.7326093345832,-22.5010244946005,22.9360123631642));
#10395=CARTESIAN_POINT('Ctrl Pts',(47.7326093345832,-22.5010244946005,22.4917));
#10396=CARTESIAN_POINT('Ctrl Pts',(47.7326093345832,-22.5010244946005,22.0473876368359));
#10397=CARTESIAN_POINT('Ctrl Pts',(47.6240901430056,-22.4954357580446,21.5814772918595));
#10398=CARTESIAN_POINT('Ctrl Pts',(47.196844807561,-22.5143310011682,20.759613530564));
#10399=CARTESIAN_POINT('Ctrl Pts',(46.8761558650019,-22.5442394424769,20.4048157148998));
#10400=CARTESIAN_POINT('Ctrl Pts',(46.3499177836279,-22.6636894079901,20.0160147694615));
#10401=CARTESIAN_POINT('Ctrl Pts',(46.1481442559141,-22.720048819154,19.8955091561045));
#10402=CARTESIAN_POINT('Ctrl Pts',(45.7358521358781,-22.8680584967053,19.6976101431573));
#10403=CARTESIAN_POINT('Ctrl Pts',(45.5257573781406,-22.9599994772576,19.6195520678742));
#10404=CARTESIAN_POINT('Ctrl Pts',(44.9458581952026,-23.2595622858944,19.4401449624881));
#10405=CARTESIAN_POINT('Ctrl Pts',(44.5421386875898,-23.5382981394021,19.3699937334687));
#10406=CARTESIAN_POINT('Ctrl Pts',(43.8338003066093,-24.2111003420808,19.2906316259043));
#10407=CARTESIAN_POINT('Ctrl Pts',(43.529330510414,-24.6049879372834,19.2786000000849));
#10408=CARTESIAN_POINT('Ctrl Pts',(43.301270189559,-25.0000000001946,19.2786000000849));
#10409=CARTESIAN_POINT('',(43.301270189559,-25.0000000001946,23.2054666258108));
#10410=CARTESIAN_POINT('',(43.301270189559,-25.0000000001946,6.4262));
#10411=CARTESIAN_POINT('Ctrl Pts',(44.413153051411,-23.6733951675155,22.4917));
#10412=CARTESIAN_POINT('Ctrl Pts',(44.413153051411,-23.6733951675155,22.5356608845067));
#10413=CARTESIAN_POINT('Ctrl Pts',(44.4065983772699,-23.6788849531134,22.5785406375973));
#10414=CARTESIAN_POINT('Ctrl Pts',(44.3828297554355,-23.6990727333438,22.6600982735252));
#10415=CARTESIAN_POINT('Ctrl Pts',(44.3656051791892,-23.7137926782281,22.6987676235032));
#10416=CARTESIAN_POINT('Ctrl Pts',(44.3031321335836,-23.7682837591362,22.8060587901315));
#10417=CARTESIAN_POINT('Ctrl Pts',(44.246902853527,-23.8188579349625,22.8658541019363));
#10418=CARTESIAN_POINT('Ctrl Pts',(44.1083885366912,-23.9500920065102,22.9831983811375));
#10419=CARTESIAN_POINT('Ctrl Pts',(44.0016145834191,-24.0588084276596,23.041909072057));
#10420=CARTESIAN_POINT('Ctrl Pts',(43.7009308527007,-24.3930664655752,23.1703504318511));
#10421=CARTESIAN_POINT('Ctrl Pts',(43.4670213491857,-24.7129105703079,23.2054666258108));
#10422=CARTESIAN_POINT('Ctrl Pts',(43.301270189559,-25.0000000001946,23.2054666258108));
#10423=CARTESIAN_POINT('Origin',(42.6947201892219,-24.649808194223,22.4917));
#10424=CARTESIAN_POINT('',(48.3012701892219,-16.3397459621557,19.2786));
#10425=CARTESIAN_POINT('',(48.3012701892219,-16.3397459621557,19.2786));
#10426=CARTESIAN_POINT('',(48.3012701892219,-16.3397459621557,25.7048));
#10427=CARTESIAN_POINT('Origin',(47.6947201892219,-15.9895541563786,22.4917));
#10428=CARTESIAN_POINT('',(48.3012701892219,-16.3397459621557,25.7048));
#10429=CARTESIAN_POINT('Origin',(42.4979951892219,-24.5362289625167,22.4917));
#10430=CARTESIAN_POINT('',(41.9447201892219,-24.2167954923308,21.9917));
#10431=CARTESIAN_POINT('Origin',(42.6947201892219,-24.649808194223,22.4917));
#10432=CARTESIAN_POINT('',(41.6947201892219,-24.0724579250334,22.4917));
#10433=CARTESIAN_POINT('Origin',(37.8910161513776,-14.3708348754012,25.7048));
#10434=CARTESIAN_POINT('',(20.5705080756887,-4.3708348754012,19.2786));
#10435=CARTESIAN_POINT('',(37.8910161513776,-14.3708348754012,19.2786));
#10436=CARTESIAN_POINT('',(10.4314881604791,1.48293100196407,19.2786));
#10437=CARTESIAN_POINT('',(37.8910161513776,-14.3708348754012,25.7048));
#10438=CARTESIAN_POINT('',(37.8910161513776,-14.3708348754012,25.7048));
#10439=CARTESIAN_POINT('',(20.5705080756887,-4.3708348754012,25.7048));
#10440=CARTESIAN_POINT('',(10.4314881604791,1.48293100196407,25.7048));
#10441=CARTESIAN_POINT('',(20.5705080756887,-4.3708348754012,25.7048));
#10442=CARTESIAN_POINT('Origin',(37.1410161513775,-15.6698729810778,25.7048));
#10443=CARTESIAN_POINT('',(36.3910161513775,-16.9689110867545,19.2786));
#10444=CARTESIAN_POINT('Origin',(37.1410161513775,-15.6698729810778,19.2786));
#10445=CARTESIAN_POINT('',(36.3910161513775,-16.9689110867545,25.7048));
#10446=CARTESIAN_POINT('',(36.3910161513775,-16.9689110867545,25.7048));
#10447=CARTESIAN_POINT('Origin',(37.1410161513775,-15.6698729810778,25.7048));
#10448=CARTESIAN_POINT('Origin',(19.0705080756887,-6.96891108675451,25.7048));
#10449=CARTESIAN_POINT('',(19.0705080756887,-6.96891108675451,19.2786));
#10450=CARTESIAN_POINT('',(0.271234122634686,3.88485479061077,19.2786));
#10451=CARTESIAN_POINT('',(19.0705080756887,-6.96891108675451,25.7048));
#10452=CARTESIAN_POINT('',(19.0705080756887,-6.96891108675451,25.7048));
#10453=CARTESIAN_POINT('',(0.271234122634686,3.88485479061077,25.7048));
#10454=CARTESIAN_POINT('Origin',(19.8205080756887,-5.66987298107786,25.7048));
#10455=CARTESIAN_POINT('Origin',(19.8205080756887,-5.66987298107786,19.2786));
#10456=CARTESIAN_POINT('Origin',(19.8205080756887,-5.66987298107786,25.7048));
#10457=CARTESIAN_POINT('Origin',(-13.0638395375504,17.3222559280893,25.7048));
#10458=CARTESIAN_POINT('',(-30.1878396025057,27.6551462195523,19.2786));
#10459=CARTESIAN_POINT('',(-13.0638395375504,17.3222559280893,19.2786));
#10460=CARTESIAN_POINT('',(-14.40220363216,18.1298458198889,19.2786));
#10461=CARTESIAN_POINT('',(-13.0638395375504,17.3222559280893,25.7048));
#10462=CARTESIAN_POINT('',(-13.0638395375504,17.3222559280893,25.7048));
#10463=CARTESIAN_POINT('',(-30.1878396025057,27.6551462195523,25.7048));
#10464=CARTESIAN_POINT('',(-14.40220363216,18.1298458198889,25.7048));
#10465=CARTESIAN_POINT('',(-30.1878396025057,27.6551462195523,25.7048));
#10466=CARTESIAN_POINT('Origin',(-13.8388063094077,16.0379559232225,25.7048));
#10467=CARTESIAN_POINT('',(-14.6137730812651,14.7536559183557,19.2786));
#10468=CARTESIAN_POINT('Origin',(-13.8388063094077,16.0379559232225,19.2786));
#10469=CARTESIAN_POINT('',(-14.6137730812651,14.7536559183557,25.7048));
#10470=CARTESIAN_POINT('',(-14.6137730812651,14.7536559183557,25.7048));
#10471=CARTESIAN_POINT('Origin',(-13.8388063094077,16.0379559232225,25.7048));
#10472=CARTESIAN_POINT('Origin',(-31.7377731462228,25.0865462098147,25.7048));
#10473=CARTESIAN_POINT('',(-31.7377731462228,25.0865462098147,19.2786));
#10474=CARTESIAN_POINT('',(-24.5141372083543,20.7276909558826,19.2786));
#10475=CARTESIAN_POINT('',(-31.7377731462228,25.0865462098147,25.7048));
#10476=CARTESIAN_POINT('',(-31.7377731462228,25.0865462098147,25.7048));
#10477=CARTESIAN_POINT('',(-24.5141372083543,20.7276909558826,25.7048));
#10478=CARTESIAN_POINT('Origin',(-30.9628063743661,26.3708462146804,25.7048));
#10479=CARTESIAN_POINT('Origin',(-30.9628063743661,26.3708462146804,19.2786));
#10480=CARTESIAN_POINT('Origin',(-30.9628063743661,26.3708462146804,25.7048));
#10481=CARTESIAN_POINT('Origin',(-42.6947201892584,24.6498081942441,22.4917));
#10482=CARTESIAN_POINT('',(-43.3012701894561,25.0000000001352,23.2054666259688));
#10483=CARTESIAN_POINT('',(-43.3012701894561,25.0000000001352,21.7779333740313));
#10484=CARTESIAN_POINT('Ctrl Pts',(-43.3012701894561,25.0000000001352,23.2054666259688));
#10485=CARTESIAN_POINT('Ctrl Pts',(-43.1651413659169,25.2357820388797,23.2054666259688));
#10486=CARTESIAN_POINT('Ctrl Pts',(-43.0390211916412,25.5031007694329,23.1845594099829));
#10487=CARTESIAN_POINT('Ctrl Pts',(-42.8940383561103,25.8947563617673,23.0993128284753));
#10488=CARTESIAN_POINT('Ctrl Pts',(-42.8528637224676,26.0230413664903,23.0620332088529));
#10489=CARTESIAN_POINT('Ctrl Pts',(-42.7847094232069,26.2649270184772,22.9601621873987));
#10490=CARTESIAN_POINT('Ctrl Pts',(-42.7576025481438,26.3793440755638,22.8976062431342));
#10491=CARTESIAN_POINT('Ctrl Pts',(-42.728870289902,26.5166595357818,22.7643850812228));
#10492=CARTESIAN_POINT('Ctrl Pts',(-42.721241232657,26.5559924780776,22.7159464943614));
#10493=CARTESIAN_POINT('Ctrl Pts',(-42.7109905540261,26.610966776438,22.6083695390741));
#10494=CARTESIAN_POINT('Ctrl Pts',(-42.70833813444,26.6262212212947,22.5490368226608));
#10495=CARTESIAN_POINT('Ctrl Pts',(-42.70833813444,26.6262212212947,22.4343631773392));
#10496=CARTESIAN_POINT('Ctrl Pts',(-42.7109905540261,26.610966776438,22.3750304609259));
#10497=CARTESIAN_POINT('Ctrl Pts',(-42.721241232657,26.5559924780776,22.2674535056386));
#10498=CARTESIAN_POINT('Ctrl Pts',(-42.728870289902,26.5166595357818,22.2190149187772));
#10499=CARTESIAN_POINT('Ctrl Pts',(-42.7576025481438,26.3793440755638,22.0857937568658));
#10500=CARTESIAN_POINT('Ctrl Pts',(-42.7847094232069,26.2649270184772,22.0232378126013));
#10501=CARTESIAN_POINT('Ctrl Pts',(-42.8528637224676,26.0230413664903,21.9213667911471));
#10502=CARTESIAN_POINT('Ctrl Pts',(-42.8940383561103,25.8947563617673,21.8840871715247));
#10503=CARTESIAN_POINT('Ctrl Pts',(-43.0390211916412,25.5031007694329,21.7988405900172));
#10504=CARTESIAN_POINT('Ctrl Pts',(-43.1651413659169,25.2357820388797,21.7779333740313));
#10505=CARTESIAN_POINT('Ctrl Pts',(-43.3012701894561,25.0000000001352,21.7779333740313));
#10506=CARTESIAN_POINT('',(-41.9447201892584,24.2167954923518,21.9917));
#10507=CARTESIAN_POINT('Origin',(-42.6947201892584,24.6498081942441,22.4917));
#10508=CARTESIAN_POINT('',(-41.8286947854739,24.1498081942441,22.4917));
#10509=CARTESIAN_POINT('Origin',(-42.6947201892584,24.6498081942441,22.4917));
#10510=CARTESIAN_POINT('',(-34.3920557726098,37.0304448020736,22.4917));
#10511=CARTESIAN_POINT('',(-41.8286947854739,24.1498081942441,22.4917));
#10512=CARTESIAN_POINT('Origin',(-35.2484157346332,37.5471858382812,22.4917));
#10513=CARTESIAN_POINT('',(-41.9447201892584,24.2167954923518,22.9917));
#10514=CARTESIAN_POINT('Origin',(-42.6947201892584,24.6498081942441,22.4917));
#10515=CARTESIAN_POINT('Origin',(-42.6947201892584,24.6498081942441,22.4917));
#10516=CARTESIAN_POINT('Origin',(-47.6313972081441,27.5,19.2786));
#10517=CARTESIAN_POINT('',(-43.3012701894561,25.0000000001352,25.7048));
#10518=CARTESIAN_POINT('',(-43.3012701894561,25.0000000001352,19.2786));
#10519=CARTESIAN_POINT('',(-46.1561575492347,32.2774122646132,25.7048));
#10520=CARTESIAN_POINT('Origin',(-47.6313972081441,27.5,25.7048));
#10521=CARTESIAN_POINT('',(-46.1561575492347,32.2774122646132,19.2786));
#10522=CARTESIAN_POINT('',(-46.1561575492347,32.2774122646132,19.2786));
#10523=CARTESIAN_POINT('',(-43.3012701894561,25.0000000001352,19.2786));
#10524=CARTESIAN_POINT('Origin',(-47.6313972081441,27.5,19.2786));
#10525=CARTESIAN_POINT('',(-43.3012701894561,25.0000000001352,19.2786));
#10526=CARTESIAN_POINT('Origin',(-42.4979951892219,24.5362289625167,22.4917));
#10527=CARTESIAN_POINT('',(-41.6947201892219,24.0724579250334,22.4917));
#10528=CARTESIAN_POINT('Origin',(-42.4979951892219,24.5362289625167,22.4917));
#10529=CARTESIAN_POINT('',(-43.3012701892219,25.,25.7048));
#10530=CARTESIAN_POINT('Origin',(42.6947201892219,-24.649808194223,22.4917));
#10531=CARTESIAN_POINT('',(48.5607455930064,-16.4895541563786,22.4917));
#10532=CARTESIAN_POINT('',(43.5607455930064,-25.149808194223,22.4917));
#10533=CARTESIAN_POINT('Origin',(47.6947201892219,-15.9895541563786,22.4917));
#10534=CARTESIAN_POINT('',(41.9447201892219,-24.2167954923308,22.9917));
#10535=CARTESIAN_POINT('Origin',(42.6947201892219,-24.649808194223,22.4917));
#10536=CARTESIAN_POINT('Origin',(42.6947201892219,-24.649808194223,22.4917));
#10537=CARTESIAN_POINT('Origin',(13.4071384400402,3.80639039637265,19.2786));
#10538=CARTESIAN_POINT('',(13.4071384400402,3.80639039637265,19.2786));
#10539=CARTESIAN_POINT('',(39.6410161513775,-11.3397459621557,19.2786));
#10540=CARTESIAN_POINT('',(13.4071384400402,3.80639039637265,25.7048));
#10541=CARTESIAN_POINT('',(13.4071384400402,3.80639039637265,19.2786));
#10542=CARTESIAN_POINT('',(39.6410161513775,-11.3397459621557,25.7048));
#10543=CARTESIAN_POINT('Origin',(42.4979951892219,-24.5362289625167,22.4917));
#10544=CARTESIAN_POINT('',(41.6947201892219,-24.0724579250334,22.4917));
#10545=CARTESIAN_POINT('',(43.3012701892219,-25.,25.7048));
#10546=CARTESIAN_POINT('',(41.6947201892219,-24.0724579250334,22.4917));
#10547=CARTESIAN_POINT('Origin',(42.4979951892219,-24.5362289625167,22.4917));
#10548=CARTESIAN_POINT('',(43.3012701892219,-25.,25.7048));
#10549=CARTESIAN_POINT('Origin',(0.,0.,20.88515));
#10550=CARTESIAN_POINT('',(-41.6947201892219,24.0724579250334,22.4917));
#10551=CARTESIAN_POINT('Origin',(-5.32907051820075E-14,5.32907051820075E-14,
22.4917));
#10552=CARTESIAN_POINT('',(-41.6947201892219,24.0724579250334,22.4917));
#10553=CARTESIAN_POINT('Origin',(0.,0.,19.2786));
#10554=CARTESIAN_POINT('Origin',(0.,0.,24.09825));
#10555=CARTESIAN_POINT('Origin',(0.,0.,25.7048));
#10556=CARTESIAN_POINT('',(-43.3012701892219,25.,25.7048));
#10557=CARTESIAN_POINT('Origin',(-42.4979951892219,24.5362289625167,22.4917));
#10558=CARTESIAN_POINT('Origin',(-86.6025403784439,50.,19.2786));
#10559=CARTESIAN_POINT('',(-83.8085403784439,50.,25.7048));
#10560=CARTESIAN_POINT('Origin',(-86.6025403784439,50.,25.7048));
#10561=CARTESIAN_POINT('',(-83.8085403784439,50.,19.2786));
#10562=CARTESIAN_POINT('',(-83.8085403784439,50.,19.2786));
#10563=CARTESIAN_POINT('Origin',(-86.6025403784439,50.,19.2786));
#10564=CARTESIAN_POINT('Origin',(-12.0697960525437,6.9685,19.2786));
#10565=CARTESIAN_POINT('',(-12.0697960525437,6.9685,19.2786));
#10566=CARTESIAN_POINT('',(-34.6410161513775,20.,19.2786));
#10567=CARTESIAN_POINT('',(-12.0697960525437,6.9685,19.2786));
#10568=CARTESIAN_POINT('',(-12.0697960525437,6.9685,25.7048));
#10569=CARTESIAN_POINT('',(-12.0697960525437,6.9685,19.2786));
#10570=CARTESIAN_POINT('',(-34.6410161513775,20.,25.7048));
#10571=CARTESIAN_POINT('',(-12.0697960525437,6.9685,25.7048));
#10572=CARTESIAN_POINT('',(-34.6410161513775,20.,19.2786));
#10573=CARTESIAN_POINT('Origin',(0.,0.,19.2786));
#10574=CARTESIAN_POINT('',(12.0697960525437,-6.96850000000001,19.2786));
#10575=CARTESIAN_POINT('Origin',(0.,0.,19.2786));
#10576=CARTESIAN_POINT('',(12.0697960525437,-6.96850000000001,25.7048));
#10577=CARTESIAN_POINT('',(12.0697960525437,-6.96850000000001,19.2786));
#10578=CARTESIAN_POINT('Origin',(0.,0.,25.7048));
#10579=CARTESIAN_POINT('Origin',(34.6410161513775,-20.,19.2786));
#10580=CARTESIAN_POINT('',(34.6410161513775,-20.,19.2786));
#10581=CARTESIAN_POINT('',(34.6410161513775,-20.,19.2786));
#10582=CARTESIAN_POINT('',(34.6410161513775,-20.,25.7048));
#10583=CARTESIAN_POINT('',(34.6410161513775,-20.,19.2786));
#10584=CARTESIAN_POINT('',(34.6410161513775,-20.,25.7048));
#10585=CARTESIAN_POINT('Origin',(0.,0.,19.2786));
#10586=CARTESIAN_POINT('Origin',(0.,0.,19.2786));
#10587=CARTESIAN_POINT('Origin',(0.,0.,25.7048));
#10588=CARTESIAN_POINT('Origin',(0.,0.,19.2786));
#10589=CARTESIAN_POINT('',(3.937,-4.82143444824313E-16,25.7048));
#10590=CARTESIAN_POINT('Origin',(0.,0.,25.7048));
#10591=CARTESIAN_POINT('',(3.937,-4.82143444824313E-16,19.2786));
#10592=CARTESIAN_POINT('',(3.937,-4.82143444824313E-16,19.2786));
#10593=CARTESIAN_POINT('Origin',(0.,0.,19.2786));
#10594=CARTESIAN_POINT('Origin',(0.,0.,19.2786));
#10595=CARTESIAN_POINT('',(7.20047459960423,11.9328594452692,19.2786));
#10596=CARTESIAN_POINT('Origin',(0.,0.,19.2786));
#10597=CARTESIAN_POINT('',(7.20047459960423,11.9328594452692,25.7048));
#10598=CARTESIAN_POINT('',(7.20047459960423,11.9328594452692,19.2786));
#10599=CARTESIAN_POINT('Origin',(0.,0.,25.7048));
#10600=CARTESIAN_POINT('Origin',(-39.8817294896974,40.3430000484756,19.2786));
#10601=CARTESIAN_POINT('',(-39.8817294896974,40.3430000484756,19.2786));
#10602=CARTESIAN_POINT('',(7.20047459960423,11.9328594452692,19.2786));
#10603=CARTESIAN_POINT('',(-39.8817294896974,40.3430000484756,25.7048));
#10604=CARTESIAN_POINT('',(-39.8817294896974,40.3430000484756,19.2786));
#10605=CARTESIAN_POINT('',(7.20047459960423,11.9328594452692,25.7048));
#10606=CARTESIAN_POINT('Origin',(-47.6313972081441,27.5,19.2786));
#10607=CARTESIAN_POINT('',(-43.2056782312553,41.8322367943419,19.2786));
#10608=CARTESIAN_POINT('Origin',(-47.6313972081441,27.5,19.2786));
#10609=CARTESIAN_POINT('',(-43.2056782312553,41.8322367943419,25.7048));
#10610=CARTESIAN_POINT('',(-43.2056782312553,41.8322367943419,19.2786));
#10611=CARTESIAN_POINT('Origin',(-47.6313972081441,27.5,25.7048));
#10612=CARTESIAN_POINT('Origin',(-76.8525799479934,52.2222222221573,19.2786));
#10613=CARTESIAN_POINT('',(-76.8525799479934,52.2222222221573,19.2786));
#10614=CARTESIAN_POINT('',(-43.2056782312553,41.8322367943419,19.2786));
#10615=CARTESIAN_POINT('',(-76.8525799479934,52.2222222221573,25.7048));
#10616=CARTESIAN_POINT('',(-76.8525799479934,52.2222222221573,19.2786));
#10617=CARTESIAN_POINT('',(-43.2056782312553,41.8322367943419,25.7048));
#10618=CARTESIAN_POINT('Origin',(-86.6025403784439,50.,19.2786));
#10619=CARTESIAN_POINT('',(-79.8030592659823,42.6673976924098,19.2786));
#10620=CARTESIAN_POINT('Origin',(-86.6025403784439,50.,19.2786));
#10621=CARTESIAN_POINT('',(-79.8030592659823,42.6673976924098,25.7048));
#10622=CARTESIAN_POINT('',(-79.8030592659823,42.6673976924098,19.2786));
#10623=CARTESIAN_POINT('Origin',(-86.6025403784439,50.,25.7048));
#10624=CARTESIAN_POINT('Origin',(-46.1561575492347,32.2774122646132,19.2786));
#10625=CARTESIAN_POINT('',(-46.1561575492347,32.2774122646132,19.2786));
#10626=CARTESIAN_POINT('',(-46.1561575492347,32.2774122646132,25.7048));
#10627=CARTESIAN_POINT('Origin',(-24.150635094611,5.,25.7048));
#10628=CARTESIAN_POINT('Origin',(-24.150635094611,5.,19.2786));
#10629=CARTESIAN_POINT('',(0.,0.,0.));
#10630=CARTESIAN_POINT('',(0.,0.,0.));
#10631=CARTESIAN_POINT('',(0.,0.,0.));
#10632=CARTESIAN_POINT('',(0.,0.,0.));
#10633=CARTESIAN_POINT('Origin',(3.10862446895044E-14,100.,6.4262));
#10634=CARTESIAN_POINT('',(-3.93699999999997,100.,12.8524));
#10635=CARTESIAN_POINT('Origin',(3.10862446895044E-14,100.,12.8524));
#10636=CARTESIAN_POINT('',(-3.93699999999997,100.,6.4262));
#10637=CARTESIAN_POINT('',(-3.93699999999997,100.,6.4262));
#10638=CARTESIAN_POINT('Origin',(3.10862446895044E-14,100.,6.4262));
#10639=CARTESIAN_POINT('Origin',(86.6025403784439,50.,6.4262));
#10640=CARTESIAN_POINT('',(82.6655403784439,50.,12.8524));
#10641=CARTESIAN_POINT('Origin',(86.6025403784439,50.,12.8524));
#10642=CARTESIAN_POINT('',(82.6655403784439,50.,6.4262));
#10643=CARTESIAN_POINT('',(82.6655403784439,50.,6.4262));
#10644=CARTESIAN_POINT('Origin',(86.6025403784439,50.,6.4262));
#10645=CARTESIAN_POINT('Origin',(86.6025403784439,50.,6.4262));
#10646=CARTESIAN_POINT('',(76.6025403784439,49.9999999999999,6.4262));
#10647=CARTESIAN_POINT('',(81.6025403784438,58.6602540378443,6.4262));
#10648=CARTESIAN_POINT('Origin',(86.6025403784439,50.,6.4262));
#10649=CARTESIAN_POINT('',(81.6025403784438,58.6602540378443,12.8524));
#10650=CARTESIAN_POINT('',(81.6025403784438,58.6602540378443,6.4262));
#10651=CARTESIAN_POINT('',(76.6025403784439,49.9999999999999,12.8524));
#10652=CARTESIAN_POINT('Origin',(86.6025403784439,50.,12.8524));
#10653=CARTESIAN_POINT('',(76.6025403784439,49.9999999999999,6.4262));
#10654=CARTESIAN_POINT('Origin',(4.99999999999991,91.3397459621555,6.4262));
#10655=CARTESIAN_POINT('',(4.99999999999991,91.3397459621555,6.4262));
#10656=CARTESIAN_POINT('',(76.6025403784439,49.9999999999999,6.4262));
#10657=CARTESIAN_POINT('',(4.99999999999991,91.3397459621555,12.8524));
#10658=CARTESIAN_POINT('',(76.6025403784439,49.9999999999999,12.8524));
#10659=CARTESIAN_POINT('',(4.99999999999991,91.3397459621555,6.4262));
#10660=CARTESIAN_POINT('Origin',(3.10862446895044E-14,100.,6.4262));
#10661=CARTESIAN_POINT('',(10.,99.9999999999998,6.4262));
#10662=CARTESIAN_POINT('Origin',(3.10862446895044E-14,100.,6.4262));
#10663=CARTESIAN_POINT('',(10.,99.9999999999998,12.8524));
#10664=CARTESIAN_POINT('Origin',(3.10862446895044E-14,100.,12.8524));
#10665=CARTESIAN_POINT('',(10.,99.9999999999998,6.4262));
#10666=CARTESIAN_POINT('Origin',(81.6025403784438,58.6602540378443,6.4262));
#10667=CARTESIAN_POINT('',(81.6025403784438,58.6602540378443,6.4262));
#10668=CARTESIAN_POINT('',(81.6025403784438,58.6602540378443,12.8524));
#10669=CARTESIAN_POINT('Origin',(43.301270189222,75.,12.8524));
#10670=CARTESIAN_POINT('Origin',(43.301270189222,75.,6.4262));
#10671=CARTESIAN_POINT('',(0.,0.,0.));
#10672=CARTESIAN_POINT('Origin',(-2.22044604925031E-14,100.,12.8524));
#10673=CARTESIAN_POINT('',(3.93699999999998,100.,19.2786));
#10674=CARTESIAN_POINT('Origin',(-2.22044604925031E-14,100.,19.2786));
#10675=CARTESIAN_POINT('',(3.93699999999998,100.,12.8524));
#10676=CARTESIAN_POINT('',(3.93699999999998,100.,12.8524));
#10677=CARTESIAN_POINT('Origin',(-2.22044604925031E-14,100.,12.8524));
#10678=CARTESIAN_POINT('Origin',(-86.6025403784439,50.,12.8524));
#10679=CARTESIAN_POINT('',(-82.6655403784439,50.,19.2786));
#10680=CARTESIAN_POINT('Origin',(-86.6025403784439,50.,19.2786));
#10681=CARTESIAN_POINT('',(-82.6655403784439,50.,12.8524));
#10682=CARTESIAN_POINT('',(-82.6655403784439,50.,12.8524));
#10683=CARTESIAN_POINT('Origin',(-86.6025403784439,50.,12.8524));
#10684=CARTESIAN_POINT('Origin',(-86.6025403784439,50.,12.8524));
#10685=CARTESIAN_POINT('',(-76.6025403784439,49.9999999999999,12.8524));
#10686=CARTESIAN_POINT('',(-81.6025403784438,58.6602540378443,12.8524));
#10687=CARTESIAN_POINT('Origin',(-86.6025403784439,50.,12.8524));
#10688=CARTESIAN_POINT('',(-76.6025403784439,49.9999999999999,19.2786));
#10689=CARTESIAN_POINT('',(-76.6025403784439,49.9999999999999,12.8524));
#10690=CARTESIAN_POINT('',(-81.6025403784438,58.6602540378443,19.2786));
#10691=CARTESIAN_POINT('Origin',(-86.6025403784439,50.,19.2786));
#10692=CARTESIAN_POINT('',(-81.6025403784438,58.6602540378443,12.8524));
#10693=CARTESIAN_POINT('Origin',(-4.9999999999999,91.3397459621555,12.8524));
#10694=CARTESIAN_POINT('',(-4.9999999999999,91.3397459621555,12.8524));
#10695=CARTESIAN_POINT('',(-76.6025403784439,49.9999999999999,12.8524));
#10696=CARTESIAN_POINT('',(-4.9999999999999,91.3397459621555,19.2786));
#10697=CARTESIAN_POINT('',(-4.9999999999999,91.3397459621555,12.8524));
#10698=CARTESIAN_POINT('',(-76.6025403784439,49.9999999999999,19.2786));
#10699=CARTESIAN_POINT('Origin',(-2.22044604925031E-14,100.,12.8524));
#10700=CARTESIAN_POINT('',(-10.,99.9999999999998,12.8524));
#10701=CARTESIAN_POINT('Origin',(-2.22044604925031E-14,100.,12.8524));
#10702=CARTESIAN_POINT('',(-10.,99.9999999999998,19.2786));
#10703=CARTESIAN_POINT('',(-10.,99.9999999999998,12.8524));
#10704=CARTESIAN_POINT('Origin',(-2.22044604925031E-14,100.,19.2786));
#10705=CARTESIAN_POINT('Origin',(-81.6025403784438,58.6602540378443,12.8524));
#10706=CARTESIAN_POINT('',(-81.6025403784438,58.6602540378443,12.8524));
#10707=CARTESIAN_POINT('',(-81.6025403784438,58.6602540378443,19.2786));
#10708=CARTESIAN_POINT('Origin',(-43.301270189222,75.,19.2786));
#10709=CARTESIAN_POINT('Origin',(-43.301270189222,75.,12.8524));
#10710=CARTESIAN_POINT('',(0.,0.,0.));
#10711=CARTESIAN_POINT('',(0.,0.,0.));
#10712=CARTESIAN_POINT('',(0.,0.,0.));
#10713=CARTESIAN_POINT('Origin',(1.00000000000002,95.,6.));
#10714=CARTESIAN_POINT('',(2.22044604925031E-14,102.794,7.));
#10715=CARTESIAN_POINT('',(2.00000000000002,101.951008969738,5.));
#10716=CARTESIAN_POINT('Origin',(0.,100.,7.00000000000002));
#10717=CARTESIAN_POINT('',(2.00000000000002,98.0489910302615,5.));
#10718=CARTESIAN_POINT('',(2.00000000000002,95.,5.));
#10719=CARTESIAN_POINT('',(2.22044604925031E-14,97.206,7.));
#10720=CARTESIAN_POINT('Origin',(0.,100.,7.00000000000002));
#10721=CARTESIAN_POINT('',(2.22044604925031E-14,95.,7.));
#10722=CARTESIAN_POINT('Origin',(2.22044604925031E-14,90.,5.));
#10723=CARTESIAN_POINT('Origin',(0.,100.,5.));
#10724=CARTESIAN_POINT('Origin',(7.00000000000002,100.,7.));
#10725=CARTESIAN_POINT('',(7.00000000000002,107.141428428543,5.));
#10726=CARTESIAN_POINT('',(5.00000000000002,108.660254037844,7.));
#10727=CARTESIAN_POINT('Ctrl Pts',(7.00000000000002,107.141428428543,5.));
#10728=CARTESIAN_POINT('Ctrl Pts',(6.76580946985896,107.3709810632,5.));
#10729=CARTESIAN_POINT('Ctrl Pts',(6.49933975862129,107.607151773253,5.04348009853306));
#10730=CARTESIAN_POINT('Ctrl Pts',(5.98058816814489,108.021392590914,5.25660356563223));
#10731=CARTESIAN_POINT('Ctrl Pts',(5.72897607355019,108.199864755212,5.42709419673047));
#10732=CARTESIAN_POINT('Ctrl Pts',(5.37506344734813,108.434557947659,5.81264288255393));
#10733=CARTESIAN_POINT('Ctrl Pts',(5.23601586898003,108.520335211412,6.02398959590584));
#10734=CARTESIAN_POINT('Ctrl Pts',(5.04831666194958,108.632871613939,6.49485704967906));
#10735=CARTESIAN_POINT('Ctrl Pts',(5.00000000000002,108.660254037844,6.75436208607732));
#10736=CARTESIAN_POINT('Ctrl Pts',(5.00000000000002,108.660254037844,7.));
#10737=CARTESIAN_POINT('',(5.00000000000002,91.3397459621556,7.));
#10738=CARTESIAN_POINT('',(5.00000000000002,100.,7.));
#10739=CARTESIAN_POINT('',(7.00000000000002,92.8585715714572,5.));
#10740=CARTESIAN_POINT('Ctrl Pts',(5.00000000000002,91.3397459621556,7.));
#10741=CARTESIAN_POINT('Ctrl Pts',(5.00000000000002,91.3397459621556,6.75436208607732));
#10742=CARTESIAN_POINT('Ctrl Pts',(5.04831666194958,91.3671283860607,6.49485704967906));
#10743=CARTESIAN_POINT('Ctrl Pts',(5.23601586898003,91.479664788588,6.02398959590584));
#10744=CARTESIAN_POINT('Ctrl Pts',(5.37506344734813,91.5654420523406,5.81264288255393));
#10745=CARTESIAN_POINT('Ctrl Pts',(5.72897607355019,91.8001352447883,5.42709419673047));
#10746=CARTESIAN_POINT('Ctrl Pts',(5.9805881681449,91.9786074090864,5.25660356563222));
#10747=CARTESIAN_POINT('Ctrl Pts',(6.4993397586213,92.392848226747,5.04348009853306));
#10748=CARTESIAN_POINT('Ctrl Pts',(6.76580946985896,92.6290189368,5.));
#10749=CARTESIAN_POINT('Ctrl Pts',(7.00000000000002,92.8585715714572,5.));
#10750=CARTESIAN_POINT('',(7.00000000000002,100.,5.));
#10751=CARTESIAN_POINT('Origin',(5.00000000000002,100.,12.62395));
#10752=CARTESIAN_POINT('',(5.00000000000002,108.660254037844,8.12321121118838));
#10753=CARTESIAN_POINT('',(5.00000000000002,108.660254037844,5.));
#10754=CARTESIAN_POINT('',(5.00000000000002,104.822894980498,17.0688495394984));
#10755=CARTESIAN_POINT('',(5.00000000000002,110.,5.));
#10756=CARTESIAN_POINT('',(5.00000000000002,95.1771050195016,17.0688495394984));
#10757=CARTESIAN_POINT('Origin',(5.00000000000002,100.,15.));
#10758=CARTESIAN_POINT('',(5.00000000000002,91.3397459621556,8.12321121118837));
#10759=CARTESIAN_POINT('',(5.00000000000002,95.1771050195016,17.0688495394984));
#10760=CARTESIAN_POINT('',(5.00000000000002,91.3397459621556,5.));
#10761=CARTESIAN_POINT('',(5.00000000000002,97.7521,15.));
#10762=CARTESIAN_POINT('Origin',(5.00000000000002,100.,15.));
#10763=CARTESIAN_POINT('Origin',(-1.99999999999998,100.,7.));
#10764=CARTESIAN_POINT('',(-1.99999999999998,109.797958971133,5.));
#10765=CARTESIAN_POINT('',(-1.19793350386761,109.927988483087,5.16787300227797));
#10766=CARTESIAN_POINT('Ctrl Pts',(-1.19793350386761,109.927988483087,5.16787300227797));
#10767=CARTESIAN_POINT('Ctrl Pts',(-1.21124769975954,109.926381962153,5.16204432857732));
#10768=CARTESIAN_POINT('Ctrl Pts',(-1.22462404154609,109.924740762999,5.15636142132945));
#10769=CARTESIAN_POINT('Ctrl Pts',(-1.48486154378039,109.892272075812,5.04913184811542));
#10770=CARTESIAN_POINT('Ctrl Pts',(-1.75184404584251,109.848613593159,5.));
#10771=CARTESIAN_POINT('Ctrl Pts',(-1.99999999999998,109.797958971133,5.));
#10772=CARTESIAN_POINT('',(-1.99999999999998,101.951008969738,5.));
#10773=CARTESIAN_POINT('',(-1.99999999999998,100.,5.));
#10774=CARTESIAN_POINT('Ctrl Pts',(-1.99999999999921,101.951008969739,5.));
#10775=CARTESIAN_POINT('Ctrl Pts',(-1.92849433510796,102.024310185675,5.00000000000003));
#10776=CARTESIAN_POINT('Ctrl Pts',(-1.85346057093258,102.093142647699,5.00384398512217));
#10777=CARTESIAN_POINT('Ctrl Pts',(-1.64624607010872,102.263726058592,5.02722322644562));
#10778=CARTESIAN_POINT('Ctrl Pts',(-1.49606019043884,102.366101854919,5.05782093182497));
#10779=CARTESIAN_POINT('Ctrl Pts',(-1.19134013164976,102.533247439512,5.16367644338473));
#10780=CARTESIAN_POINT('Ctrl Pts',(-1.03717387940883,102.598299008723,5.23954705359774));
#10781=CARTESIAN_POINT('Ctrl Pts',(-0.77136795289213,102.688944816749,5.41417957033392));
#10782=CARTESIAN_POINT('Ctrl Pts',(-0.646223307776005,102.720629883597,
5.51867188576654));
#10783=CARTESIAN_POINT('Ctrl Pts',(-0.422435604074653,102.764232204927,
5.75970370500141));
#10784=CARTESIAN_POINT('Ctrl Pts',(-0.323794193116257,102.776338421714,
5.89621051738948));
#10785=CARTESIAN_POINT('Ctrl Pts',(-0.0835636316721981,102.797373499338,
6.33717116464999));
#10786=CARTESIAN_POINT('Ctrl Pts',(2.22044604925031E-14,102.794,6.67539418560886));
#10787=CARTESIAN_POINT('Ctrl Pts',(2.22044604925031E-14,102.794,7.));
#10788=CARTESIAN_POINT('',(2.22044604925031E-14,109.142071495289,7.));
#10789=CARTESIAN_POINT('',(2.22044604925031E-14,100.,7.));
#10790=CARTESIAN_POINT('Origin',(-1.99999999999998,109.142071495289,7.));
#10791=CARTESIAN_POINT('Origin',(2.22044604925031E-14,100.,12.62395));
#10792=CARTESIAN_POINT('',(2.22044604925031E-14,90.8579285047109,7.));
#10793=CARTESIAN_POINT('',(2.22044604925031E-14,100.,7.));
#10794=CARTESIAN_POINT('',(2.22044604925031E-14,95.1771050195016,17.0688495394984));
#10795=CARTESIAN_POINT('',(2.22044604925031E-14,95.1771050195016,17.0688495394984));
#10796=CARTESIAN_POINT('',(2.22044604925031E-14,104.822894980498,17.0688495394984));
#10797=CARTESIAN_POINT('Origin',(2.22044604925031E-14,100.,15.));
#10798=CARTESIAN_POINT('',(2.22044604925031E-14,110.,5.));
#10799=CARTESIAN_POINT('',(2.22044604925031E-14,97.7521,15.));
#10800=CARTESIAN_POINT('Origin',(2.22044604925031E-14,100.,15.));
#10801=CARTESIAN_POINT('Origin',(-1.99999999999998,100.,7.));
#10802=CARTESIAN_POINT('',(-1.1979335038676,90.0720115169128,5.16787300227797));
#10803=CARTESIAN_POINT('Origin',(-1.99999999999998,90.8579285047109,7.));
#10804=CARTESIAN_POINT('',(-1.99999999999998,98.0489910302615,5.));
#10805=CARTESIAN_POINT('Ctrl Pts',(2.22044604925031E-14,97.206,7.));
#10806=CARTESIAN_POINT('Ctrl Pts',(2.22404989774096E-14,97.206,6.67539418560886));
#10807=CARTESIAN_POINT('Ctrl Pts',(-0.0835636316721981,97.202626500662,
6.33717116464999));
#10808=CARTESIAN_POINT('Ctrl Pts',(-0.323794193116257,97.2236615782858,
5.89621051738948));
#10809=CARTESIAN_POINT('Ctrl Pts',(-0.422435604074652,97.2357677950731,
5.75970370500141));
#10810=CARTESIAN_POINT('Ctrl Pts',(-0.646223307776002,97.2793701164034,
5.51867188576654));
#10811=CARTESIAN_POINT('Ctrl Pts',(-0.771367952892131,97.3110551832506,
5.41417957033392));
#10812=CARTESIAN_POINT('Ctrl Pts',(-1.03717387940883,97.4017009912772,5.23954705359774));
#10813=CARTESIAN_POINT('Ctrl Pts',(-1.19134013164976,97.4667525604882,5.16367644338473));
#10814=CARTESIAN_POINT('Ctrl Pts',(-1.49606019043884,97.6338981450811,5.05782093182497));
#10815=CARTESIAN_POINT('Ctrl Pts',(-1.64624607010872,97.7362739414078,5.02722322644562));
#10816=CARTESIAN_POINT('Ctrl Pts',(-1.85346057093258,97.906857352301,5.00384398512217));
#10817=CARTESIAN_POINT('Ctrl Pts',(-1.92849433510796,97.9756898143255,5.00000000000003));
#10818=CARTESIAN_POINT('Ctrl Pts',(-1.99999999999921,98.0489910302607,5.));
#10819=CARTESIAN_POINT('',(-1.99999999999998,90.2020410288673,5.));
#10820=CARTESIAN_POINT('',(-1.99999999999998,100.,5.));
#10821=CARTESIAN_POINT('Ctrl Pts',(-1.99999999999998,90.2020410288673,5.));
#10822=CARTESIAN_POINT('Ctrl Pts',(-1.75184404584251,90.1513864068407,5.));
#10823=CARTESIAN_POINT('Ctrl Pts',(-1.48486154378039,90.1077279241879,5.04913184811542));
#10824=CARTESIAN_POINT('Ctrl Pts',(-1.22462404154608,90.0752592370008,5.15636142132945));
#10825=CARTESIAN_POINT('Ctrl Pts',(-1.21124769975954,90.0736180378474,5.16204432857733));
#10826=CARTESIAN_POINT('Ctrl Pts',(-1.1979335038676,90.0720115169128,5.16787300227797));
#10827=CARTESIAN_POINT('Origin',(0.,100.,5.));
#10828=CARTESIAN_POINT('',(-10.,100.,5.));
#10829=CARTESIAN_POINT('Origin',(0.,100.,5.));
#10830=CARTESIAN_POINT('Origin',(0.,100.,5.));
#10831=CARTESIAN_POINT('',(-2.794,100.,5.));
#10832=CARTESIAN_POINT('Origin',(0.,100.,5.));
#10833=CARTESIAN_POINT('Origin',(0.,100.,5.));
#10834=CARTESIAN_POINT('Origin',(2.22044604925031E-14,110.,5.));
#10835=CARTESIAN_POINT('Origin',(0.,100.,28.3119658458473));
#10836=CARTESIAN_POINT('',(2.22044604925031E-14,104.822894980498,17.0688495394984));
#10837=CARTESIAN_POINT('Origin',(2.22044604925031E-14,100.,15.));
#10838=CARTESIAN_POINT('',(2.22044604925031E-14,97.7521,15.));
#10839=CARTESIAN_POINT('Origin',(2.22044604925031E-14,95.1771050195016,
17.0688495394984));
#10840=CARTESIAN_POINT('Origin',(0.,100.,28.3119658458472));
#10841=CARTESIAN_POINT('',(2.22044604925031E-14,95.1771050195016,17.0688495394984));
#10842=CARTESIAN_POINT('Origin',(2.22044604925031E-14,100.,15.));
#10843=CARTESIAN_POINT('Origin',(0.,100.,5.));
#10844=CARTESIAN_POINT('Origin',(0.,100.,5.));
#10845=CARTESIAN_POINT('Origin',(0.,100.,0.));
#10846=CARTESIAN_POINT('',(-2.794,100.,0.));
#10847=CARTESIAN_POINT('',(-2.794,100.,0.));
#10848=CARTESIAN_POINT('Origin',(0.,100.,0.));
#10849=CARTESIAN_POINT('Origin',(0.,100.,0.));
#10850=CARTESIAN_POINT('',(-10.,100.,0.));
#10851=CARTESIAN_POINT('',(-10.,100.,0.));
#10852=CARTESIAN_POINT('Origin',(0.,100.,0.));
#10853=CARTESIAN_POINT('Origin',(0.,100.,0.));
#10854=CARTESIAN_POINT('',(0.,0.,0.));
#10855=CARTESIAN_POINT('Ctrl Pts',(2.09963882218112E-14,94.6974017628729,
37.5829465837617));
#10856=CARTESIAN_POINT('Ctrl Pts',(-0.868542988522766,94.6974017628729,
37.5829465837617));
#10857=CARTESIAN_POINT('Ctrl Pts',(-2.81053177786538,94.9942197029441,38.0852207992591));
#10858=CARTESIAN_POINT('Ctrl Pts',(-4.28315456791551,95.7347363365837,38.8957822910863));
#10859=CARTESIAN_POINT('Ctrl Pts',(-4.99999999998532,96.2889542880049,39.3049698763107));
#10860=CARTESIAN_POINT('Ctrl Pts',(2.01276226230007E-14,94.7956438801435,
37.7405990771201));
#10861=CARTESIAN_POINT('Ctrl Pts',(-0.824961839172473,94.7956438801435,
37.7405990771201));
#10862=CARTESIAN_POINT('Ctrl Pts',(-2.66872335982259,95.119366838118,38.2563047821617));
#10863=CARTESIAN_POINT('Ctrl Pts',(-4.0442184091486,95.9106618185649,39.0586813730976));
#10864=CARTESIAN_POINT('Ctrl Pts',(-4.70101654691619,96.4785478203457,39.4449496793354));
#10865=CARTESIAN_POINT('Ctrl Pts',(1.83901382510224E-14,94.9478888692702,
38.0834442103178));
#10866=CARTESIAN_POINT('Ctrl Pts',(-0.737810684458722,94.9478888692702,
38.0834442103178));
#10867=CARTESIAN_POINT('Ctrl Pts',(-2.38491548742833,95.2985728206945,38.6452484192515));
#10868=CARTESIAN_POINT('Ctrl Pts',(-3.56608911209262,96.1432955132947,39.5036311419479));
#10869=CARTESIAN_POINT('Ctrl Pts',(-4.1037642963251,96.7244166427491,39.9045317695021));
#10870=CARTESIAN_POINT('Ctrl Pts',(1.67865062756591E-14,95.,38.4549354647581));
#10871=CARTESIAN_POINT('Ctrl Pts',(-0.657367235732714,95.,38.4549354647581));
#10872=CARTESIAN_POINT('Ctrl Pts',(-2.12571593807086,95.3140416196863,39.0843064116968));
#10873=CARTESIAN_POINT('Ctrl Pts',(-3.19637679981866,96.0799972982231,40.0837923006117));
#10874=CARTESIAN_POINT('Ctrl Pts',(-3.69571307108645,96.6275762751716,40.5772081902697));
#10875=CARTESIAN_POINT('Ctrl Pts',(1.60490643175804E-14,95.,38.6406928933254));
#10876=CARTESIAN_POINT('Ctrl Pts',(-0.620387848944813,95.,38.6406928933254));
#10877=CARTESIAN_POINT('Ctrl Pts',(-2.00752269847523,95.2798797182039,39.3037488804573));
#10878=CARTESIAN_POINT('Ctrl Pts',(-3.0593961199397,95.9781380064284,40.3737772305336));
#10879=CARTESIAN_POINT('Ctrl Pts',(-3.57142857141809,96.5007289388704,40.9139488536665));
#10880=CARTESIAN_POINT('',(-3.57142857141808,96.5007289388704,40.9139488536665));
#10881=CARTESIAN_POINT('',(-4.99999999999008,96.288954288001,39.3049698763077));
#10882=CARTESIAN_POINT('Origin',(-4.99999999998532,95.1010205144186,40.9139488536665));
#10883=CARTESIAN_POINT('',(1.61559676227496E-15,94.6974017628729,37.5829465837617));
#10884=CARTESIAN_POINT('Ctrl Pts',(-4.99999999998532,96.2889542880049,39.3049698763107));
#10885=CARTESIAN_POINT('Ctrl Pts',(-4.28315456791551,95.7347363365837,38.8957822910863));
#10886=CARTESIAN_POINT('Ctrl Pts',(-2.81053177786538,94.9942197029441,38.0852207992591));
#10887=CARTESIAN_POINT('Ctrl Pts',(-0.868542988522766,94.6974017628729,
37.5829465837617));
#10888=CARTESIAN_POINT('Ctrl Pts',(2.09963882218112E-14,94.6974017628729,
37.5829465837617));
#10889=CARTESIAN_POINT('',(1.27021060770255E-15,95.,38.6406928933254));
#10890=CARTESIAN_POINT('Ctrl Pts',(3.23074105241998E-15,94.6974017628729,
37.5829465837617));
#10891=CARTESIAN_POINT('Ctrl Pts',(3.25340780966443E-15,94.7956438801435,
37.7405990771201));
#10892=CARTESIAN_POINT('Ctrl Pts',(3.27598400716882E-15,94.8717663747068,
37.912021643719));
#10893=CARTESIAN_POINT('Ctrl Pts',(3.2977225439714E-15,94.922855404671,
38.0906057406285));
#10894=CARTESIAN_POINT('Ctrl Pts',(3.31946108077398E-15,94.9739444346351,
38.269189837538));
#10895=CARTESIAN_POINT('Ctrl Pts',(3.34036195687476E-15,95.,38.4549354647581));
#10896=CARTESIAN_POINT('Ctrl Pts',(3.35931633944423E-15,95.,38.6406928933254));
#10897=CARTESIAN_POINT('Ctrl Pts',(1.60490643175804E-14,95.,38.6406928933254));
#10898=CARTESIAN_POINT('Ctrl Pts',(-0.620387848944813,95.,38.6406928933254));
#10899=CARTESIAN_POINT('Ctrl Pts',(-2.00752269847523,95.2798797182039,39.3037488804573));
#10900=CARTESIAN_POINT('Ctrl Pts',(-3.0593961199397,95.9781380064284,40.3737772305336));
#10901=CARTESIAN_POINT('Ctrl Pts',(-3.57142857141809,96.5007289388704,40.9139488536665));
#10902=CARTESIAN_POINT('Ctrl Pts',(-5.,96.288954288005,39.3049698763107));
#10903=CARTESIAN_POINT('Ctrl Pts',(-5.,96.6480016766441,39.570060051686));
#10904=CARTESIAN_POINT('Ctrl Pts',(-5.00000000000005,97.2372680632602,39.9209661984895));
#10905=CARTESIAN_POINT('Ctrl Pts',(-5.00000000000003,98.4447291441433,40.370915314528));
#10906=CARTESIAN_POINT('Ctrl Pts',(-5.00000000000013,99.3286042743571,40.52527271388));
#10907=CARTESIAN_POINT('Ctrl Pts',(-5.,99.9932363684209,40.5264977704033));
#10908=CARTESIAN_POINT('Ctrl Pts',(-5.,99.9966166805728,40.5265));
#10909=CARTESIAN_POINT('Ctrl Pts',(-5.,100.,40.5265));
#10910=CARTESIAN_POINT('Ctrl Pts',(-4.70101654692888,96.4785478203475,39.444949679334));
#10911=CARTESIAN_POINT('Ctrl Pts',(-4.72519439737201,96.790213168136,39.74093684957));
#10912=CARTESIAN_POINT('Ctrl Pts',(-4.80245503724603,97.3256205786023,40.1234710099427));
#10913=CARTESIAN_POINT('Ctrl Pts',(-4.94882051876063,98.4953569002866,40.5219111731755));
#10914=CARTESIAN_POINT('Ctrl Pts',(-4.99983549065297,99.3604773355971,40.5853063002863));
#10915=CARTESIAN_POINT('Ctrl Pts',(-4.99999862688226,99.9935579564872,40.5271001642869));
#10916=CARTESIAN_POINT('Ctrl Pts',(-5.,99.9967777910215,40.5268014100505));
#10917=CARTESIAN_POINT('Ctrl Pts',(-5.,100.,40.5265));
#10918=CARTESIAN_POINT('Ctrl Pts',(-4.10376546507824,96.7244145257453,39.9045330858412));
#10919=CARTESIAN_POINT('Ctrl Pts',(-4.22857937259968,96.9781749694835,40.2405586247229));
#10920=CARTESIAN_POINT('Ctrl Pts',(-4.49019870872722,97.4669158718471,40.6175911776217));
#10921=CARTESIAN_POINT('Ctrl Pts',(-4.88048334971786,98.6005158981684,40.8275310379394));
#10922=CARTESIAN_POINT('Ctrl Pts',(-4.99944305384703,99.424357839063,40.704968846768));
#10923=CARTESIAN_POINT('Ctrl Pts',(-4.99999735708192,99.9942006620434,40.528306379845));
#10924=CARTESIAN_POINT('Ctrl Pts',(-5.,99.997100011919,40.5274042301516));
#10925=CARTESIAN_POINT('Ctrl Pts',(-5.,100.,40.5265));
#10926=CARTESIAN_POINT('Ctrl Pts',(-3.69571307108826,96.6275762751734,40.5772081902689));
#10927=CARTESIAN_POINT('Ctrl Pts',(-3.96258095069498,96.9234633717667,40.9226861153191));
#10928=CARTESIAN_POINT('Ctrl Pts',(-4.38752851928199,97.5097147758106,41.2087380615516));
#10929=CARTESIAN_POINT('Ctrl Pts',(-4.87806023618983,98.7059954950349,41.1381477066493));
#10930=CARTESIAN_POINT('Ctrl Pts',(-4.99929036559117,99.487910660728,40.8246359282003));
#10931=CARTESIAN_POINT('Ctrl Pts',(-4.99999775140343,99.9948445160923,40.5295125865545));
#10932=CARTESIAN_POINT('Ctrl Pts',(-5.,99.9974222328164,40.5280070502526));
#10933=CARTESIAN_POINT('Ctrl Pts',(-5.,100.,40.5265));
#10934=CARTESIAN_POINT('Ctrl Pts',(-3.57142857141809,96.5007289388704,40.9139488536665));
#10935=CARTESIAN_POINT('Ctrl Pts',(-3.90314629028645,96.8392869179799,41.263896397241));
#10936=CARTESIAN_POINT('Ctrl Pts',(-4.39166938980985,97.5043700582792,41.5042324967151));
#10937=CARTESIAN_POINT('Ctrl Pts',(-4.8921675136126,98.7585849862699,41.2932602971188));
#10938=CARTESIAN_POINT('Ctrl Pts',(-4.99917146287863,99.5198288329489,40.8844387134538));
#10939=CARTESIAN_POINT('Ctrl Pts',(-4.99999872404728,99.9951659439967,40.5301157978394));
#10940=CARTESIAN_POINT('Ctrl Pts',(-5.,99.9975833432651,40.5283084603032));
#10941=CARTESIAN_POINT('Ctrl Pts',(-5.,100.,40.5265));
#10942=CARTESIAN_POINT('',(-5.,100.,40.5265));
#10943=CARTESIAN_POINT('Ctrl Pts',(-3.57142857141809,96.5007289388704,40.9139488536665));
#10944=CARTESIAN_POINT('Ctrl Pts',(-3.90314629028645,96.8392869179799,41.263896397241));
#10945=CARTESIAN_POINT('Ctrl Pts',(-4.39166938980985,97.5043700582792,41.5042324967151));
#10946=CARTESIAN_POINT('Ctrl Pts',(-4.8921675136126,98.7585849862699,41.2932602971188));
#10947=CARTESIAN_POINT('Ctrl Pts',(-4.99917146287863,99.5198288329489,40.8844387134538));
#10948=CARTESIAN_POINT('Ctrl Pts',(-4.99999872404728,99.9951659439967,40.5301157978394));
#10949=CARTESIAN_POINT('Ctrl Pts',(-5.,99.9975833432651,40.5283084603032));
#10950=CARTESIAN_POINT('Ctrl Pts',(-5.,100.,40.5265));
#10951=CARTESIAN_POINT('Origin',(-5.,100.,34.2786));
#10952=CARTESIAN_POINT('Ctrl Pts',(-4.99999999998569,103.711045711995,39.3049698763109));
#10953=CARTESIAN_POINT('Ctrl Pts',(-4.28310203583052,104.265304277785,38.8957523048772));
#10954=CARTESIAN_POINT('Ctrl Pts',(-2.81091800625462,105.005639838967,38.0853888649868));
#10955=CARTESIAN_POINT('Ctrl Pts',(-0.86869780037121,105.302598237127,37.5829465837617));
#10956=CARTESIAN_POINT('Ctrl Pts',(5.55111512312578E-16,105.302598237127,
37.5829465837617));
#10957=CARTESIAN_POINT('Ctrl Pts',(-4.70101654691653,103.521452179654,39.4449496793356));
#10958=CARTESIAN_POINT('Ctrl Pts',(-4.0441702774677,104.08937979743,39.0586530664661));
#10959=CARTESIAN_POINT('Ctrl Pts',(-2.66908636971567,104.880483599658,38.2564736374837));
#10960=CARTESIAN_POINT('Ctrl Pts',(-0.825108882979065,105.204356119856,
37.7405990771201));
#10961=CARTESIAN_POINT('Ctrl Pts',(4.82578868359415E-16,105.204356119856,
37.7405990771201));
#10962=CARTESIAN_POINT('Ctrl Pts',(-4.10376607854861,103.27558658548,39.9045337767941));
#10963=CARTESIAN_POINT('Ctrl Pts',(-3.56605149223946,103.85675030083,39.503603770318));
#10964=CARTESIAN_POINT('Ctrl Pts',(-2.38523175672195,104.701267751201,38.6454291298715));
#10965=CARTESIAN_POINT('Ctrl Pts',(-0.737942194167942,105.05211136922,38.0834442785446));
#10966=CARTESIAN_POINT('Ctrl Pts',(3.37522823230068E-16,105.05211136922,
38.0834442785446));
#10967=CARTESIAN_POINT('Ctrl Pts',(-3.6957130710867,103.372423724828,40.5772081902699));
#10968=CARTESIAN_POINT('Ctrl Pts',(-3.19634020730612,103.920042829626,40.0837561419584));
#10969=CARTESIAN_POINT('Ctrl Pts',(-2.12600164701241,104.685813678109,39.0845146309688));
#10970=CARTESIAN_POINT('Ctrl Pts',(-0.657484406947297,105.,38.4549354647581));
#10971=CARTESIAN_POINT('Ctrl Pts',(2.03652166655127E-16,105.,38.4549354647581));
#10972=CARTESIAN_POINT('Ctrl Pts',(-3.57142857141835,103.499271061129,40.9139488536668));
#10973=CARTESIAN_POINT('Ctrl Pts',(-3.05935859702181,104.021900290239,40.3737376455123));
#10974=CARTESIAN_POINT('Ctrl Pts',(-2.00779857589611,104.719987839093,39.3039707452943));
#10975=CARTESIAN_POINT('Ctrl Pts',(-0.620498428836572,105.,38.6406928933254));
#10976=CARTESIAN_POINT('Ctrl Pts',(1.42093647799158E-16,105.,38.6406928933254));
#10977=CARTESIAN_POINT('',(-4.99999999999033,103.711045711999,39.304969876308));
#10978=CARTESIAN_POINT('',(-3.57142857141834,103.499271061129,40.9139488536668));
#10979=CARTESIAN_POINT('Origin',(-4.99999999998568,104.898979485581,40.9139488536668));
#10980=CARTESIAN_POINT('',(3.98986399474666E-16,105.,38.6406928933254));
#10981=CARTESIAN_POINT('Ctrl Pts',(-3.57142857141835,103.499271061129,40.9139488536668));
#10982=CARTESIAN_POINT('Ctrl Pts',(-3.05935859702181,104.021900290239,40.3737376455123));
#10983=CARTESIAN_POINT('Ctrl Pts',(-2.00779857589611,104.719987839093,39.3039707452943));
#10984=CARTESIAN_POINT('Ctrl Pts',(-0.620498428836572,105.,38.6406928933254));
#10985=CARTESIAN_POINT('Ctrl Pts',(1.42093647799158E-16,105.,38.6406928933254));
#10986=CARTESIAN_POINT('',(2.77555756156289E-16,105.302598237127,37.5829465837617));
#10987=CARTESIAN_POINT('Ctrl Pts',(8.02309607639273E-17,105.,38.6406928933254));
#10988=CARTESIAN_POINT('Ctrl Pts',(1.41669083871439E-16,105.,38.4549354647581));
#10989=CARTESIAN_POINT('Ctrl Pts',(2.08166817117217E-16,105.02605568461,
38.2691898716514));
#10990=CARTESIAN_POINT('Ctrl Pts',(2.77555756156289E-16,105.077144714574,
38.0906057747419));
#10991=CARTESIAN_POINT('Ctrl Pts',(4.16333634234434E-16,105.128233744538,
37.9120216778323));
#10992=CARTESIAN_POINT('Ctrl Pts',(4.85722573273506E-16,105.204356119856,
37.7405990771201));
#10993=CARTESIAN_POINT('Ctrl Pts',(5.55111512312578E-16,105.302598237127,
37.5829465837617));
#10994=CARTESIAN_POINT('Ctrl Pts',(5.55111512312578E-16,105.302598237127,
37.5829465837617));
#10995=CARTESIAN_POINT('Ctrl Pts',(-0.86869780037121,105.302598237127,37.5829465837617));
#10996=CARTESIAN_POINT('Ctrl Pts',(-2.81091800625462,105.005639838967,38.0853888649868));
#10997=CARTESIAN_POINT('Ctrl Pts',(-4.28310203583052,104.265304277785,38.8957523048772));
#10998=CARTESIAN_POINT('Ctrl Pts',(-4.99999999998569,103.711045711995,39.3049698763109));
#10999=CARTESIAN_POINT('Ctrl Pts',(-5.,100.000000000043,40.5265));
#11000=CARTESIAN_POINT('Ctrl Pts',(-5.,100.003383319442,40.5265));
#11001=CARTESIAN_POINT('Ctrl Pts',(-5.,100.006763282307,40.5264979232325));
#11002=CARTESIAN_POINT('Ctrl Pts',(-4.99999999999993,100.671495190385,40.5252294713838));
#11003=CARTESIAN_POINT('Ctrl Pts',(-4.99999999999999,101.555754662579,40.3710263502926));
#11004=CARTESIAN_POINT('Ctrl Pts',(-4.99999999999998,102.763471930519,39.9204326619107));
#11005=CARTESIAN_POINT('Ctrl Pts',(-5.,103.351998323355,39.5700600516865));
#11006=CARTESIAN_POINT('Ctrl Pts',(-5.,103.711045711995,39.3049698763109));
#11007=CARTESIAN_POINT('Ctrl Pts',(-5.,100.00000000004,40.526500000006));
#11008=CARTESIAN_POINT('Ctrl Pts',(-5.00000165068146,100.003057311771,40.5271158296391));
#11009=CARTESIAN_POINT('Ctrl Pts',(-4.99999412588497,100.006125706723,40.5276874404597));
#11010=CARTESIAN_POINT('Ctrl Pts',(-5.00110278209383,100.606245748845,40.6478048637382));
#11011=CARTESIAN_POINT('Ctrl Pts',(-4.89700230064586,101.454235707766,40.6726642765823));
#11012=CARTESIAN_POINT('Ctrl Pts',(-4.60506127932315,102.586100946256,40.326005538094));
#11013=CARTESIAN_POINT('Ctrl Pts',(-4.44862285317583,103.068969711371,39.9125048296639));
#11014=CARTESIAN_POINT('Ctrl Pts',(-4.40203309385779,103.33185864731,39.5849294823575));
#11015=CARTESIAN_POINT('Ctrl Pts',(-5.,100.000000000037,40.5265000000119));
#11016=CARTESIAN_POINT('Ctrl Pts',(-4.99999504354552,100.002744183997,40.5277028470142));
#11017=CARTESIAN_POINT('Ctrl Pts',(-5.00000218356167,100.005470591926,40.5289123390248));
#11018=CARTESIAN_POINT('Ctrl Pts',(-4.99940273454241,100.545106662283,40.7647637898963));
#11019=CARTESIAN_POINT('Ctrl Pts',(-4.86064451357053,101.346224469802,40.9811678406155));
#11020=CARTESIAN_POINT('Ctrl Pts',(-4.38245407927473,102.485413135368,40.9134265954222));
#11021=CARTESIAN_POINT('Ctrl Pts',(-4.01692739984105,102.992509780496,40.5795073663707));
#11022=CARTESIAN_POINT('Ctrl Pts',(-3.81999757075857,103.245576388523,40.2404675268715));
#11023=CARTESIAN_POINT('Ctrl Pts',(-5.,100.000000000034,40.5265000000179));
#11024=CARTESIAN_POINT('Ctrl Pts',(-5.,100.002416656729,40.5283084603187));
#11025=CARTESIAN_POINT('Ctrl Pts',(-4.99999876105605,100.004833820536,40.5301157415414));
#11026=CARTESIAN_POINT('Ctrl Pts',(-4.999159953978,100.480238044263,40.8844537324208));
#11027=CARTESIAN_POINT('Ctrl Pts',(-4.89098895913275,101.241535283266,41.2921538810447));
#11028=CARTESIAN_POINT('Ctrl Pts',(-4.39231027214353,102.49627051529,41.5051147713431));
#11029=CARTESIAN_POINT('Ctrl Pts',(-3.90314629028642,103.16071308202,41.2638963972407));
#11030=CARTESIAN_POINT('Ctrl Pts',(-3.57142857141833,103.499271061129,40.9139488536668));
#11031=CARTESIAN_POINT('Origin',(-5.,100.,34.2786));
#11032=CARTESIAN_POINT('Ctrl Pts',(-5.,100.000000000034,40.5265000000179));
#11033=CARTESIAN_POINT('Ctrl Pts',(-5.,100.002416656729,40.5283084603187));
#11034=CARTESIAN_POINT('Ctrl Pts',(-4.99999876105605,100.004833820536,40.5301157415414));
#11035=CARTESIAN_POINT('Ctrl Pts',(-4.999159953978,100.480238044263,40.8844537324208));
#11036=CARTESIAN_POINT('Ctrl Pts',(-4.89098895913275,101.241535283266,41.2921538810447));
#11037=CARTESIAN_POINT('Ctrl Pts',(-4.39231027214353,102.49627051529,41.5051147713431));
#11038=CARTESIAN_POINT('Ctrl Pts',(-3.90314629028642,103.16071308202,41.2638963972407));
#11039=CARTESIAN_POINT('Ctrl Pts',(-3.57142857141833,103.499271061129,40.9139488536668));
#11040=CARTESIAN_POINT('Origin',(0.,100.,34.2786));
#11041=CARTESIAN_POINT('Origin',(-5.,100.,34.2786));
#11042=CARTESIAN_POINT('Origin',(0.,100.,34.2786));
#11043=CARTESIAN_POINT('Ctrl Pts',(3.46944695195361E-17,97.7274578983741,
40.0985490381221));
#11044=CARTESIAN_POINT('Ctrl Pts',(0.226395687844808,97.7274578983741,40.0985490381221));
#11045=CARTESIAN_POINT('Ctrl Pts',(0.678370633264426,97.7676020221825,40.1136173068405));
#11046=CARTESIAN_POINT('Ctrl Pts',(1.96135829821261,98.1048668368659,40.2434543409365));
#11047=CARTESIAN_POINT('Ctrl Pts',(3.02646545230814,99.1122830248698,40.5350283481667));
#11048=CARTESIAN_POINT('Ctrl Pts',(3.02382485104277,100.531312353011,40.5323040223352));
#11049=CARTESIAN_POINT('Ctrl Pts',(2.42020914234742,101.467116708695,40.3711945512989));
#11050=CARTESIAN_POINT('Ctrl Pts',(1.35519290764295,102.113327869244,40.1642135817155));
#11051=CARTESIAN_POINT('Ctrl Pts',(0.452746006910697,102.272542101626,40.0985490381221));
#11052=CARTESIAN_POINT('Ctrl Pts',(-9.0205620750794E-16,102.272542101626,
40.0985490381221));
#11053=CARTESIAN_POINT('Ctrl Pts',(-1.30302891201518E-16,97.3827009956282,
39.963930234558));
#11054=CARTESIAN_POINT('Ctrl Pts',(0.256406532022082,97.3827009956282,39.963930234558));
#11055=CARTESIAN_POINT('Ctrl Pts',(0.768181062433508,97.4308118225846,39.984583125215));
#11056=CARTESIAN_POINT('Ctrl Pts',(2.20348398612558,97.8393028290356,40.1644201087212));
#11057=CARTESIAN_POINT('Ctrl Pts',(3.326994445063,98.9991010321304,40.5389826210286));
#11058=CARTESIAN_POINT('Ctrl Pts',(3.32449689802319,100.599414551305,40.5337669112431));
#11059=CARTESIAN_POINT('Ctrl Pts',(2.68707674495697,101.665262112074,40.3302280318761));
#11060=CARTESIAN_POINT('Ctrl Pts',(1.53173021781189,102.421977534397,40.0559992115905));
#11061=CARTESIAN_POINT('Ctrl Pts',(0.51276168121362,102.617299004372,39.963930234558));
#11062=CARTESIAN_POINT('Ctrl Pts',(-1.05656735225076E-15,102.617299004372,
39.963930234558));
#11063=CARTESIAN_POINT('Ctrl Pts',(-4.58841849696134E-16,96.6195030770803,
39.8923742969717));
#11064=CARTESIAN_POINT('Ctrl Pts',(0.316248199380897,96.6195030770803,39.8923742969717));
#11065=CARTESIAN_POINT('Ctrl Pts',(0.947237306903687,96.6855114286177,39.9219358424719));
#11066=CARTESIAN_POINT('Ctrl Pts',(2.68637153158287,97.2567191907433,40.1819790699178));
#11067=CARTESIAN_POINT('Ctrl Pts',(3.92698701802565,98.7565395367269,40.6821322259614));
#11068=CARTESIAN_POINT('Ctrl Pts',(3.92475545434532,100.74550566969,40.6725460007649));
#11069=CARTESIAN_POINT('Ctrl Pts',(3.21958608337482,102.09662247865,40.4060016307582));
#11070=CARTESIAN_POINT('Ctrl Pts',(1.88368060315431,103.103033274349,40.0271109369833));
#11071=CARTESIAN_POINT('Ctrl Pts',(0.632433023903482,103.38049692292,39.8923742969717));
#11072=CARTESIAN_POINT('Ctrl Pts',(-1.35690786083446E-15,103.38049692292,
39.8923742969717));
#11073=CARTESIAN_POINT('Ctrl Pts',(-8.64329462891592E-16,95.4100103235612,
40.4892319781881));
#11074=CARTESIAN_POINT('Ctrl Pts',(0.389806874673249,95.4100103235612,40.4892319781881));
#11075=CARTESIAN_POINT('Ctrl Pts',(1.16739400565037,95.5016603739589,40.5218699428691));
#11076=CARTESIAN_POINT('Ctrl Pts',(3.30122008671437,96.3016652145571,40.8093783493737));
#11077=CARTESIAN_POINT('Ctrl Pts',(4.7737873620549,98.3442732558817,41.3529660026139));
#11078=CARTESIAN_POINT('Ctrl Pts',(4.77059820709175,100.993459011502,41.3419349738173));
#11079=CARTESIAN_POINT('Ctrl Pts',(3.93456931920394,102.813978341783,41.0534799830008));
#11080=CARTESIAN_POINT('Ctrl Pts',(2.32045257894078,104.199678721514,40.6386339949634));
#11081=CARTESIAN_POINT('Ctrl Pts',(0.779535633627582,104.589989676439,40.4892319781881));
#11082=CARTESIAN_POINT('Ctrl Pts',(-1.70207284070735E-15,104.589989676439,
40.4892319781881));
#11083=CARTESIAN_POINT('Ctrl Pts',(-8.85874067754737E-16,95.,41.4063974866098));
#11084=CARTESIAN_POINT('Ctrl Pts',(0.39415200082992,95.,41.4063974866098));
#11085=CARTESIAN_POINT('Ctrl Pts',(1.18040423956718,95.0937863940768,41.4311939846927));
#11086=CARTESIAN_POINT('Ctrl Pts',(3.37706064051902,95.9019194063123,41.6474765101385));
#11087=CARTESIAN_POINT('Ctrl Pts',(5.04333225971831,98.1262258586853,42.0933030824228));
#11088=CARTESIAN_POINT('Ctrl Pts',(5.03853397541711,101.122747683804,42.0868051106101));
#11089=CARTESIAN_POINT('Ctrl Pts',(4.09517425668156,103.143674776211,41.845105455274));
#11090=CARTESIAN_POINT('Ctrl Pts',(2.352691985037,104.613006896573,41.5172596212048));
#11091=CARTESIAN_POINT('Ctrl Pts',(0.788225015195242,105.,41.4063974866098));
#11092=CARTESIAN_POINT('Ctrl Pts',(-1.68743311047613E-15,105.,41.4063974866098));
#11093=CARTESIAN_POINT('Ctrl Pts',(-7.95852592804175E-16,95.,41.961558701568));
#11094=CARTESIAN_POINT('Ctrl Pts',(0.377326146408014,95.,41.961558701568));
#11095=CARTESIAN_POINT('Ctrl Pts',(1.13061772210749,95.0883242686235,41.9814504369612));
#11096=CARTESIAN_POINT('Ctrl Pts',(3.26893049702079,95.8303673190954,42.152849286738));
#11097=CARTESIAN_POINT('Ctrl Pts',(5.04410908718006,98.0468635223633,42.5377583368562));
#11098=CARTESIAN_POINT('Ctrl Pts',(5.03970808507119,101.168982419799,42.5341619337406));
#11099=CARTESIAN_POINT('Ctrl Pts',(4.03368190391232,103.227919754809,42.3214801036601));
#11100=CARTESIAN_POINT('Ctrl Pts',(2.25865484607169,104.64970014798,42.0482429617361));
#11101=CARTESIAN_POINT('Ctrl Pts',(0.754576678184509,105.,41.961558701568));
#11102=CARTESIAN_POINT('Ctrl Pts',(-1.58519110922269E-15,105.,41.961558701568));
#11103=CARTESIAN_POINT('',(-9.71445146547012E-16,105.,41.961558701568));
#11104=CARTESIAN_POINT('',(-4.5102810375397E-16,102.272542101626,40.0985490381221));
#11105=CARTESIAN_POINT('Ctrl Pts',(-1.66533453693773E-15,105.,41.961558701568));
#11106=CARTESIAN_POINT('Ctrl Pts',(-1.75785312232316E-15,105.,41.4063974866098));
#11107=CARTESIAN_POINT('Ctrl Pts',(-1.75785312232316E-15,104.753993805863,
40.8560981815568));
#11108=CARTESIAN_POINT('Ctrl Pts',(-1.66533453693773E-15,104.344578905875,
40.4825007700799));
#11109=CARTESIAN_POINT('Ctrl Pts',(-1.31549863594908E-15,104.071635639216,
40.2334358290954));
#11110=CARTESIAN_POINT('Ctrl Pts',(-1.22587125635694E-15,103.726066281068,
40.0629050630335));
#11111=CARTESIAN_POINT('Ctrl Pts',(-1.11022302462516E-15,103.362482122357,
39.9955286643992));
#11112=CARTESIAN_POINT('Ctrl Pts',(-1.15214550862793E-15,102.998897963646,
39.9281522657648));
#11113=CARTESIAN_POINT('Ctrl Pts',(-9.94574792893369E-16,102.617299004372,
39.963930234558));
#11114=CARTESIAN_POINT('Ctrl Pts',(-8.32667268468867E-16,102.272542101626,
40.0985490381221));
#11115=CARTESIAN_POINT('',(-2.08166817117217E-16,95.,41.961558701568));
#11116=CARTESIAN_POINT('Ctrl Pts',(5.89805981832114E-15,105.,41.961558701568));
#11117=CARTESIAN_POINT('Ctrl Pts',(0.0891999374613377,105.,41.961558701568));
#11118=CARTESIAN_POINT('Ctrl Pts',(0.178397200351474,104.997552021816,41.9621185978835));
#11119=CARTESIAN_POINT('Ctrl Pts',(0.267440347477462,104.992695771433,41.9632343587343));
#11120=CARTESIAN_POINT('Ctrl Pts',(0.582800733771322,104.975496592763,41.9671860022268));
#11121=CARTESIAN_POINT('Ctrl Pts',(0.895977124628061,104.928113425627,41.9784334790783));
#11122=CARTESIAN_POINT('Ctrl Pts',(1.20134617444689,104.852479424364,41.9955360550319));
#11123=CARTESIAN_POINT('Ctrl Pts',(1.50671522426572,104.7768454231,42.0126386309855));
#11124=CARTESIAN_POINT('Ctrl Pts',(1.80427831516812,104.672960848113,42.0355963954274));
#11125=CARTESIAN_POINT('Ctrl Pts',(2.088417669818,104.542698700938,42.0629764815961));
#11126=CARTESIAN_POINT('Ctrl Pts',(2.11860145661438,104.528861107469,42.0658850356907));
#11127=CARTESIAN_POINT('Ctrl Pts',(2.14863475743455,104.514725334963,42.0688408598046));
#11128=CARTESIAN_POINT('Ctrl Pts',(2.17851060377294,104.500293630691,42.0718423758307));
#11129=CARTESIAN_POINT('Ctrl Pts',(2.42043665913464,104.383429818801,42.0961477937953));
#11130=CARTESIAN_POINT('Ctrl Pts',(2.65203766687378,104.247156688641,42.123450552864));
#11131=CARTESIAN_POINT('Ctrl Pts',(2.87099821385294,104.0935104622,42.1522280693177));
#11132=CARTESIAN_POINT('Ctrl Pts',(3.0901657167244,103.939719013287,42.1810327855417));
#11133=CARTESIAN_POINT('Ctrl Pts',(3.29666694628778,103.768522468348,42.2113146448774));
#11134=CARTESIAN_POINT('Ctrl Pts',(3.48820172831124,103.582007510633,42.2415352418117));
#11135=CARTESIAN_POINT('Ctrl Pts',(3.55337910174405,103.518538333278,42.2518190091303));
#11136=CARTESIAN_POINT('Ctrl Pts',(3.61682370970207,103.453295642217,42.2620956149283));
#11137=CARTESIAN_POINT('Ctrl Pts',(3.67844601586908,103.386362500051,42.272304301577));
#11138=CARTESIAN_POINT('Ctrl Pts',(3.75717300455725,103.300850531189,42.2853466430325));
#11139=CARTESIAN_POINT('Ctrl Pts',(3.8329384049736,103.212565873416,42.298290998769));
#11140=CARTESIAN_POINT('Ctrl Pts',(3.90556067023896,103.121670380066,42.3109993444776));
#11141=CARTESIAN_POINT('Ctrl Pts',(4.08000299667325,102.903334842548,42.3415254287636));
#11142=CARTESIAN_POINT('Ctrl Pts',(4.23631339662777,102.669935707183,42.3706894076158));
#11143=CARTESIAN_POINT('Ctrl Pts',(4.3724258076625,102.4245480275,42.3970678453039));
#11144=CARTESIAN_POINT('Ctrl Pts',(4.48563001748919,102.22045996405,42.4190066984345));
#11145=CARTESIAN_POINT('Ctrl Pts',(4.58486209634075,102.008078180766,42.439019169367));
#11146=CARTESIAN_POINT('Ctrl Pts',(4.66890573328923,101.789175016175,42.4562862772048));
#11147=CARTESIAN_POINT('Ctrl Pts',(4.7521851085128,101.572262475934,42.4733963643554));
#11148=CARTESIAN_POINT('Ctrl Pts',(4.82043758897888,101.349241791297,42.4879046080506));
#11149=CARTESIAN_POINT('Ctrl Pts',(4.87258963448873,101.121864055193,42.4990453468015));
#11150=CARTESIAN_POINT('Ctrl Pts',(4.93529777046916,100.84846281359,42.5124410814017));
#11151=CARTESIAN_POINT('Ctrl Pts',(4.97473003463974,100.568763187164,42.5209693575171));
#11152=CARTESIAN_POINT('Ctrl Pts',(4.99088481372747,100.28769463802,42.5244897848559));
#11153=CARTESIAN_POINT('Ctrl Pts',(4.99639126328027,100.191890803234,42.5256897428027));
#11154=CARTESIAN_POINT('Ctrl Pts',(4.99919292150489,100.095927618013,42.5263078157046));
#11155=CARTESIAN_POINT('Ctrl Pts',(4.99928872078459,99.9999994944311,42.5263382090725));
#11156=CARTESIAN_POINT('Ctrl Pts',(4.99957369521591,99.714641790793,42.5264286203237));
#11157=CARTESIAN_POINT('Ctrl Pts',(4.9759182405012,99.428937368315,42.5211277491176));
#11158=CARTESIAN_POINT('Ctrl Pts',(4.92794559024098,99.1480633672274,42.5107208766619));
#11159=CARTESIAN_POINT('Ctrl Pts',(4.91239076921239,99.0569917921778,42.507346515695));
#11160=CARTESIAN_POINT('Ctrl Pts',(4.89427907126532,98.9664279746544,42.5034353313763));
#11161=CARTESIAN_POINT('Ctrl Pts',(4.87359620774731,98.8765486416355,42.4989973135342));
#11162=CARTESIAN_POINT('Ctrl Pts',(4.84427337990201,98.749123529215,42.49270537852));
#11163=CARTESIAN_POINT('Ctrl Pts',(4.80978263658617,98.6230741672991,42.4853542642515));
#11164=CARTESIAN_POINT('Ctrl Pts',(4.77032280698875,98.4986757631138,42.4771388540832));
#11165=CARTESIAN_POINT('Ctrl Pts',(4.70650343495197,98.2974831041874,42.4638518651804));
#11166=CARTESIAN_POINT('Ctrl Pts',(4.62981124874542,98.1010160641805,42.4479156376997));
#11167=CARTESIAN_POINT('Ctrl Pts',(4.54130843332369,97.910528835278,42.4300430235432));
#11168=CARTESIAN_POINT('Ctrl Pts',(4.45129234627685,97.716784547071,42.4118648132343));
#11169=CARTESIAN_POINT('Ctrl Pts',(4.34905915735389,97.5292267647382,42.3916836268465));
#11170=CARTESIAN_POINT('Ctrl Pts',(4.23575711396641,97.3491317663833,42.3702511911589));
#11171=CARTESIAN_POINT('Ctrl Pts',(4.19091763812744,97.2778588653303,42.3617692683846));
#11172=CARTESIAN_POINT('Ctrl Pts',(4.14434482779904,97.2077542719097,42.3530913771417));
#11173=CARTESIAN_POINT('Ctrl Pts',(4.09611073545507,97.1388950165387,42.3442640619887));
#11174=CARTESIAN_POINT('Ctrl Pts',(3.98010991729827,96.9732916108864,42.3230347668966));
#11175=CARTESIAN_POINT('Ctrl Pts',(3.85442341066857,96.8147723891173,42.3009269715792));
#11176=CARTESIAN_POINT('Ctrl Pts',(3.7198852389183,96.6642891300929,42.2785029115482));
#11177=CARTESIAN_POINT('Ctrl Pts',(3.5855494828953,96.5140322765408,42.2561125890235));
#11178=CARTESIAN_POINT('Ctrl Pts',(3.44238809650906,96.3717865189176,42.2334065332022));
#11179=CARTESIAN_POINT('Ctrl Pts',(3.29119104263112,96.2385314598854,42.2109407207219));
#11180=CARTESIAN_POINT('Ctrl Pts',(3.14342494522063,96.1083002184137,42.1889847014065));
#11181=CARTESIAN_POINT('Ctrl Pts',(2.98798314758158,95.9866557566183,42.1672577584093));
#11182=CARTESIAN_POINT('Ctrl Pts',(2.82557329241833,95.874551968865,42.1462812629644));
#11183=CARTESIAN_POINT('Ctrl Pts',(2.78364543272877,95.8456111642638,42.1408659539186));
#11184=CARTESIAN_POINT('Ctrl Pts',(2.74125304014358,95.817306448068,42.1355006893272));
#11185=CARTESIAN_POINT('Ctrl Pts',(2.69840802733843,95.7896547378816,42.1301945146803));
#11186=CARTESIAN_POINT('Ctrl Pts',(2.53177832801209,95.6821137231277,42.1095581271968));
#11187=CARTESIAN_POINT('Ctrl Pts',(2.35845401616729,95.5845487191241,42.0899881971526));
#11188=CARTESIAN_POINT('Ctrl Pts',(2.1792801068376,95.4979710368216,42.0719790361272));
#11189=CARTESIAN_POINT('Ctrl Pts',(1.93724991820965,95.381020902413,42.0476520531623));
#11190=CARTESIAN_POINT('Ctrl Pts',(1.68454824312262,95.2841215923932,42.0261740681693));
#11191=CARTESIAN_POINT('Ctrl Pts',(1.42512359419653,95.2077119166146,42.0088905490364));
#11192=CARTESIAN_POINT('Ctrl Pts',(1.32451358906985,95.1780787344801,42.0021876587915));
#11193=CARTESIAN_POINT('Ctrl Pts',(1.22289219723997,95.1515268189137,41.9961153572152));
#11194=CARTESIAN_POINT('Ctrl Pts',(1.12048836178427,95.1280802884111,41.9907512705476));
#11195=CARTESIAN_POINT('Ctrl Pts',(1.08124480654487,95.1190950271574,41.9886956265328));
#11196=CARTESIAN_POINT('Ctrl Pts',(1.04188632996086,95.1105658177714,41.9867439877481));
#11197=CARTESIAN_POINT('Ctrl Pts',(1.00242457123463,95.1024979841475,41.9848965527999));
#11198=CARTESIAN_POINT('Ctrl Pts',(0.82699770671546,95.0666325082594,41.9766837987098));
#11199=CARTESIAN_POINT('Ctrl Pts',(0.64938430684836,95.0398594656004,41.9705908946137));
#11200=CARTESIAN_POINT('Ctrl Pts',(0.470718784933425,95.0226918853139,41.9666950248505));
#11201=CARTESIAN_POINT('Ctrl Pts',(0.314362877534416,95.0076679872234,41.9632856247301));
#11202=CARTESIAN_POINT('Ctrl Pts',(0.157201859559791,95.,41.961558701568));
#11203=CARTESIAN_POINT('Ctrl Pts',(-7.95852592804175E-16,95.,41.961558701568));
#11204=CARTESIAN_POINT('',(1.73472347597681E-17,97.7274578983741,40.0985490381221));
#11205=CARTESIAN_POINT('Ctrl Pts',(3.46944695195361E-17,97.7274578983741,
40.0985490381221));
#11206=CARTESIAN_POINT('Ctrl Pts',(-1.30302891201518E-16,97.3827009956282,
39.963930234558));
#11207=CARTESIAN_POINT('Ctrl Pts',(-2.94572370448826E-16,97.0011020363542,
39.9281522657648));
#11208=CARTESIAN_POINT('Ctrl Pts',(-4.34633911957545E-16,96.6375178776431,
39.9955286643992));
#11209=CARTESIAN_POINT('Ctrl Pts',(-5.74695453466265E-16,96.2739337189319,
40.0629050630335));
#11210=CARTESIAN_POINT('Ctrl Pts',(-6.90549057236395E-16,95.9283643607836,
40.2334358290954));
#11211=CARTESIAN_POINT('Ctrl Pts',(-7.63508356276577E-16,95.6554210941249,
40.4825007700799));
#11212=CARTESIAN_POINT('Ctrl Pts',(-8.7294730483685E-16,95.2460061941367,
40.8560981815568));
#11213=CARTESIAN_POINT('Ctrl Pts',(-8.85874067754737E-16,95.,41.4063974866098));
#11214=CARTESIAN_POINT('Ctrl Pts',(-7.95852592804175E-16,95.,41.961558701568));
#11215=CARTESIAN_POINT('Ctrl Pts',(3.46944695195361E-17,97.7274578983741,
40.0985490381221));
#11216=CARTESIAN_POINT('Ctrl Pts',(0.226395687844808,97.7274578983741,40.0985490381221));
#11217=CARTESIAN_POINT('Ctrl Pts',(0.678370633264426,97.7676020221825,40.1136173068405));
#11218=CARTESIAN_POINT('Ctrl Pts',(1.96135829821261,98.1048668368659,40.2434543409365));
#11219=CARTESIAN_POINT('Ctrl Pts',(3.02646545230814,99.1122830248698,40.5350283481667));
#11220=CARTESIAN_POINT('Ctrl Pts',(3.02382485104277,100.531312353011,40.5323040223352));
#11221=CARTESIAN_POINT('Ctrl Pts',(2.42020914234742,101.467116708695,40.3711945512989));
#11222=CARTESIAN_POINT('Ctrl Pts',(1.35519290764295,102.113327869244,40.1642135817155));
#11223=CARTESIAN_POINT('Ctrl Pts',(0.452746006910697,102.272542101626,40.0985490381221));
#11224=CARTESIAN_POINT('Ctrl Pts',(-9.0205620750794E-16,102.272542101626,
40.0985490381221));
#11225=CARTESIAN_POINT('Origin',(0.,100.,34.2786));
#11226=CARTESIAN_POINT('Origin',(0.,100.,34.2786));
#11227=CARTESIAN_POINT('Origin',(0.,100.,34.2786));
#11228=CARTESIAN_POINT('',(0.,105.,34.2786));
#11229=CARTESIAN_POINT('',(0.,95.,34.2786));
#11230=CARTESIAN_POINT('',(0.,102.2479,34.2786));
#11231=CARTESIAN_POINT('Origin',(0.,100.,34.2786));
#11232=CARTESIAN_POINT('Origin',(0.,100.,34.2786));
#11233=CARTESIAN_POINT('',(-5.,99.9999999999999,184.2786));
#11234=CARTESIAN_POINT('Origin',(0.,99.9999999999999,184.2786));
#11235=CARTESIAN_POINT('',(-5.,100.,34.2786));
#11236=CARTESIAN_POINT('Origin',(0.,99.9999999999999,184.2786));
#11237=CARTESIAN_POINT('Origin',(0.,100.,34.2786));
#11238=CARTESIAN_POINT('',(-5.,102.2479,34.2786));
#11239=CARTESIAN_POINT('Origin',(-5.,100.,34.2786));
#11240=CARTESIAN_POINT('',(0.,102.2479,34.2786));
#11241=CARTESIAN_POINT('Origin',(-5.,100.,34.2786));
#11242=CARTESIAN_POINT('',(0.,0.,0.));
#11243=CARTESIAN_POINT('Origin',(-64.00959079145,-55.615108169522,-6.06759781748135));
#11244=CARTESIAN_POINT('',(-64.00959079145,-44.4141937540948,-3.06759781748135));
#11245=CARTESIAN_POINT('',(-64.0095907914498,-5.61510816952202,-3.06759781748135));
#11246=CARTESIAN_POINT('',(-64.0095907914501,-60.615108169522,-3.06759781748135));
#11247=CARTESIAN_POINT('',(-64.0095907914501,-52.615108169522,0.171979661267821));
#11248=CARTESIAN_POINT('Origin',(-64.0095907914501,-44.4141937540948,8.93240218251865));
#11249=CARTESIAN_POINT('',(-64.00959079145,-52.615108169522,-6.06759781748135));
#11250=CARTESIAN_POINT('',(-64.00959079145,-52.615108169522,-6.06759781748135));
#11251=CARTESIAN_POINT('',(-64.0095907914501,-56.4141937540948,-6.06759781748135));
#11252=CARTESIAN_POINT('',(-64.0095907914498,-14.865108169522,-6.06759781748135));
#11253=CARTESIAN_POINT('',(-64.00959079145,-56.4141937540948,-8.26759781748135));
#11254=CARTESIAN_POINT('',(-64.0095907914502,-56.4141937540948,29.1827010912593));
#11255=CARTESIAN_POINT('',(-64.00959079145,-55.615108169522,-8.26759781748135));
#11256=CARTESIAN_POINT('',(-64.0095907914497,0.384891830477976,-8.26759781748135));
#11257=CARTESIAN_POINT('',(-64.00959079145,-55.615108169522,-11.5000000000003));
#11258=CARTESIAN_POINT('',(-64.00959079145,-55.615108169522,-8.26759781748135));
#11259=CARTESIAN_POINT('',(-64.0095907914497,-5.61510816952202,-11.5000000000003));
#11260=CARTESIAN_POINT('',(-64.0095907914499,-42.865108169522,-11.5000000000003));
#11261=CARTESIAN_POINT('',(-64.0095907914497,-5.61510816952202,-8.26759781748135));
#11262=CARTESIAN_POINT('',(-64.0095907914497,-5.61510816952202,-8.26759781748135));
#11263=CARTESIAN_POINT('',(-64.0095907914497,0.384891830477976,-8.26759781748135));
#11264=CARTESIAN_POINT('',(-64.0095907914497,0.384891830477976,-8.26759781748135));
#11265=CARTESIAN_POINT('',(-64.0095907914497,0.384891830477976,-6.06759781748135));
#11266=CARTESIAN_POINT('',(-64.0095907914497,0.384891830477976,-6.06759781748135));
#11267=CARTESIAN_POINT('',(-64.0095907914497,-5.61510816952202,-6.06759781748135));
#11268=CARTESIAN_POINT('',(-64.0095907914498,-14.865108169522,-6.06759781748135));
#11269=CARTESIAN_POINT('',(-64.0095907914497,-5.61510816952202,-6.06759781748135));
#11270=CARTESIAN_POINT('Origin',(-63.5401358411679,-62.4141937540948,-7.06759781748139));
#11271=CARTESIAN_POINT('',(-63.5401358411679,-56.4141937540948,-6.06759781748138));
#11272=CARTESIAN_POINT('',(-63.5401358411679,-56.4141937540948,-7.06759781748139));
#11273=CARTESIAN_POINT('',(-63.5401358411681,-56.4141937540948,28.6827010912593));
#11274=CARTESIAN_POINT('',(-63.5401358411679,-62.4141937540948,-6.06759781748138));
#11275=CARTESIAN_POINT('',(-63.5401358411679,-62.4141937540948,-6.06759781748138));
#11276=CARTESIAN_POINT('',(-63.5401358411679,-62.4141937540948,-7.06759781748139));
#11277=CARTESIAN_POINT('',(-63.540135841168,-62.4141937540948,11.4662010912592));
#11278=CARTESIAN_POINT('',(-63.5401358411679,-62.4141937540948,-7.06759781748139));
#11279=CARTESIAN_POINT('Origin',(-63.5953970373554,-62.4141937540948,-7.06759781748139));
#11280=CARTESIAN_POINT('',(-63.5953970373554,-56.4141937540948,-7.06759781748139));
#11281=CARTESIAN_POINT('',(-61.7976985186776,-56.4141937540948,-7.06759781748139));
#11282=CARTESIAN_POINT('',(-63.5953970373554,-62.4141937540948,-7.06759781748139));
#11283=CARTESIAN_POINT('',(-42.7824856543398,-62.4141937540948,-7.06759781748131));
#11284=CARTESIAN_POINT('',(-63.5953970373554,-62.4141937540948,-7.06759781748139));
#11285=CARTESIAN_POINT('Origin',(-63.5953970373554,-62.4141937540948,-9.03462114473347));
#11286=CARTESIAN_POINT('',(-63.5953970373554,-56.4141937540948,-8.26759781748134));
#11287=CARTESIAN_POINT('',(-63.5953970373555,-56.4141937540948,27.6991894276333));
#11288=CARTESIAN_POINT('',(-63.5953970373554,-62.4141937540948,-9.03462114473347));
#11289=CARTESIAN_POINT('',(-63.5953970373555,-62.4141937540948,10.4826894276332));
#11290=CARTESIAN_POINT('',(-63.5953970373554,-55.615108169522,-9.03462114473347));
#11291=CARTESIAN_POINT('',(-63.5953970373554,-62.4141937540948,-9.03462114473347));
#11292=CARTESIAN_POINT('',(-63.5953970373554,-55.615108169522,-8.26759781748135));
#11293=CARTESIAN_POINT('',(-63.5953970373554,-55.615108169522,-8.65110948110741));
#11294=CARTESIAN_POINT('',(-63.5953970373554,-46.2646509618085,-8.26759781748135));
#11295=CARTESIAN_POINT('Origin',(-60.0095907914501,-62.4141937540948,-9.03462114473345));
#11296=CARTESIAN_POINT('',(-60.00959079145,-55.6151081695221,-9.03462114473345));
#11297=CARTESIAN_POINT('',(-62.0095907914501,-55.615108169522,-9.03462114473346));
#11298=CARTESIAN_POINT('',(-60.0095907914501,-62.4141937540948,-9.03462114473345));
#11299=CARTESIAN_POINT('',(-40.9895825313872,-62.4141937540948,-9.03462114473338));
#11300=CARTESIAN_POINT('',(-60.0095907914501,-59.0146509618084,-9.03462114473345));
#11301=CARTESIAN_POINT('Origin',(-58.0095907914499,-30.1151081695221,-6.06759781748132));
#11302=CARTESIAN_POINT('',(-59.0047953957249,-56.4141937540948,-6.06759781748133));
#11303=CARTESIAN_POINT('',(-47.00959079145,-52.6151081695221,-6.06759781748128));
#11304=CARTESIAN_POINT('',(-59.00959079145,-52.6151081695221,-6.06759781748133));
#11305=CARTESIAN_POINT('',(-47.00959079145,-56.4141937540949,-6.06759781748128));
#11306=CARTESIAN_POINT('',(-47.00959079145,-45.3651081695221,-6.06759781748128));
#11307=CARTESIAN_POINT('',(-30.0000000000001,-56.4141937540949,-6.06759781748125));
#11308=CARTESIAN_POINT('',(-61.7700679205839,-56.4141937540948,-6.06759781748138));
#11309=CARTESIAN_POINT('',(-30.0000000000001,-62.4141937540948,-6.06759781748125));
#11310=CARTESIAN_POINT('',(-30.,-59.4141937540948,-6.06759781748125));
#11311=CARTESIAN_POINT('',(-42.7548550562461,-62.4141937540948,-6.0675978174813));
#11312=CARTESIAN_POINT('Origin',(-60.0000000000001,-56.4141937540948,64.4330000000001));
#11313=CARTESIAN_POINT('',(-59.0047953957249,-56.4141937540948,-8.26759781748132));
#11314=CARTESIAN_POINT('Origin',(-30.,-56.4141937540948,29.5));
#11315=CARTESIAN_POINT('',(-30.,-56.4141937540948,24.5));
#11316=CARTESIAN_POINT('',(-30.,-56.4141937540948,29.5));
#11317=CARTESIAN_POINT('',(-30.,-62.4141937540948,24.5));
#11318=CARTESIAN_POINT('',(-30.,-43.5944528999633,24.5));
#11319=CARTESIAN_POINT('',(-30.,-62.4141937540948,29.5));
#11320=CARTESIAN_POINT('Origin',(-58.0095907914499,-30.1151081695221,-8.26759781748132));
#11321=CARTESIAN_POINT('',(-61.00959079145,-55.615108169522,-8.26759781748134));
#11322=CARTESIAN_POINT('Origin',(-64.00959079145,-55.615108169522,-8.26759781748135));
#11323=CARTESIAN_POINT('',(-60.00959079145,-55.6151081695221,-11.5000000000002));
#11324=CARTESIAN_POINT('',(-60.00959079145,-55.6151081695221,-8.26759781748133));
#11325=CARTESIAN_POINT('',(-61.00959079145,-55.615108169522,-11.5000000000002));
#11326=CARTESIAN_POINT('Origin',(-11.3098829146138,-51.4141937540949,1.93240218251887));
#11327=CARTESIAN_POINT('',(14.5385465659503,-51.4141937540949,-3.06759781748103));
#11328=CARTESIAN_POINT('',(12.8802341707723,-51.9141937540951,-3.04253500301411));
#11329=CARTESIAN_POINT('Ctrl Pts',(12.8802341707723,-51.9141937540951,-3.04253500301411));
#11330=CARTESIAN_POINT('Ctrl Pts',(13.2961427730196,-51.9141937540951,-3.04253500301411));
#11331=CARTESIAN_POINT('Ctrl Pts',(13.7361661245464,-51.8226150689677,-3.05425016067167));
#11332=CARTESIAN_POINT('Ctrl Pts',(14.2744934909588,-51.5750265558048,-3.06543033362395));
#11333=CARTESIAN_POINT('Ctrl Pts',(14.4102081183195,-51.4993238494886,-3.06759781748104));
#11334=CARTESIAN_POINT('Ctrl Pts',(14.5385465659509,-51.4141937540945,-3.06759781748103));
#11335=CARTESIAN_POINT('',(6.88023417077228,-51.4141937540949,-3.06759781748106));
#11336=CARTESIAN_POINT('',(-11.3098829146138,-51.4141937540949,-3.06759781748113));
#11337=CARTESIAN_POINT('',(6.88023417077237,-56.4141937540953,1.93240218251894));
#11338=CARTESIAN_POINT('Origin',(6.88023417077249,-51.4141937540949,1.93240218251894));
#11339=CARTESIAN_POINT('',(12.8802341707722,-56.4141937540949,1.93240218251896));
#11340=CARTESIAN_POINT('',(-11.3098829146138,-56.4141937540949,1.93240218251887));
#11341=CARTESIAN_POINT('Origin',(12.8802341707722,-51.4141937540949,1.93240218251896));
#11342=CARTESIAN_POINT('Origin',(37.3802341707723,-50.4141937540952,-3.06759781748094));
#11343=CARTESIAN_POINT('',(12.8802341707723,-45.9141937540951,-3.06759781748104));
#11344=CARTESIAN_POINT('Origin',(12.8802341707723,-48.9141937540951,-3.06759781748104));
#11345=CARTESIAN_POINT('',(12.8802341707723,-42.4141937540951,-3.06759781748104));
#11346=CARTESIAN_POINT('',(12.8802341707723,-56.4141937540951,-3.06759781748104));
#11347=CARTESIAN_POINT('',(11.8802341707723,-41.4141937540951,-3.06759781748104));
#11348=CARTESIAN_POINT('Origin',(11.8802341707723,-42.4141937540951,-3.06759781748104));
#11349=CARTESIAN_POINT('',(9.88023417077231,-41.4141937540951,-3.06759781748105));
#11350=CARTESIAN_POINT('',(12.8802341707723,-41.4141937540951,-3.06759781748104));
#11351=CARTESIAN_POINT('',(9.88023417077235,-23.9141937540951,-3.06759781748105));
#11352=CARTESIAN_POINT('',(9.88023417077231,-41.4141937540951,-3.06759781748105));
#11353=CARTESIAN_POINT('',(14.8802341707724,-23.9141937540951,-3.06759781748103));
#11354=CARTESIAN_POINT('',(15.8802341707724,-23.9141937540951,-3.06759781748103));
#11355=CARTESIAN_POINT('',(15.8802341707724,-22.9141937540951,-3.06759781748103));
#11356=CARTESIAN_POINT('Origin',(14.8802341707724,-22.9141937540951,-3.06759781748103));
#11357=CARTESIAN_POINT('',(15.8802341707724,-19.4141937540951,-3.06759781748103));
#11358=CARTESIAN_POINT('',(15.8802341707724,-18.4141937540951,-3.06759781748103));
#11359=CARTESIAN_POINT('',(14.8802341707724,-18.4141937540951,-3.06759781748103));
#11360=CARTESIAN_POINT('Origin',(14.8802341707724,-19.4141937540951,-3.06759781748103));
#11361=CARTESIAN_POINT('',(6.88023417077237,-18.4141937540951,-3.06759781748106));
#11362=CARTESIAN_POINT('',(9.88023417077237,-18.4141937540951,-3.06759781748105));
#11363=CARTESIAN_POINT('',(6.88023417077237,-18.4141937540951,-3.06759781748106));
#11364=CARTESIAN_POINT('',(14.8802341707724,-20.9141937540951,-3.06759781748103));
#11365=CARTESIAN_POINT('Origin',(12.8802341707724,-20.9141937540951,-3.06759781748104));
#11366=CARTESIAN_POINT('Origin',(-11.3098829146138,-51.4141937540949,1.93240218251887));
#11367=CARTESIAN_POINT('',(56.8802341707723,-51.4141937540949,-3.06759781748086));
#11368=CARTESIAN_POINT('',(56.8802341707722,-56.4141937540949,1.93240218251914));
#11369=CARTESIAN_POINT('Origin',(56.8802341707723,-51.4141937540949,1.93240218251914));
#11370=CARTESIAN_POINT('',(67.8802341707724,-56.4141937540953,1.93240218251919));
#11371=CARTESIAN_POINT('',(-11.3098829146138,-56.4141937540949,1.93240218251887));
#11372=CARTESIAN_POINT('',(67.8802341707723,-51.4141937540949,-3.06759781748082));
#11373=CARTESIAN_POINT('Origin',(67.8802341707725,-51.4141937540949,1.93240218251918));
#11374=CARTESIAN_POINT('',(-11.3098829146138,-51.4141937540949,-3.06759781748113));
#11375=CARTESIAN_POINT('Origin',(-60.0000000000001,-56.4141937540948,64.4330000000001));
#11376=CARTESIAN_POINT('',(-47.0095907914501,-56.4141937540948,8.93240218251872));
#11377=CARTESIAN_POINT('',(-47.0095907914502,-56.4141937540949,29.1827010912594));
#11378=CARTESIAN_POINT('',(-67.0095907914502,-56.4141937540949,8.93240218251864));
#11379=CARTESIAN_POINT('',(-59.0047953957249,-56.4141937540948,8.93240218251867));
#11380=CARTESIAN_POINT('',(-67.0095907914502,-56.4141937540948,24.5));
#11381=CARTESIAN_POINT('',(-67.0095907914502,-56.4141937540948,29.5));
#11382=CARTESIAN_POINT('',(-72.0095907914502,-56.4141937540948,29.5));
#11383=CARTESIAN_POINT('Origin',(-72.0095907914502,-56.4141937540948,24.5));
#11384=CARTESIAN_POINT('',(-72.9695742713245,-56.4141937540949,29.5));
#11385=CARTESIAN_POINT('',(-33.3566644036209,-56.4141937540949,29.5));
#11386=CARTESIAN_POINT('',(-72.9695742713244,-56.4141937540948,64.4327521793273));
#11387=CARTESIAN_POINT('',(-72.9695742713245,-56.4141937540948,57.6997500000001));
#11388=CARTESIAN_POINT('',(-60.,-56.4141937540948,64.4327521793276));
#11389=CARTESIAN_POINT('',(-171.515397213454,-56.4141937540948,64.4327521793278));
#11390=CARTESIAN_POINT('',(-60.0000000000001,-56.4141937540948,49.0000000000001));
#11391=CARTESIAN_POINT('',(-60.,-56.4141937540948,8.46637608966377));
#11392=CARTESIAN_POINT('',(-60.,-56.4141937540948,42.0000000000001));
#11393=CARTESIAN_POINT('',(-60.,-56.4141937540948,8.46637608966377));
#11394=CARTESIAN_POINT('',(-60.,-56.4141937540948,29.5));
#11395=CARTESIAN_POINT('',(-60.,-56.4141937540948,8.46637608966377));
#11396=CARTESIAN_POINT('',(-30.,-56.4141937540948,29.5));
#11397=CARTESIAN_POINT('',(-11.0047953957251,-56.4141937540948,29.5));
#11398=CARTESIAN_POINT('',(-30.,-56.4141937540949,42.0000000000001));
#11399=CARTESIAN_POINT('',(-30.,-56.4141937540948,8.46637608966377));
#11400=CARTESIAN_POINT('',(-30.,-56.4141937540949,49.0000000000001));
#11401=CARTESIAN_POINT('',(-30.,-56.4141937540948,8.46637608966377));
#11402=CARTESIAN_POINT('',(-30.,-56.4141937540948,64.4327521793275));
#11403=CARTESIAN_POINT('',(-30.,-56.4141937540948,8.46637608966377));
#11404=CARTESIAN_POINT('',(-21.9695742713244,-56.4141937540948,64.4327521793275));
#11405=CARTESIAN_POINT('',(-171.515397213454,-56.4141937540948,64.4327521793278));
#11406=CARTESIAN_POINT('',(-21.9695742713244,-56.4141937540948,64.4330000000001));
#11407=CARTESIAN_POINT('',(-21.9695742713244,-56.4141937540948,40.));
#11408=CARTESIAN_POINT('',(-30.,-56.4141937540948,64.4330000000001));
#11409=CARTESIAN_POINT('',(-21.9695742713244,-56.4141937540948,64.4330000000001));
#11410=CARTESIAN_POINT('',(-30.,-56.4141937540948,65.));
#11411=CARTESIAN_POINT('',(-30.,-56.4141937540948,46.2165));
#11412=CARTESIAN_POINT('',(-60.,-56.4141937540948,65.));
#11413=CARTESIAN_POINT('',(-22.5,-56.4141937540949,65.));
#11414=CARTESIAN_POINT('',(-60.0000000000001,-56.4141937540948,64.4330000000001));
#11415=CARTESIAN_POINT('',(-60.,-56.4141937540948,46.2165));
#11416=CARTESIAN_POINT('',(-72.9695742713244,-56.4141937540948,64.4330000000001));
#11417=CARTESIAN_POINT('',(-60.0000000000001,-56.4141937540948,64.4330000000001));
#11418=CARTESIAN_POINT('',(-72.9695742713244,-56.4141937540948,72.433));
#11419=CARTESIAN_POINT('',(-72.9695742713245,-56.4141937540948,57.6997500000001));
#11420=CARTESIAN_POINT('',(-21.9695742713244,-56.4141937540948,72.4330000000001));
#11421=CARTESIAN_POINT('',(-34.1097871356622,-56.4141937540949,72.4330000000001));
#11422=CARTESIAN_POINT('',(-21.9695742713244,-56.4141937540948,66.4330000000002));
#11423=CARTESIAN_POINT('',(-21.9695742713244,-56.4141937540948,64.4330000000001));
#11424=CARTESIAN_POINT('',(21.9695742713245,-56.4141937540948,66.4330000000002));
#11425=CARTESIAN_POINT('',(21.9695742713245,-56.4141937540948,66.4330000000002));
#11426=CARTESIAN_POINT('',(21.9695742713245,-56.4141937540948,72.4330000000001));
#11427=CARTESIAN_POINT('',(21.9695742713245,-56.4141937540948,64.4330000000001));
#11428=CARTESIAN_POINT('',(72.9694257286759,-56.4141937540949,72.4330000000001));
#11429=CARTESIAN_POINT('',(-34.1097871356622,-56.4141937540949,72.4330000000001));
#11430=CARTESIAN_POINT('',(72.9694257286759,-56.4141937540948,64.4330000000001));
#11431=CARTESIAN_POINT('',(72.9694257286759,-56.4141937540949,57.6997500000001));
#11432=CARTESIAN_POINT('',(60.0000000000001,-56.4141937540948,64.4330000000001));
#11433=CARTESIAN_POINT('',(66.5304257286758,-56.4141937540948,64.4330000000001));
#11434=CARTESIAN_POINT('',(60.0000000000001,-56.4141937540948,65.));
#11435=CARTESIAN_POINT('',(60.,-56.4141937540948,46.2165));
#11436=CARTESIAN_POINT('',(30.,-56.4141937540948,65.));
#11437=CARTESIAN_POINT('',(22.5,-56.4141937540948,65.));
#11438=CARTESIAN_POINT('',(30.,-56.4141937540948,64.4330000000001));
#11439=CARTESIAN_POINT('',(30.,-56.4141937540948,46.2165));
#11440=CARTESIAN_POINT('',(21.9695742713245,-56.4141937540948,64.4330000000001));
#11441=CARTESIAN_POINT('',(30.,-56.4141937540948,64.4330000000001));
#11442=CARTESIAN_POINT('',(21.9695742713244,-56.4141937540948,64.4327521793274));
#11443=CARTESIAN_POINT('',(21.9695742713244,-56.4141937540948,40.));
#11444=CARTESIAN_POINT('',(30.,-56.4141937540948,64.4327521793274));
#11445=CARTESIAN_POINT('',(-83.0153972134534,-56.4141937540948,64.4327521793276));
#11446=CARTESIAN_POINT('',(30.,-56.4141937540948,49.0000000000001));
#11447=CARTESIAN_POINT('',(30.,-56.4141937540948,8.46637608966369));
#11448=CARTESIAN_POINT('',(30.,-56.4141937540948,42.0000000000001));
#11449=CARTESIAN_POINT('',(30.,-56.4141937540948,8.46637608966369));
#11450=CARTESIAN_POINT('',(30.,-56.4141937540948,29.5));
#11451=CARTESIAN_POINT('',(30.,-56.4141937540948,8.46637608966369));
#11452=CARTESIAN_POINT('',(60.,-56.4141937540948,29.5));
#11453=CARTESIAN_POINT('',(25.9401170853862,-56.4141937540953,29.5));
#11454=CARTESIAN_POINT('',(60.0000000000001,-56.4141937540949,42.0000000000001));
#11455=CARTESIAN_POINT('',(60.,-56.4141937540948,8.46637608966369));
#11456=CARTESIAN_POINT('',(60.,-56.4141937540948,49.0000000000001));
#11457=CARTESIAN_POINT('',(60.,-56.4141937540948,8.46637608966369));
#11458=CARTESIAN_POINT('',(60.,-56.4141937540948,64.4327521793274));
#11459=CARTESIAN_POINT('',(60.,-56.4141937540948,8.46637608966369));
#11460=CARTESIAN_POINT('',(72.9694257286759,-56.4141937540948,64.4327521793273));
#11461=CARTESIAN_POINT('',(-83.0153972134534,-56.4141937540948,64.4327521793276));
#11462=CARTESIAN_POINT('',(72.9694257286759,-56.4141937540949,29.5));
#11463=CARTESIAN_POINT('',(72.9694257286759,-56.4141937540949,57.6997500000001));
#11464=CARTESIAN_POINT('',(72.8802341707724,-56.4141937540949,29.5));
#11465=CARTESIAN_POINT('',(-33.3566644036209,-56.4141937540949,29.5));
#11466=CARTESIAN_POINT('',(67.8802341707724,-56.4141937540953,24.5));
#11467=CARTESIAN_POINT('Origin',(72.8802341707724,-56.4141937540948,24.5));
#11468=CARTESIAN_POINT('',(67.8802341707724,-56.4141937540953,29.5));
#11469=CARTESIAN_POINT('',(56.8802341707723,-56.4141937540949,-6.06759781748086));
#11470=CARTESIAN_POINT('',(56.8802341707721,-56.4141937540949,29.1827010912598));
#11471=CARTESIAN_POINT('',(67.8802341707723,-56.4141937540953,-6.06759781748082));
#11472=CARTESIAN_POINT('',(-11.3098829146137,-56.4141937540949,-6.06759781748114));
#11473=CARTESIAN_POINT('',(67.8802341707723,-56.4141937540953,-8.26759781748082));
#11474=CARTESIAN_POINT('',(67.8802341707724,-56.4141937540953,29.5));
#11475=CARTESIAN_POINT('',(62.8802341707723,-56.4141937540952,-8.26759781748084));
#11476=CARTESIAN_POINT('',(-11.3098829146137,-56.4141937540949,-8.26759781748113));
#11477=CARTESIAN_POINT('',(62.8802341707723,-56.4141937540949,-11.4999999999998));
#11478=CARTESIAN_POINT('',(62.8802341707721,-56.4141937540949,28.0827010912599));
#11479=CARTESIAN_POINT('',(12.8802341707723,-56.4141937540949,-11.5));
#11480=CARTESIAN_POINT('',(67.8802341707724,-56.4141937540953,-11.5));
#11481=CARTESIAN_POINT('',(12.8802341707723,-56.4141937540951,-8.26759781748104));
#11482=CARTESIAN_POINT('',(12.8802341707721,-56.4141937540949,28.0827010912597));
#11483=CARTESIAN_POINT('',(6.88023417077229,-56.4141937540951,-8.26759781748106));
#11484=CARTESIAN_POINT('',(-11.3098829146137,-56.4141937540949,-8.26759781748113));
#11485=CARTESIAN_POINT('',(6.88023417077228,-56.4141937540951,-6.06759781748106));
#11486=CARTESIAN_POINT('',(6.88023417077237,-56.4141937540953,29.5));
#11487=CARTESIAN_POINT('',(12.8802341707723,-56.4141937540951,-6.06759781748104));
#11488=CARTESIAN_POINT('',(-11.3098829146137,-56.4141937540949,-6.06759781748114));
#11489=CARTESIAN_POINT('',(12.8802341707721,-56.4141937540949,29.1827010912597));
#11490=CARTESIAN_POINT('',(6.88023417077237,-56.4141937540953,24.5));
#11491=CARTESIAN_POINT('',(6.88023417077237,-56.4141937540953,29.5));
#11492=CARTESIAN_POINT('',(1.88023417077237,-56.4141937540949,29.5));
#11493=CARTESIAN_POINT('Origin',(1.88023417077237,-56.4141937540948,24.5));
#11494=CARTESIAN_POINT('',(-25.,-56.4141937540949,29.5));
#11495=CARTESIAN_POINT('',(-33.3566644036209,-56.4141937540949,29.5));
#11496=CARTESIAN_POINT('Origin',(-25.,-56.4141937540948,24.5));
#11497=CARTESIAN_POINT('Origin',(-59.0047953957249,-44.4141937540948,8.93240218251867));
#11498=CARTESIAN_POINT('',(-67.00959079145,-44.4141937540948,-3.06759781748136));
#11499=CARTESIAN_POINT('',(-59.0047953957249,-44.4141937540948,-3.06759781748133));
#11500=CARTESIAN_POINT('Origin',(-67.0095907914501,-44.4141937540948,8.93240218251864));
#11501=CARTESIAN_POINT('',(-47.00959079145,-52.6151081695221,0.171979661267923));
#11502=CARTESIAN_POINT('Origin',(-47.0095907914501,-44.4141937540948,8.93240218251872));
#11503=CARTESIAN_POINT('',(-59.0047953957249,-52.6151081695221,0.171979661267875));
#11504=CARTESIAN_POINT('Origin',(-58.0095907914499,-30.1151081695221,-3.06759781748132));
#11505=CARTESIAN_POINT('',(-59.5095907914498,-5.61510816952205,-3.06759781748133));
#11506=CARTESIAN_POINT('',(-64.0095907914498,-5.61510816952202,-3.06759781748135));
#11507=CARTESIAN_POINT('',(-53.5095907914498,-5.61510816952208,-3.06759781748131));
#11508=CARTESIAN_POINT('Origin',(-56.5095907914498,-5.61510816952207,-3.06759781748132));
#11509=CARTESIAN_POINT('',(-50.0095907914498,-5.6151081695221,-3.06759781748129));
#11510=CARTESIAN_POINT('',(-64.0095907914498,-5.61510816952202,-3.06759781748135));
#11511=CARTESIAN_POINT('',(-49.0095907914497,-4.61510816952211,-3.06759781748129));
#11512=CARTESIAN_POINT('Origin',(-50.0095907914498,-4.6151081695221,-3.06759781748129));
#11513=CARTESIAN_POINT('',(-49.0095907914497,-2.61510816952211,-3.06759781748129));
#11514=CARTESIAN_POINT('',(-49.0095907914498,-5.61510816952211,-3.06759781748129));
#11515=CARTESIAN_POINT('',(-31.5095907914497,-2.61510816952222,-3.06759781748122));
#11516=CARTESIAN_POINT('',(-49.0095907914497,-2.61510816952211,-3.06759781748129));
#11517=CARTESIAN_POINT('',(-31.5095907914498,-7.61510816952223,-3.06759781748122));
#11518=CARTESIAN_POINT('',(-31.5095907914498,-8.61510816952222,-3.06759781748122));
#11519=CARTESIAN_POINT('',(-30.5095907914498,-8.61510816952222,-3.06759781748121));
#11520=CARTESIAN_POINT('Origin',(-30.5095907914498,-7.61510816952223,-3.06759781748121));
#11521=CARTESIAN_POINT('',(-27.0095907914498,-8.61510816952225,-3.0675978174812));
#11522=CARTESIAN_POINT('',(-26.0095907914498,-8.61510816952225,-3.06759781748119));
#11523=CARTESIAN_POINT('',(-26.0095907914498,-7.61510816952225,-3.06759781748119));
#11524=CARTESIAN_POINT('Origin',(-27.0095907914498,-7.61510816952225,-3.0675978174812));
#11525=CARTESIAN_POINT('',(-26.0095907914497,0.384891830477754,-3.06759781748119));
#11526=CARTESIAN_POINT('',(-26.0095907914497,-2.61510816952224,-3.06759781748119));
#11527=CARTESIAN_POINT('',(-67.0095907914497,0.384891830477994,-3.06759781748136));
#11528=CARTESIAN_POINT('',(-26.0095907914497,0.384891830477754,-3.06759781748119));
#11529=CARTESIAN_POINT('',(-67.0095907914497,0.384891830477994,-3.06759781748136));
#11530=CARTESIAN_POINT('',(-28.5095907914498,-7.61510816952224,-3.0675978174812));
#11531=CARTESIAN_POINT('Origin',(-28.5095907914497,-5.61510816952223,-3.0675978174812));
#11532=CARTESIAN_POINT('Origin',(74.9694257286758,-17.5944528999633,37.5));
#11533=CARTESIAN_POINT('',(74.9694257286758,-56.4141937540949,29.5));
#11534=CARTESIAN_POINT('',(82.9694257286759,-55.551029087948,37.5));
#11535=CARTESIAN_POINT('Ctrl Pts',(74.9694257286758,-56.4141937540949,29.5));
#11536=CARTESIAN_POINT('Ctrl Pts',(75.1019660978889,-56.4141937540949,29.5));
#11537=CARTESIAN_POINT('Ctrl Pts',(75.234589391981,-56.4140187683245,29.5032937947175));
#11538=CARTESIAN_POINT('Ctrl Pts',(76.1865128956509,-56.4114926620163,29.5506804965498));
#11539=CARTESIAN_POINT('Ctrl Pts',(76.9947024764692,-56.4028584475606,29.7172672443919));
#11540=CARTESIAN_POINT('Ctrl Pts',(78.6306800263405,-56.3666256952303,30.3269810540655));
#11541=CARTESIAN_POINT('Ctrl Pts',(79.4350925811817,-56.3369691702916,30.7982817763535));
#11542=CARTESIAN_POINT('Ctrl Pts',(80.7882010115002,-56.248370171273,31.944636803065));
#11543=CARTESIAN_POINT('Ctrl Pts',(81.343464058185,-56.1924335049981,32.5920292998806));
#11544=CARTESIAN_POINT('Ctrl Pts',(82.1107919797519,-56.0630642126845,33.8414515979374));
#11545=CARTESIAN_POINT('Ctrl Pts',(82.3720784252654,-55.9987654565875,34.4044878922591));
#11546=CARTESIAN_POINT('Ctrl Pts',(82.673652780162,-55.8815676437488,35.3175301962672));
#11547=CARTESIAN_POINT('Ctrl Pts',(82.7602086411807,-55.8363881419893,35.6502982965889));
#11548=CARTESIAN_POINT('Ctrl Pts',(82.8786374481424,-55.7478089575212,36.265264527253));
#11549=CARTESIAN_POINT('Ctrl Pts',(82.9173239163203,-55.7055450939228,36.5456698327372));
#11550=CARTESIAN_POINT('Ctrl Pts',(82.9565832424561,-55.6321066022617,37.0108429187517));
#11551=CARTESIAN_POINT('Ctrl Pts',(82.9657192102897,-55.6022119862278,37.1948054216095));
#11552=CARTESIAN_POINT('Ctrl Pts',(82.9691196907903,-55.5646750611419,37.4191905244981));
#11553=CARTESIAN_POINT('Ctrl Pts',(82.9694257286758,-55.5578727030082,37.4595994565685));
#11554=CARTESIAN_POINT('Ctrl Pts',(82.9694257286758,-55.551029087948,37.5));
#11555=CARTESIAN_POINT('',(82.9694257286757,-62.4141937540948,37.5));
#11556=CARTESIAN_POINT('',(82.9694257286758,-17.5944528999633,37.5));
#11557=CARTESIAN_POINT('',(74.9694257286758,-62.4141937540948,29.5));
#11558=CARTESIAN_POINT('Origin',(74.9694257286758,-62.4141937540948,37.5));
#11559=CARTESIAN_POINT('',(74.9694257286758,-17.5944528999633,29.5));
#11560=CARTESIAN_POINT('Origin',(45.,-30.7747120458317,29.5));
#11561=CARTESIAN_POINT('',(72.8802341707724,-62.4141937540948,29.5));
#11562=CARTESIAN_POINT('',(-14.3414515392831,-62.4141937540948,29.5));
#11563=CARTESIAN_POINT('',(72.8802341707724,-43.5944528999635,29.5));
#11564=CARTESIAN_POINT('',(-33.3566644036209,-56.4141937540949,29.5));
#11565=CARTESIAN_POINT('Origin',(-21.9695742713244,-62.4141937540948,30.));
#11566=CARTESIAN_POINT('',(-25.,-62.4141937540948,29.5));
#11567=CARTESIAN_POINT('Origin',(-25.,-62.4141937540948,24.5));
#11568=CARTESIAN_POINT('',(1.88023417077237,-62.4141937540948,29.5));
#11569=CARTESIAN_POINT('',(-14.3414515392831,-62.4141937540948,29.5));
#11570=CARTESIAN_POINT('',(6.88023417077237,-62.4141937540948,24.5));
#11571=CARTESIAN_POINT('Origin',(1.88023417077237,-62.4141937540948,24.5));
#11572=CARTESIAN_POINT('',(6.88023417077237,-62.4141937540949,-11.5));
#11573=CARTESIAN_POINT('',(6.88023417077237,-62.4141937540948,29.5));
#11574=CARTESIAN_POINT('',(67.8802341707724,-62.4141937540949,-11.5));
#11575=CARTESIAN_POINT('',(6.88023417077237,-62.4141937540949,-11.5));
#11576=CARTESIAN_POINT('',(67.8802341707724,-62.4141937540948,24.5));
#11577=CARTESIAN_POINT('',(67.8802341707724,-62.4141937540948,29.5));
#11578=CARTESIAN_POINT('Origin',(72.8802341707724,-62.4141937540948,24.5));
#11579=CARTESIAN_POINT('',(82.9694257286757,-62.4141937540949,64.4327521793273));
#11580=CARTESIAN_POINT('',(82.9694257286756,-62.4141937540948,9.46637608966357));
#11581=CARTESIAN_POINT('',(21.9695742713244,-62.4141937540948,64.4327521793274));
#11582=CARTESIAN_POINT('',(7.03042572867567,-62.4141937540949,64.4327521793275));
#11583=CARTESIAN_POINT('',(21.9695742713244,-62.4141937540948,64.433));
#11584=CARTESIAN_POINT('',(21.9695742713244,-62.4141937540949,30.));
#11585=CARTESIAN_POINT('',(82.9694257286758,-62.4141937540948,64.4330000000001));
#11586=CARTESIAN_POINT('',(-15.0945742713244,-62.4141937540948,64.4330000000001));
#11587=CARTESIAN_POINT('',(82.9694257286758,-62.4141937540948,72.4330000000001));
#11588=CARTESIAN_POINT('',(82.9694257286758,-62.4141937540948,47.2165));
#11589=CARTESIAN_POINT('',(-82.9695742713245,-62.4141937540948,72.4330000000001));
#11590=CARTESIAN_POINT('',(-15.0945742713244,-62.4141937540948,72.4330000000001));
#11591=CARTESIAN_POINT('',(-82.9695742713245,-62.4141937540948,64.4330000000001));
#11592=CARTESIAN_POINT('',(-82.9695742713245,-62.4141937540949,47.2165));
#11593=CARTESIAN_POINT('',(-21.9695742713244,-62.4141937540948,64.433));
#11594=CARTESIAN_POINT('',(-15.0945742713244,-62.4141937540948,64.4330000000001));
#11595=CARTESIAN_POINT('',(-21.9695742713244,-62.4141937540948,64.4327521793275));
#11596=CARTESIAN_POINT('',(-21.9695742713244,-62.4141937540948,30.));
#11597=CARTESIAN_POINT('',(-82.9695742713244,-62.4141937540948,64.4327521793276));
#11598=CARTESIAN_POINT('',(-37.2195742713244,-62.4141937540948,64.4327521793275));
#11599=CARTESIAN_POINT('',(-82.9695742713245,-62.4141937540949,37.5));
#11600=CARTESIAN_POINT('',(-82.9695742713245,-62.4141937540949,9.46637608966386));
#11601=CARTESIAN_POINT('',(-74.9695742713245,-62.4141937540948,29.5));
#11602=CARTESIAN_POINT('Origin',(-74.9695742713245,-62.4141937540948,37.5));
#11603=CARTESIAN_POINT('',(-72.0095907914502,-62.4141937540948,29.5));
#11604=CARTESIAN_POINT('',(-14.3414515392831,-62.4141937540948,29.5));
#11605=CARTESIAN_POINT('',(-67.0095907914502,-62.4141937540948,24.5));
#11606=CARTESIAN_POINT('Origin',(-72.0095907914502,-62.4141937540948,24.5));
#11607=CARTESIAN_POINT('',(-67.0095907914502,-62.4141937540948,-11.5));
#11608=CARTESIAN_POINT('',(-67.0095907914502,-62.4141937540948,29.5));
#11609=CARTESIAN_POINT('',(-60.0095907914501,-62.4141937540948,-11.5000000000003));
#11610=CARTESIAN_POINT('',(-67.0095907914502,-62.4141937540948,-11.5));
#11611=CARTESIAN_POINT('',(-60.0095907914502,-62.4141937540948,9.24999999999977));
#11612=CARTESIAN_POINT('',(58.0000000000001,-62.4141937540948,42.0000000000001));
#11613=CARTESIAN_POINT('',(58.0000000000001,-62.4141937540948,49.0000000000001));
#11614=CARTESIAN_POINT('',(58.0000000000001,-62.4141937540948,38.5000000000002));
#11615=CARTESIAN_POINT('',(60.0000000000001,-62.4141937540948,49.0000000000001));
#11616=CARTESIAN_POINT('',(19.0152128643378,-62.4141937540948,48.9999999999999));
#11617=CARTESIAN_POINT('',(60.0000000000001,-62.4141937540948,42.0000000000001));
#11618=CARTESIAN_POINT('',(60.0000000000001,-62.4141937540948,36.0000000000001));
#11619=CARTESIAN_POINT('',(18.0152128643378,-62.4141937540948,41.9999999999999));
#11620=CARTESIAN_POINT('',(-58.0000000000001,-62.4141937540948,49.0000000000001));
#11621=CARTESIAN_POINT('',(-58.0000000000001,-62.4141937540948,42.0000000000001));
#11622=CARTESIAN_POINT('',(-58.,-62.4141937540948,36.));
#11623=CARTESIAN_POINT('',(-60.0000000000001,-62.4141937540948,42.0000000000001));
#11624=CARTESIAN_POINT('',(-40.9847871356623,-62.4141937540948,42.0000000000002));
#11625=CARTESIAN_POINT('',(-60.0000000000001,-62.4141937540948,49.0000000000001));
#11626=CARTESIAN_POINT('',(-60.0000000000001,-62.4141937540948,38.5));
#11627=CARTESIAN_POINT('',(-39.9847871356623,-62.4141937540948,49.0000000000002));
#11628=CARTESIAN_POINT('',(30.,-62.4141937540948,49.0000000000001));
#11629=CARTESIAN_POINT('',(32.,-62.4141937540948,49.0000000000001));
#11630=CARTESIAN_POINT('',(5.01521286433776,-62.4141937540948,49.));
#11631=CARTESIAN_POINT('',(32.0000000000001,-62.4141937540948,42.0000000000001));
#11632=CARTESIAN_POINT('',(32.0000000000001,-62.4141937540948,36.0000000000001));
#11633=CARTESIAN_POINT('',(30.,-62.4141937540948,42.0000000000001));
#11634=CARTESIAN_POINT('',(4.01521286433778,-62.4141937540948,42.));
#11635=CARTESIAN_POINT('',(30.,-62.4141937540948,38.5));
#11636=CARTESIAN_POINT('',(-30.,-62.4141937540948,42.0000000000001));
#11637=CARTESIAN_POINT('',(-32.,-62.4141937540948,42.0000000000001));
#11638=CARTESIAN_POINT('',(-26.9847871356623,-62.4141937540948,42.0000000000001));
#11639=CARTESIAN_POINT('',(-32.0000000000001,-62.4141937540948,49.0000000000001));
#11640=CARTESIAN_POINT('',(-32.,-62.4141937540948,38.5));
#11641=CARTESIAN_POINT('',(-30.0000000000001,-62.4141937540948,49.0000000000001));
#11642=CARTESIAN_POINT('',(-25.9847871356623,-62.4141937540948,49.0000000000001));
#11643=CARTESIAN_POINT('',(-30.,-62.4141937540948,36.));
#11644=CARTESIAN_POINT('Origin',(-74.9695742713245,-36.0944528999633,37.5));
#11645=CARTESIAN_POINT('',(-82.9695742713245,-55.5510290879481,37.5));
#11646=CARTESIAN_POINT('',(-82.9695742713245,-36.0944528999633,37.5));
#11647=CARTESIAN_POINT('',(-74.9695742713245,-56.4141937540948,29.5));
#11648=CARTESIAN_POINT('Ctrl Pts',(-82.9695742713245,-55.5510290879481,
37.5));
#11649=CARTESIAN_POINT('Ctrl Pts',(-82.9695742713245,-55.5738263243628,
37.3654189734827));
#11650=CARTESIAN_POINT('Ctrl Pts',(-82.9661782976386,-55.5961597545751,
37.2307788346002));
#11651=CARTESIAN_POINT('Ctrl Pts',(-82.948773003909,-55.6521002601057,36.8863829009369));
#11652=CARTESIAN_POINT('Ctrl Pts',(-82.9298985285935,-55.6850024357365,
36.6768763671585));
#11653=CARTESIAN_POINT('Ctrl Pts',(-82.8439135139521,-55.7854147036152,
36.0157837717566));
#11654=CARTESIAN_POINT('Ctrl Pts',(-82.7463908266984,-55.8482558951889,
35.5685001513652));
#11655=CARTESIAN_POINT('Ctrl Pts',(-82.3188728754846,-56.0282611082307,
34.1893890961803));
#11656=CARTESIAN_POINT('Ctrl Pts',(-81.8546260931282,-56.1225629129368,
33.3074033348585));
#11657=CARTESIAN_POINT('Ctrl Pts',(-80.6090554900504,-56.2680520438244,
31.7358588613545));
#11658=CARTESIAN_POINT('Ctrl Pts',(-79.8326685619788,-56.3171337717984,
31.0669952765169));
#11659=CARTESIAN_POINT('Ctrl Pts',(-78.0372546204305,-56.3856046517369,
30.0368116012542));
#11660=CARTESIAN_POINT('Ctrl Pts',(-77.0284431549298,-56.4035347688868,
29.6979393167982));
#11661=CARTESIAN_POINT('Ctrl Pts',(-75.6461310996295,-56.4130622352408,
29.5214350706968));
#11662=CARTESIAN_POINT('Ctrl Pts',(-75.3076876191542,-56.4141937540949,
29.5));
#11663=CARTESIAN_POINT('Ctrl Pts',(-74.9695742713245,-56.4141937540949,
29.5));
#11664=CARTESIAN_POINT('',(-74.9695742713245,-36.0944528999633,29.5));
#11665=CARTESIAN_POINT('Origin',(-82.9695742713246,-41.4141937540948,-11.0672478206724));
#11666=CARTESIAN_POINT('',(-82.9695742713244,-56.4141937540948,64.4327521793276));
#11667=CARTESIAN_POINT('',(-82.9695742713244,-41.4141937540948,64.4327521793276));
#11668=CARTESIAN_POINT('',(-82.9695742713245,-56.4141937540948,64.4330000000001));
#11669=CARTESIAN_POINT('',(-82.9695742713245,-56.4141937540949,57.6996260896638));
#11670=CARTESIAN_POINT('',(-82.9695742713245,-56.4141937540948,64.4330000000001));
#11671=CARTESIAN_POINT('',(-82.9695742713245,5.58580624590517,72.4330000000001));
#11672=CARTESIAN_POINT('',(-82.9695742713245,-14.4141937540948,72.4330000000001));
#11673=CARTESIAN_POINT('',(-82.9695742713245,5.58580624590517,66.4330000000001));
#11674=CARTESIAN_POINT('',(-82.9695742713245,5.58580624590517,9.46637608966389));
#11675=CARTESIAN_POINT('',(-82.9695742713245,-19.4141937540948,66.4330000000001));
#11676=CARTESIAN_POINT('',(-82.9695742713245,3.08580624590517,66.4330000000001));
#11677=CARTESIAN_POINT('Ctrl Pts',(-82.9695742713245,-55.5509718258782,
37.4999902983407));
#11678=CARTESIAN_POINT('Ctrl Pts',(-82.9695742713245,-54.9944668831686,
40.7846475032134));
#11679=CARTESIAN_POINT('Ctrl Pts',(-82.9695742713245,-54.1629776168514,
44.0267242149673));
#11680=CARTESIAN_POINT('Ctrl Pts',(-82.9695742713245,-51.3102751976329,
51.1792967951191));
#11681=CARTESIAN_POINT('Ctrl Pts',(-82.9695742713239,-49.2341138246392,
54.2095213138826));
#11682=CARTESIAN_POINT('Ctrl Pts',(-82.9695742713239,-44.6566244125505,
58.9495225029119));
#11683=CARTESIAN_POINT('Ctrl Pts',(-82.9695742713239,-41.9120715783024,
60.8082602448562));
#11684=CARTESIAN_POINT('Ctrl Pts',(-82.9695742713239,-33.6047224290473,
64.7043453084412));
#11685=CARTESIAN_POINT('Ctrl Pts',(-82.9695742713244,-27.0824362511707,
66.0781042644954));
#11686=CARTESIAN_POINT('Ctrl Pts',(-82.9695742713244,-19.4141937540948,
66.4330000000002));
#11687=CARTESIAN_POINT('Ctrl Pts',(-16.9695742713244,8.08580624590517,28.));
#11688=CARTESIAN_POINT('Ctrl Pts',(-19.4695742713244,8.08580624590517,28.));
#11689=CARTESIAN_POINT('Ctrl Pts',(-19.4695742713244,5.58580624590517,28.));
#11690=CARTESIAN_POINT('Ctrl Pts',(-16.9695742713244,10.5858062459052,28.));
#11691=CARTESIAN_POINT('Ctrl Pts',(-21.9695742713244,10.5858062459052,28.));
#11692=CARTESIAN_POINT('Ctrl Pts',(-21.9695742713244,5.58580624590517,28.));
#11693=CARTESIAN_POINT('Ctrl Pts',(-16.9695742713244,10.5858062459052,30.5));
#11694=CARTESIAN_POINT('Ctrl Pts',(-21.9695742713244,10.5858062459052,30.5));
#11695=CARTESIAN_POINT('Ctrl Pts',(-21.9695742713244,5.58580624590517,30.5));
#11696=CARTESIAN_POINT('',(-19.4695742713244,5.58580624590517,28.));
#11697=CARTESIAN_POINT('',(-21.9695742713244,5.58580624590517,30.5));
#11698=CARTESIAN_POINT('Origin',(-19.4695742713244,5.58580624590517,30.5));
#11699=CARTESIAN_POINT('',(-16.9695742713244,10.5858062459052,30.5));
#11700=CARTESIAN_POINT('Origin',(-16.9695742713244,5.58580624590517,30.5));
#11701=CARTESIAN_POINT('',(-16.9695742713244,8.08580624590517,28.));
#11702=CARTESIAN_POINT('Origin',(-16.9695742713244,8.08580624590517,30.5));
#11703=CARTESIAN_POINT('Origin',(-16.9695742713244,5.58580624590517,28.));
#11704=CARTESIAN_POINT('Origin',(-16.9695742713244,5.58580624590517,30.));
#11705=CARTESIAN_POINT('',(-21.9695742713244,5.58580624590517,66.4330000000001));
#11706=CARTESIAN_POINT('',(-16.9695742713244,10.5858062459052,66.4330000000001));
#11707=CARTESIAN_POINT('Origin',(-16.9695742713244,5.58580624590517,66.4330000000001));
#11708=CARTESIAN_POINT('',(-16.9695742713244,10.5858062459052,30.));
#11709=CARTESIAN_POINT('',(-21.9695742713244,5.58580624590517,30.));
#11710=CARTESIAN_POINT('Origin',(0.,-19.4141937540948,28.));
#11711=CARTESIAN_POINT('',(16.9695742713244,8.08580624590517,28.));
#11712=CARTESIAN_POINT('',(10.9847871356622,8.08580624590517,28.));
#11713=CARTESIAN_POINT('',(19.4695742713244,5.58580624590517,28.));
#11714=CARTESIAN_POINT('Origin',(16.9695742713244,5.58580624590517,28.));
#11715=CARTESIAN_POINT('',(19.4695742713244,-7.5,28.));
#11716=CARTESIAN_POINT('',(19.4695742713244,-39.4141937540948,28.));
#11717=CARTESIAN_POINT('',(-19.4695742713244,-7.5,28.));
#11718=CARTESIAN_POINT('',(-10.9847871356622,-7.5,28.));
#11719=CARTESIAN_POINT('',(-19.4695742713244,0.585806245905167,28.));
#11720=CARTESIAN_POINT('',(-5.00000000000001,4.74975275813181,28.));
#11721=CARTESIAN_POINT('',(-5.00000000000001,-0.792809826088599,28.));
#11722=CARTESIAN_POINT('',(-5.00000000000001,-7.27448547106255,28.));
#11723=CARTESIAN_POINT('',(-4.90000000000001,-0.966014906845487,28.));
#11724=CARTESIAN_POINT('Origin',(-4.80000000000001,-0.792809826088599,28.));
#11725=CARTESIAN_POINT('',(-0.100000000000007,-3.73729619895569,28.));
#11726=CARTESIAN_POINT('',(0.881647883819162,-4.30405086892812,28.));
#11727=CARTESIAN_POINT('',(0.0999999999999931,-3.73729619895569,28.));
#11728=CARTESIAN_POINT('Origin',(-7.11110586878118E-15,-3.5640911181988,
28.));
#11729=CARTESIAN_POINT('',(4.9,-0.966014906845492,28.));
#11730=CARTESIAN_POINT('',(-3.38164788381917,-5.74742654190217,28.));
#11731=CARTESIAN_POINT('',(5.,-0.792809826088605,28.));
#11732=CARTESIAN_POINT('Origin',(4.8,-0.792809826088604,28.));
#11733=CARTESIAN_POINT('',(5.,4.74975275813181,28.));
#11734=CARTESIAN_POINT('',(5.,-10.1612368170107,28.));
#11735=CARTESIAN_POINT('',(4.9,4.9229578388887,28.));
#11736=CARTESIAN_POINT('Origin',(4.8,4.74975275813181,28.));
#11737=CARTESIAN_POINT('',(0.0999999999999945,7.6942391309989,28.));
#11738=CARTESIAN_POINT('',(8.38164788381916,2.91282749594222,28.));
#11739=CARTESIAN_POINT('',(-0.100000000000005,7.6942391309989,28.));
#11740=CARTESIAN_POINT('Origin',(-5.5773867101844E-15,7.52103405024201,
28.));
#11741=CARTESIAN_POINT('',(-4.90000000000001,4.92295783888869,28.));
#11742=CARTESIAN_POINT('',(-5.88164788381917,4.35620316891627,28.));
#11743=CARTESIAN_POINT('Origin',(-4.80000000000001,4.74975275813181,28.));
#11744=CARTESIAN_POINT('Origin',(10.9847871356622,8.08580624590517,30.5));
#11745=CARTESIAN_POINT('',(16.9695742713244,10.5858062459052,30.5));
#11746=CARTESIAN_POINT('',(10.9847871356622,10.5858062459052,30.5));
#11747=CARTESIAN_POINT('Origin',(16.9695742713244,8.08580624590517,30.5));
#11748=CARTESIAN_POINT('Origin',(21.9695742713244,10.5858062459052,30.));
#11749=CARTESIAN_POINT('',(-22.9695742713246,10.5858062459052,66.4330000000001));
#11750=CARTESIAN_POINT('',(21.9695742713245,10.5858062459052,66.4330000000001));
#11751=CARTESIAN_POINT('',(-22.9695742713247,10.5858062459052,72.433));
#11752=CARTESIAN_POINT('',(-22.9695742713246,10.5858062459052,51.2165));
#11753=CARTESIAN_POINT('',(22.9694257286759,10.5858062459052,72.433));
#11754=CARTESIAN_POINT('',(6.87500000000004,10.5858062459052,72.433));
#11755=CARTESIAN_POINT('',(22.9694257286759,10.5858062459052,66.4330000000001));
#11756=CARTESIAN_POINT('',(22.969425728676,10.5858062459052,48.2165));
#11757=CARTESIAN_POINT('',(16.9695742713244,10.5858062459052,66.4330000000001));
#11758=CARTESIAN_POINT('',(21.9695742713245,10.5858062459052,66.4330000000001));
#11759=CARTESIAN_POINT('',(16.9695742713244,10.5858062459052,30.));
#11760=CARTESIAN_POINT('Ctrl Pts',(19.4695742713244,5.58580624590517,28.));
#11761=CARTESIAN_POINT('Ctrl Pts',(19.4695742713244,8.08580624590517,28.));
#11762=CARTESIAN_POINT('Ctrl Pts',(16.9695742713244,8.08580624590517,28.));
#11763=CARTESIAN_POINT('Ctrl Pts',(21.9695742713244,5.58580624590517,28.));
#11764=CARTESIAN_POINT('Ctrl Pts',(21.9695742713244,10.5858062459052,28.));
#11765=CARTESIAN_POINT('Ctrl Pts',(16.9695742713244,10.5858062459052,28.));
#11766=CARTESIAN_POINT('Ctrl Pts',(21.9695742713244,5.58580624590517,30.5));
#11767=CARTESIAN_POINT('Ctrl Pts',(21.9695742713244,10.5858062459052,30.5));
#11768=CARTESIAN_POINT('Ctrl Pts',(16.9695742713244,10.5858062459052,30.5));
#11769=CARTESIAN_POINT('',(21.9695742713244,5.58580624590517,30.5));
#11770=CARTESIAN_POINT('Origin',(16.9695742713244,5.58580624590517,30.5));
#11771=CARTESIAN_POINT('Origin',(19.4695742713244,5.58580624590517,30.5));
#11772=CARTESIAN_POINT('Origin',(16.9695742713244,5.58580624590517,30.));
#11773=CARTESIAN_POINT('',(21.9695742713244,5.58580624590517,66.4330000000001));
#11774=CARTESIAN_POINT('Origin',(16.9695742713244,5.58580624590517,66.4330000000001));
#11775=CARTESIAN_POINT('',(21.9695742713244,5.58580624590517,30.));
#11776=CARTESIAN_POINT('Origin',(19.4695742713244,-39.4141937540948,30.5));
#11777=CARTESIAN_POINT('',(21.9695742713244,-10.,30.5));
#11778=CARTESIAN_POINT('',(21.9695742713244,-39.4141937540948,30.5));
#11779=CARTESIAN_POINT('Origin',(19.4695742713244,-7.5,30.5));
#11780=CARTESIAN_POINT('Origin',(21.9695742713244,-59.4141937540948,30.));
#11781=CARTESIAN_POINT('',(21.9695742713245,-19.4141937540948,66.4330000000001));
#11782=CARTESIAN_POINT('',(21.9695742713244,-39.4141937540948,66.4330000000001));
#11783=CARTESIAN_POINT('',(21.9695742713244,-19.4141937540948,72.4330000000001));
#11784=CARTESIAN_POINT('',(21.9695742713244,-19.4141937540948,49.7165000000001));
#11785=CARTESIAN_POINT('',(21.9695742713244,-41.9141937540948,72.433));
#11786=CARTESIAN_POINT('',(21.9695742713244,-40.,66.4330000000002));
#11787=CARTESIAN_POINT('',(21.9695742713244,-57.9141937540948,66.4330000000002));
#11788=CARTESIAN_POINT('',(21.9695742713244,-10.,36.4330000000001));
#11789=CARTESIAN_POINT('Origin',(21.9695742713244,-40.,36.4330000000001));
#11790=CARTESIAN_POINT('',(21.9695742713244,-10.,29.));
#11791=CARTESIAN_POINT('Origin',(-77.9695742713245,5.58580624590517,9.46637608966389));
#11792=CARTESIAN_POINT('',(-77.9695742713244,10.5858062459052,72.433));
#11793=CARTESIAN_POINT('Origin',(-77.9695742713244,5.58580624590517,72.4330000000002));
#11794=CARTESIAN_POINT('',(-77.9695742713244,10.5858062459052,66.4330000000001));
#11795=CARTESIAN_POINT('',(-77.9695742713245,10.5858062459052,9.46637608966389));
#11796=CARTESIAN_POINT('Origin',(-77.9695742713244,5.58580624590517,66.4330000000003));
#11797=CARTESIAN_POINT('Origin',(21.9695742713244,10.5858062459052,30.));
#11798=CARTESIAN_POINT('',(-67.9695742713247,10.5858062459052,72.433));
#11799=CARTESIAN_POINT('',(6.87500000000004,10.5858062459052,72.433));
#11800=CARTESIAN_POINT('',(-67.9695742713246,10.5858062459052,66.4330000000001));
#11801=CARTESIAN_POINT('',(-67.9695742713246,10.5858062459052,48.2164999999999));
#11802=CARTESIAN_POINT('',(21.9695742713245,10.5858062459052,66.4330000000001));
#11803=CARTESIAN_POINT('Origin',(-8.21957427132435,-24.4141937540948,72.4330000000001));
#11804=CARTESIAN_POINT('',(82.9694257286758,5.58580624590517,72.4330000000001));
#11805=CARTESIAN_POINT('',(82.9694257286758,-41.9141937540948,72.4330000000001));
#11806=CARTESIAN_POINT('',(77.9694257286758,10.5858062459052,72.433));
#11807=CARTESIAN_POINT('Origin',(77.9694257286758,5.58580624590517,72.4330000000001));
#11808=CARTESIAN_POINT('',(67.9694257286759,10.5858062459052,72.433));
#11809=CARTESIAN_POINT('',(6.87500000000004,10.5858062459052,72.433));
#11810=CARTESIAN_POINT('',(62.9694257286759,15.5858062459052,72.4330000000003));
#11811=CARTESIAN_POINT('Origin',(67.9694257286759,15.5858062459052,72.4330000000004));
#11812=CARTESIAN_POINT('',(62.9694257286759,45.5858062459052,72.4330000000003));
#11813=CARTESIAN_POINT('',(62.9694257286759,10.5858062459052,72.4330000000003));
#11814=CARTESIAN_POINT('',(57.9694257286759,50.5858062459052,72.4330000000002));
#11815=CARTESIAN_POINT('Origin',(57.9694257286759,45.5858062459052,72.4330000000003));
#11816=CARTESIAN_POINT('',(32.9694257286759,50.5858062459052,72.4330000000001));
#11817=CARTESIAN_POINT('',(27.9694257286759,50.5858062459052,72.4330000000001));
#11818=CARTESIAN_POINT('',(27.9694257286759,45.5858062459052,72.4330000000001));
#11819=CARTESIAN_POINT('Origin',(32.9694257286759,45.5858062459052,72.4330000000002));
#11820=CARTESIAN_POINT('',(27.9694257286759,15.5858062459052,72.4330000000001));
#11821=CARTESIAN_POINT('',(27.9694257286759,10.5858062459052,72.4330000000001));
#11822=CARTESIAN_POINT('Origin',(22.9694257286759,15.5858062459052,72.4330000000002));
#11823=CARTESIAN_POINT('',(-27.9695742713247,15.5858062459052,72.4330000000001));
#11824=CARTESIAN_POINT('Origin',(-22.9695742713247,15.5858062459052,72.433));
#11825=CARTESIAN_POINT('',(-27.9695742713247,45.5858062459052,72.4330000000001));
#11826=CARTESIAN_POINT('',(-27.9695742713247,10.5858062459052,72.4330000000001));
#11827=CARTESIAN_POINT('',(-32.9695742713247,50.5858062459052,72.4330000000001));
#11828=CARTESIAN_POINT('Origin',(-32.9695742713247,45.5858062459052,72.433));
#11829=CARTESIAN_POINT('',(-57.9695742713247,50.5858062459052,72.433));
#11830=CARTESIAN_POINT('',(-27.9695742713247,50.5858062459052,72.4330000000001));
#11831=CARTESIAN_POINT('',(-62.9695742713247,45.5858062459052,72.433));
#11832=CARTESIAN_POINT('Origin',(-57.9695742713247,45.5858062459052,72.4329999999999));
#11833=CARTESIAN_POINT('',(-62.9695742713247,15.5858062459052,72.433));
#11834=CARTESIAN_POINT('',(-62.9695742713247,10.5858062459052,72.433));
#11835=CARTESIAN_POINT('Origin',(-67.9695742713247,15.5858062459052,72.4329999999998));
#11836=CARTESIAN_POINT('',(72.9694257286759,-19.4141937540948,72.4330000000001));
#11837=CARTESIAN_POINT('',(72.9694257286759,-62.4141937540948,72.4330000000001));
#11838=CARTESIAN_POINT('',(6.87500000000005,-19.4141937540948,72.433));
#11839=CARTESIAN_POINT('',(-2.88007947820218,-50.0000007450581,72.4330000000001));
#11840=CARTESIAN_POINT('Origin',(-0.380079478202182,-50.0000007450581,72.4330000000001));
#11841=CARTESIAN_POINT('',(-72.9695742713244,-19.4141937540948,72.433));
#11842=CARTESIAN_POINT('',(-72.9695742713244,-44.1641937540948,72.433));
#11843=CARTESIAN_POINT('',(-21.9695742713244,-19.4141937540948,72.4330000000001));
#11844=CARTESIAN_POINT('',(6.87500000000005,-19.4141937540948,72.4330000000001));
#11845=CARTESIAN_POINT('',(-21.9695742713244,-1.91419375409483,72.433));
#11846=CARTESIAN_POINT('',(65.4694257286759,-4.41419375409483,72.4330000000001));
#11847=CARTESIAN_POINT('Origin',(67.9694257286759,-4.41419375409483,72.4330000000001));
#11848=CARTESIAN_POINT('',(-70.4695742713246,-4.41419375409483,72.4330000000001));
#11849=CARTESIAN_POINT('Origin',(-67.9695742713246,-4.41419375409483,72.4330000000001));
#11850=CARTESIAN_POINT('',(42.969425728676,35.5858062459052,72.4330000000001));
#11851=CARTESIAN_POINT('Origin',(45.469425728676,35.5858062459052,72.4330000000001));
#11852=CARTESIAN_POINT('',(-47.9695742713247,35.5858062459052,72.4330000000001));
#11853=CARTESIAN_POINT('Origin',(-45.4695742713247,35.5858062459052,72.4330000000001));
#11854=CARTESIAN_POINT('Origin',(-67.9695742713246,15.5858062459052,48.2164999999999));
#11855=CARTESIAN_POINT('',(-62.9695742713246,15.5858062459052,66.4330000000002));
#11856=CARTESIAN_POINT('',(-62.9695742713246,15.5858062459052,48.2164999999999));
#11857=CARTESIAN_POINT('Origin',(-67.9695742713246,15.5858062459052,66.4329999999998));
#11858=CARTESIAN_POINT('Origin',(-62.9695742713246,10.5858062459052,66.4330000000002));
#11859=CARTESIAN_POINT('',(-62.9695742713246,45.5858062459052,66.4330000000002));
#11860=CARTESIAN_POINT('',(-62.9695742713246,45.5858062459052,67.9330000000001));
#11861=CARTESIAN_POINT('',(-62.9695742713246,10.5858062459052,66.4330000000002));
#11862=CARTESIAN_POINT('Origin',(-57.9695742713246,45.5858062459052,67.9330000000001));
#11863=CARTESIAN_POINT('',(-57.9695742713246,50.5858062459052,66.4330000000002));
#11864=CARTESIAN_POINT('',(-57.9695742713246,50.5858062459052,67.9330000000001));
#11865=CARTESIAN_POINT('Origin',(-57.9695742713246,45.5858062459052,66.4329999999998));
#11866=CARTESIAN_POINT('Origin',(-45.4695742713246,50.5858062459052,69.4330000000001));
#11867=CARTESIAN_POINT('',(-32.9695742713246,50.5858062459052,66.4330000000003));
#11868=CARTESIAN_POINT('',(-32.9695742713247,50.5858062459052,70.9330000000001));
#11869=CARTESIAN_POINT('',(-62.9695742713246,50.5858062459052,66.4330000000002));
#11870=CARTESIAN_POINT('Origin',(77.9694257286758,5.58580624590517,48.9665000000001));
#11871=CARTESIAN_POINT('',(82.9694257286758,5.58580624590517,66.4330000000001));
#11872=CARTESIAN_POINT('',(77.9694257286758,10.5858062459052,66.4330000000001));
#11873=CARTESIAN_POINT('Origin',(77.9694257286758,5.58580624590517,66.4330000000001));
#11874=CARTESIAN_POINT('',(77.9694257286758,10.5858062459052,48.9665000000001));
#11875=CARTESIAN_POINT('',(82.9694257286758,5.58580624590517,48.9665000000001));
#11876=CARTESIAN_POINT('Origin',(82.9694257286758,-4.41419375409483,67.9330000000001));
#11877=CARTESIAN_POINT('',(82.9694257286758,-19.4141937540948,66.4330000000001));
#11878=CARTESIAN_POINT('Ctrl Pts',(82.9694257286759,-19.4141937540948,66.4330000000002));
#11879=CARTESIAN_POINT('Ctrl Pts',(82.9694257286759,-20.819807653816,66.3679464523369));
#11880=CARTESIAN_POINT('Ctrl Pts',(82.9694257286759,-23.5728654400547,66.1789708504418));
#11881=CARTESIAN_POINT('Ctrl Pts',(82.9694257286759,-27.5279472162405,65.7189071260086));
#11882=CARTESIAN_POINT('Ctrl Pts',(82.9694257286759,-32.4465935072078,64.7464324323173));
#11883=CARTESIAN_POINT('Ctrl Pts',(82.9694257286759,-37.9634793700108,62.8918350808466));
#11884=CARTESIAN_POINT('Ctrl Pts',(82.9694257286759,-42.7926570242184,60.3412716643208));
#11885=CARTESIAN_POINT('Ctrl Pts',(82.9694257286759,-46.8782287320551,57.0381732366204));
#11886=CARTESIAN_POINT('Ctrl Pts',(82.9694257286759,-50.19008854918,52.9520723475241));
#11887=CARTESIAN_POINT('Ctrl Pts',(82.9694257286759,-52.6601488308015,48.3012238781035));
#11888=CARTESIAN_POINT('Ctrl Pts',(82.9694257286759,-54.1189843671664,44.1145538533777));
#11889=CARTESIAN_POINT('Ctrl Pts',(82.9694257286759,-54.9450259515561,40.7750371845016));
#11890=CARTESIAN_POINT('Ctrl Pts',(82.9694257286759,-55.377447564489,38.5247198031637));
#11891=CARTESIAN_POINT('Ctrl Pts',(82.9694257286759,-55.551029087948,37.5));
#11892=CARTESIAN_POINT('',(82.9694257286758,3.08580624590517,66.4330000000001));
#11893=CARTESIAN_POINT('',(82.9694257286758,-56.4141937540948,64.4330000000001));
#11894=CARTESIAN_POINT('',(82.9694257286758,-41.9141937540948,64.4330000000001));
#11895=CARTESIAN_POINT('',(82.9694257286757,-56.4141937540948,64.4327521793273));
#11896=CARTESIAN_POINT('',(82.9694257286759,-56.4141937540949,29.5));
#11897=CARTESIAN_POINT('',(82.9694257286757,-58.6641937540948,64.4327521793273));
#11898=CARTESIAN_POINT('Origin',(67.969425728676,15.5858062459052,51.2165000000002));
#11899=CARTESIAN_POINT('',(67.9694257286759,10.5858062459052,66.4330000000001));
#11900=CARTESIAN_POINT('',(62.9694257286759,15.5858062459052,66.4330000000002));
#11901=CARTESIAN_POINT('Origin',(67.9694257286759,15.5858062459052,66.4330000000003));
#11902=CARTESIAN_POINT('',(62.969425728676,15.5858062459052,51.2165000000002));
#11903=CARTESIAN_POINT('',(67.969425728676,10.5858062459052,51.2165000000002));
#11904=CARTESIAN_POINT('Origin',(62.9694257286759,10.5858062459052,72.4330000000003));
#11905=CARTESIAN_POINT('',(62.9694257286759,45.5858062459052,66.4330000000002));
#11906=CARTESIAN_POINT('',(62.9694257286759,10.5858062459052,66.4330000000002));
#11907=CARTESIAN_POINT('',(62.9694257286759,45.5858062459052,70.9330000000002));
#11908=CARTESIAN_POINT('Origin',(57.9694257286759,45.5858062459052,70.9330000000002));
#11909=CARTESIAN_POINT('',(57.9694257286759,50.5858062459052,66.4330000000002));
#11910=CARTESIAN_POINT('Origin',(57.9694257286759,45.5858062459052,66.4330000000003));
#11911=CARTESIAN_POINT('',(57.9694257286759,50.5858062459052,70.9330000000002));
#11912=CARTESIAN_POINT('Origin',(32.9694257286759,45.5858062459052,67.9330000000001));
#11913=CARTESIAN_POINT('',(32.9694257286759,50.5858062459052,66.4330000000001));
#11914=CARTESIAN_POINT('',(32.9694257286759,50.5858062459052,67.9330000000001));
#11915=CARTESIAN_POINT('',(27.9694257286759,45.5858062459052,66.433));
#11916=CARTESIAN_POINT('Origin',(32.9694257286759,45.5858062459052,66.4330000000002));
#11917=CARTESIAN_POINT('',(27.9694257286759,45.5858062459052,67.9330000000001));
#11918=CARTESIAN_POINT('Origin',(27.9694257286759,10.5858062459052,66.433));
#11919=CARTESIAN_POINT('',(27.9694257286759,15.5858062459052,66.433));
#11920=CARTESIAN_POINT('',(27.9694257286759,10.5858062459052,66.433));
#11921=CARTESIAN_POINT('',(27.969425728676,15.5858062459052,48.2165));
#11922=CARTESIAN_POINT('Origin',(22.969425728676,15.5858062459052,48.2165));
#11923=CARTESIAN_POINT('Origin',(22.9694257286759,15.5858062459052,66.4330000000001));
#11924=CARTESIAN_POINT('Origin',(-22.9695742713246,15.5858062459052,51.2165));
#11925=CARTESIAN_POINT('',(-27.9695742713246,15.5858062459052,66.4330000000003));
#11926=CARTESIAN_POINT('Origin',(-22.9695742713246,15.5858062459052,66.433));
#11927=CARTESIAN_POINT('',(-27.9695742713246,15.5858062459052,51.2165));
#11928=CARTESIAN_POINT('Origin',(-27.9695742713247,10.5858062459052,72.4330000000001));
#11929=CARTESIAN_POINT('',(-27.9695742713246,45.5858062459052,66.4330000000003));
#11930=CARTESIAN_POINT('',(-27.9695742713246,10.5858062459052,66.4330000000003));
#11931=CARTESIAN_POINT('',(-27.9695742713247,45.5858062459052,70.9330000000002));
#11932=CARTESIAN_POINT('Origin',(-32.9695742713247,45.5858062459052,70.9330000000001));
#11933=CARTESIAN_POINT('Origin',(-32.9695742713246,45.5858062459052,66.4329999999999));
#11934=CARTESIAN_POINT('Origin',(72.8802341707724,-43.5944528999635,24.5));
#11935=CARTESIAN_POINT('',(67.8802341707724,-43.5944528999635,24.5));
#11936=CARTESIAN_POINT('Origin',(67.8802341707724,-56.4141937540953,29.5));
#11937=CARTESIAN_POINT('',(67.8802341707723,-52.4141937540953,-11.4999999999997));
#11938=CARTESIAN_POINT('',(67.8802341707724,-62.4141937540949,-11.5));
#11939=CARTESIAN_POINT('',(67.8802341707723,-52.4141937540953,-8.26759781748082));
#11940=CARTESIAN_POINT('',(67.8802341707723,-52.4141937540953,-8.26759781748082));
#11941=CARTESIAN_POINT('',(67.8802341707723,-51.4141937540953,-8.26759781748082));
#11942=CARTESIAN_POINT('',(67.8802341707723,-39.4141937540953,-6.06759781748082));
#11943=CARTESIAN_POINT('',(67.8802341707723,-52.4141937540953,-6.06759781748082));
#11944=CARTESIAN_POINT('',(67.8802341707723,-39.4141937540953,-3.06759781748082));
#11945=CARTESIAN_POINT('',(67.8802341707723,-39.4141937540953,-6.06759781748082));
#11946=CARTESIAN_POINT('',(67.8802341707723,-52.4141937540953,-3.06759781748082));
#11947=CARTESIAN_POINT('Origin',(-72.0095907914502,-46.5944528999633,24.5));
#11948=CARTESIAN_POINT('',(-67.0095907914502,-46.5944528999633,24.5));
#11949=CARTESIAN_POINT('',(-72.0095907914502,-46.5944528999633,29.5));
#11950=CARTESIAN_POINT('Origin',(-67.0095907914502,-62.4141937540948,29.5));
#11951=CARTESIAN_POINT('',(-67.0095907914497,0.384891830477994,-11.5000000000003));
#11952=CARTESIAN_POINT('',(-67.0095907914497,0.384891830477994,-6.06759781748136));
#11953=CARTESIAN_POINT('',(-67.0095907914502,-46.2646509618084,-11.5000000000003));
#11954=CARTESIAN_POINT('Origin',(1.88023417077237,-46.5944528999633,24.5));
#11955=CARTESIAN_POINT('',(6.88023417077237,-46.5944528999633,24.5));
#11956=CARTESIAN_POINT('',(1.88023417077237,-46.5944528999633,29.5));
#11957=CARTESIAN_POINT('Origin',(6.88023417077237,-62.4141937540948,29.5));
#11958=CARTESIAN_POINT('',(6.88023417077239,-18.4141937540951,-6.06759781748106));
#11959=CARTESIAN_POINT('',(6.88023417077237,-18.4141937540951,-3.06759781748106));
#11960=CARTESIAN_POINT('',(6.88023417077228,-56.4141937540951,-6.06759781748106));
#11961=CARTESIAN_POINT('',(6.88023417077233,-41.4141937540951,-8.26759781748106));
#11962=CARTESIAN_POINT('',(6.88023417077229,-54.9141937540951,-8.26759781748106));
#11963=CARTESIAN_POINT('',(6.88023417077235,-41.4141937540951,-11.5));
#11964=CARTESIAN_POINT('',(6.88023417077233,-41.4141937540951,-8.26759781748106));
#11965=CARTESIAN_POINT('',(6.88023417077237,-56.414193754095,-11.5));
#11966=CARTESIAN_POINT('Origin',(-25.,-43.5944528999633,24.5));
#11967=CARTESIAN_POINT('',(-25.,-43.5944528999633,29.5));
#11968=CARTESIAN_POINT('Origin',(37.3802341707723,-50.4141937540952,-11.4999999999999));
#11969=CARTESIAN_POINT('',(62.8802341707723,-52.4141937540952,-11.4999999999998));
#11970=CARTESIAN_POINT('',(62.8802341707723,-53.4141937540952,-11.4999999999998));
#11971=CARTESIAN_POINT('',(50.1302341707723,-52.4141937540952,-11.4999999999998));
#11972=CARTESIAN_POINT('',(12.8802341707723,-41.4141937540951,-11.5));
#11973=CARTESIAN_POINT('',(22.1302341707723,-41.4141937540951,-11.4999999999999));
#11974=CARTESIAN_POINT('',(12.8802341707723,-45.9141937540951,-11.5));
#11975=CARTESIAN_POINT('',(12.8802341707723,-45.9141937540951,-11.5));
#11976=CARTESIAN_POINT('',(12.8802341707723,-51.9141937540951,-11.5));
#11977=CARTESIAN_POINT('Origin',(12.8802341707723,-48.9141937540951,-11.5));
#11978=CARTESIAN_POINT('',(12.8802341707723,-51.1641937540951,-11.5));
#11979=CARTESIAN_POINT('Origin',(37.3802341707723,-50.4141937540952,-3.06759781748094));
#11980=CARTESIAN_POINT('',(56.8802341707723,-39.4141937540952,-3.06759781748086));
#11981=CARTESIAN_POINT('',(52.6302341707723,-39.4141937540952,-3.06759781748088));
#11982=CARTESIAN_POINT('',(56.8802341707723,-51.4141937540952,-3.06759781748086));
#11983=CARTESIAN_POINT('Origin',(11.8802341707723,-42.4141937540951,-6.06759781748104));
#11984=CARTESIAN_POINT('',(12.8802341707723,-42.4141937540951,-6.06759781748104));
#11985=CARTESIAN_POINT('',(12.8802341707723,-42.4141937540951,-6.06759781748104));
#11986=CARTESIAN_POINT('',(11.8802341707723,-41.4141937540951,-6.06759781748104));
#11987=CARTESIAN_POINT('Origin',(11.8802341707723,-42.4141937540951,-6.06759781748104));
#11988=CARTESIAN_POINT('',(11.8802341707723,-41.4141937540951,-6.06759781748104));
#11989=CARTESIAN_POINT('Origin',(12.8802341707723,-41.4141937540951,-6.06759781748104));
#11990=CARTESIAN_POINT('',(9.88023417077232,-41.4141937540951,-6.06759781748105));
#11991=CARTESIAN_POINT('',(12.8802341707723,-41.4141937540951,-6.06759781748104));
#11992=CARTESIAN_POINT('',(9.88023417077232,-41.4141937540951,-4.56759781748105));
#11993=CARTESIAN_POINT('Origin',(37.3802341707723,-50.4141937540952,-6.06759781748094));
#11994=CARTESIAN_POINT('',(12.8802341707723,-45.9141937540951,-6.06759781748104));
#11995=CARTESIAN_POINT('',(12.8802341707723,-56.4141937540951,-6.06759781748104));
#11996=CARTESIAN_POINT('',(12.8802341707723,-51.9141937540951,-6.06759781748104));
#11997=CARTESIAN_POINT('Origin',(12.8802341707723,-48.9141937540951,-6.06759781748104));
#11998=CARTESIAN_POINT('',(12.8802341707723,-56.4141937540951,-6.06759781748104));
#11999=CARTESIAN_POINT('',(14.8802341707724,-18.4141937540951,-6.06759781748103));
#12000=CARTESIAN_POINT('',(9.88023417077239,-18.4141937540951,-6.06759781748105));
#12001=CARTESIAN_POINT('',(15.8802341707724,-19.4141937540951,-6.06759781748103));
#12002=CARTESIAN_POINT('Origin',(14.8802341707724,-19.4141937540951,-6.06759781748103));
#12003=CARTESIAN_POINT('',(15.8802341707724,-22.9141937540951,-6.06759781748103));
#12004=CARTESIAN_POINT('',(15.8802341707724,-18.4141937540951,-6.06759781748103));
#12005=CARTESIAN_POINT('',(14.8802341707724,-23.9141937540951,-6.06759781748103));
#12006=CARTESIAN_POINT('Origin',(14.8802341707724,-22.9141937540951,-6.06759781748103));
#12007=CARTESIAN_POINT('',(9.88023417077237,-23.9141937540951,-6.06759781748105));
#12008=CARTESIAN_POINT('',(15.8802341707724,-23.9141937540951,-6.06759781748103));
#12009=CARTESIAN_POINT('',(9.88023417077232,-41.4141937540951,-6.06759781748105));
#12010=CARTESIAN_POINT('',(14.8802341707724,-20.9141937540951,-6.06759781748103));
#12011=CARTESIAN_POINT('Origin',(12.8802341707724,-20.9141937540951,-6.06759781748104));
#12012=CARTESIAN_POINT('Origin',(14.8802341707724,-19.4141937540951,-3.06759781748103));
#12013=CARTESIAN_POINT('',(14.8802341707724,-18.4141937540951,-3.06759781748103));
#12014=CARTESIAN_POINT('',(15.8802341707724,-19.4141937540951,-3.06759781748103));
#12015=CARTESIAN_POINT('Origin',(15.8802341707724,-18.4141937540951,-3.06759781748103));
#12016=CARTESIAN_POINT('',(15.8802341707724,-22.9141937540951,-3.06759781748103));
#12017=CARTESIAN_POINT('Origin',(14.8802341707724,-22.9141937540951,-3.06759781748103));
#12018=CARTESIAN_POINT('',(14.8802341707724,-23.9141937540951,-3.06759781748103));
#12019=CARTESIAN_POINT('Origin',(15.8802341707724,-23.9141937540951,-3.06759781748103));
#12020=CARTESIAN_POINT('',(9.88023417077235,-23.9141937540951,-3.06759781748105));
#12021=CARTESIAN_POINT('Origin',(12.8802341707724,-20.9141937540951,-3.06759781748104));
#12022=CARTESIAN_POINT('',(14.8802341707724,-20.9141937540951,-3.06759781748103));
#12023=CARTESIAN_POINT('Origin',(9.88023417077235,-23.9141937540951,-3.06759781748105));
#12024=CARTESIAN_POINT('Origin',(6.88023417077237,-18.4141937540951,-3.06759781748106));
#12025=CARTESIAN_POINT('Origin',(37.3802341707723,-50.4141937540952,-8.26759781748094));
#12026=CARTESIAN_POINT('',(62.8802341707723,-52.4141937540952,-8.26759781748084));
#12027=CARTESIAN_POINT('',(50.1302341707723,-52.4141937540952,-8.26759781748089));
#12028=CARTESIAN_POINT('',(62.8802341707723,-53.4141937540952,-8.26759781748084));
#12029=CARTESIAN_POINT('Origin',(37.3802341707723,-50.4141937540952,-8.26759781748094));
#12030=CARTESIAN_POINT('',(12.8802341707723,-51.9141937540951,-8.26759781748104));
#12031=CARTESIAN_POINT('',(12.8802341707723,-51.1641937540951,-8.26759781748104));
#12032=CARTESIAN_POINT('',(12.8802341707723,-45.9141937540951,-8.26759781748104));
#12033=CARTESIAN_POINT('Origin',(12.8802341707723,-48.9141937540951,-8.26759781748104));
#12034=CARTESIAN_POINT('',(12.8802341707723,-41.4141937540951,-8.26759781748104));
#12035=CARTESIAN_POINT('',(12.8802341707723,-45.9141937540951,-8.26759781748104));
#12036=CARTESIAN_POINT('',(22.1302341707723,-41.4141937540951,-8.267597817481));
#12037=CARTESIAN_POINT('Origin',(62.8802341707723,-52.4141937540952,-8.26759781748084));
#12038=CARTESIAN_POINT('',(62.8802341707723,-52.4141937540952,-8.26759781748084));
#12039=CARTESIAN_POINT('Origin',(62.8802341707723,-56.4141937540952,-8.26759781748084));
#12040=CARTESIAN_POINT('Origin',(12.8802341707723,-51.9141937540951,-8.26759781748104));
#12041=CARTESIAN_POINT('',(12.8802341707723,-51.9141937540951,-8.26759781748104));
#12042=CARTESIAN_POINT('Origin',(12.8802341707723,-48.9141937540951,-8.26759781748104));
#12043=CARTESIAN_POINT('',(12.8802341707723,-45.9141937540951,-8.26759781748104));
#12044=CARTESIAN_POINT('Origin',(12.8802341707723,-41.4141937540951,-8.26759781748104));
#12045=CARTESIAN_POINT('',(12.8802341707723,-41.4141937540951,-8.26759781748104));
#12046=CARTESIAN_POINT('Origin',(6.88023417077233,-41.4141937540951,-8.26759781748106));
#12047=CARTESIAN_POINT('Origin',(37.3802341707723,-50.4141937540952,-6.06759781748094));
#12048=CARTESIAN_POINT('',(56.8802341707723,-39.4141937540952,-6.06759781748086));
#12049=CARTESIAN_POINT('',(56.8802341707723,-51.4141937540952,-6.06759781748086));
#12050=CARTESIAN_POINT('',(52.6302341707723,-39.4141937540952,-6.06759781748088));
#12051=CARTESIAN_POINT('Origin',(12.8802341707723,-48.9141937540951,-6.06759781748104));
#12052=CARTESIAN_POINT('',(12.8802341707723,-45.9141937540951,-6.06759781748104));
#12053=CARTESIAN_POINT('',(12.8802341707723,-51.9141937540951,-6.06759781748104));
#12054=CARTESIAN_POINT('Origin',(12.8802341707723,-56.4141937540951,-6.06759781748104));
#12055=CARTESIAN_POINT('Origin',(56.8802341707723,-52.4141937540952,-6.06759781748086));
#12056=CARTESIAN_POINT('',(56.8802341707723,-39.4141937540952,-6.06759781748086));
#12057=CARTESIAN_POINT('Origin',(67.8802341707723,-39.4141937540953,-6.06759781748082));
#12058=CARTESIAN_POINT('Origin',(12.8802341707723,-45.9141937540951,-6.06759781748104));
#12059=CARTESIAN_POINT('Origin',(-47.0095907914501,-60.6151081695221,-6.06759781748128));
#12060=CARTESIAN_POINT('',(-47.00959079145,-52.6151081695221,-6.06759781748128));
#12061=CARTESIAN_POINT('Origin',(-50.0095907914497,-4.6151081695221,-6.06759781748129));
#12062=CARTESIAN_POINT('',(-50.0095907914497,-5.6151081695221,-6.06759781748129));
#12063=CARTESIAN_POINT('',(-50.0095907914497,-5.6151081695221,-6.06759781748129));
#12064=CARTESIAN_POINT('',(-49.0095907914497,-4.61510816952211,-6.06759781748129));
#12065=CARTESIAN_POINT('Origin',(-50.0095907914497,-4.6151081695221,-6.06759781748129));
#12066=CARTESIAN_POINT('',(-49.0095907914497,-4.61510816952211,-6.06759781748129));
#12067=CARTESIAN_POINT('Origin',(-49.0095907914497,-5.61510816952211,-6.06759781748129));
#12068=CARTESIAN_POINT('',(-49.0095907914497,-2.61510816952211,-6.06759781748129));
#12069=CARTESIAN_POINT('',(-49.0095907914497,-5.61510816952211,-6.06759781748129));
#12070=CARTESIAN_POINT('',(-49.0095907914497,-2.61510816952211,-4.56759781748129));
#12071=CARTESIAN_POINT('Origin',(-58.0095907914499,-30.1151081695221,-6.06759781748132));
#12072=CARTESIAN_POINT('',(-53.5095907914497,-5.61510816952208,-6.06759781748131));
#12073=CARTESIAN_POINT('',(-64.0095907914497,-5.61510816952202,-6.06759781748135));
#12074=CARTESIAN_POINT('',(-59.5095907914497,-5.61510816952205,-6.06759781748133));
#12075=CARTESIAN_POINT('Origin',(-56.5095907914497,-5.61510816952207,-6.06759781748132));
#12076=CARTESIAN_POINT('',(-64.0095907914497,-5.61510816952202,-6.06759781748135));
#12077=CARTESIAN_POINT('',(-26.0095907914497,0.384891830477754,-6.06759781748119));
#12078=CARTESIAN_POINT('',(-64.0095907914497,0.384891830477976,-6.06759781748135));
#12079=CARTESIAN_POINT('',(-26.0095907914497,-7.61510816952225,-6.06759781748119));
#12080=CARTESIAN_POINT('',(-26.0095907914497,-2.61510816952224,-6.06759781748119));
#12081=CARTESIAN_POINT('',(-27.0095907914498,-8.61510816952225,-6.0675978174812));
#12082=CARTESIAN_POINT('Origin',(-27.0095907914497,-7.61510816952225,-6.0675978174812));
#12083=CARTESIAN_POINT('',(-30.5095907914498,-8.61510816952222,-6.06759781748121));
#12084=CARTESIAN_POINT('',(-26.0095907914498,-8.61510816952225,-6.06759781748119));
#12085=CARTESIAN_POINT('',(-31.5095907914498,-7.61510816952223,-6.06759781748122));
#12086=CARTESIAN_POINT('Origin',(-30.5095907914498,-7.61510816952223,-6.06759781748121));
#12087=CARTESIAN_POINT('',(-31.5095907914497,-2.61510816952222,-6.06759781748122));
#12088=CARTESIAN_POINT('',(-31.5095907914498,-8.61510816952222,-6.06759781748122));
#12089=CARTESIAN_POINT('',(-49.0095907914497,-2.61510816952211,-6.06759781748129));
#12090=CARTESIAN_POINT('',(-28.5095907914497,-7.61510816952224,-6.06759781748121));
#12091=CARTESIAN_POINT('Origin',(-28.5095907914497,-5.61510816952223,-6.06759781748121));
#12092=CARTESIAN_POINT('Origin',(-27.0095907914498,-7.61510816952225,-3.0675978174812));
#12093=CARTESIAN_POINT('',(-26.0095907914498,-7.61510816952225,-3.06759781748119));
#12094=CARTESIAN_POINT('',(-27.0095907914498,-8.61510816952225,-3.0675978174812));
#12095=CARTESIAN_POINT('Origin',(-26.0095907914498,-8.61510816952225,-3.06759781748119));
#12096=CARTESIAN_POINT('',(-30.5095907914498,-8.61510816952222,-3.06759781748121));
#12097=CARTESIAN_POINT('Origin',(-30.5095907914498,-7.61510816952223,-3.06759781748121));
#12098=CARTESIAN_POINT('',(-31.5095907914498,-7.61510816952223,-3.06759781748122));
#12099=CARTESIAN_POINT('Origin',(-31.5095907914498,-8.61510816952222,-3.06759781748122));
#12100=CARTESIAN_POINT('',(-31.5095907914497,-2.61510816952222,-3.06759781748122));
#12101=CARTESIAN_POINT('Origin',(-28.5095907914497,-5.61510816952223,-3.0675978174812));
#12102=CARTESIAN_POINT('',(-28.5095907914498,-7.61510816952224,-3.0675978174812));
#12103=CARTESIAN_POINT('Origin',(-31.5095907914497,-2.61510816952222,-3.06759781748122));
#12104=CARTESIAN_POINT('Origin',(-26.0095907914497,0.384891830477754,-3.06759781748119));
#12105=CARTESIAN_POINT('',(-26.0095907914497,0.384891830477754,-3.06759781748119));
#12106=CARTESIAN_POINT('Origin',(-49.0095907914497,0.384891830477887,-6.06759781748129));
#12107=CARTESIAN_POINT('',(-49.0095907914497,0.384891830477887,-8.26759781748129));
#12108=CARTESIAN_POINT('',(-62.5095907914497,0.384891830477967,-8.26759781748134));
#12109=CARTESIAN_POINT('',(-49.0095907914497,0.384891830477887,-11.5000000000002));
#12110=CARTESIAN_POINT('',(-49.0095907914497,0.384891830477887,-8.26759781748129));
#12111=CARTESIAN_POINT('',(-53.5095907914497,0.384891830477914,-11.5000000000002));
#12112=CARTESIAN_POINT('Origin',(-58.0095907914499,-30.1151081695221,-8.26759781748132));
#12113=CARTESIAN_POINT('',(-59.5095907914497,-5.61510816952205,-8.26759781748133));
#12114=CARTESIAN_POINT('',(-58.7595907914497,-5.61510816952205,-8.26759781748133));
#12115=CARTESIAN_POINT('',(-53.5095907914497,-5.61510816952208,-8.26759781748131));
#12116=CARTESIAN_POINT('Origin',(-56.5095907914497,-5.61510816952207,-8.26759781748132));
#12117=CARTESIAN_POINT('',(-49.0095907914497,-5.61510816952211,-8.26759781748129));
#12118=CARTESIAN_POINT('',(-53.5095907914497,-5.61510816952208,-8.26759781748131));
#12119=CARTESIAN_POINT('',(-49.0095907914498,-14.8651081695221,-8.26759781748129));
#12120=CARTESIAN_POINT('Origin',(-60.00959079145,-55.6151081695221,-8.26759781748133));
#12121=CARTESIAN_POINT('',(-60.0095907914501,-60.9141937540949,-11.5));
#12122=CARTESIAN_POINT('Origin',(-59.5095907914497,-5.61510816952205,-8.26759781748133));
#12123=CARTESIAN_POINT('',(-59.5095907914497,-5.61510816952205,-11.5000000000002));
#12124=CARTESIAN_POINT('',(-58.7595907914497,-5.61510816952205,-11.5000000000002));
#12125=CARTESIAN_POINT('',(-59.5095907914497,-5.61510816952205,-8.26759781748133));
#12126=CARTESIAN_POINT('Origin',(-56.5095907914497,-5.61510816952207,-8.26759781748132));
#12127=CARTESIAN_POINT('',(-53.5095907914497,-5.61510816952208,-11.5000000000002));
#12128=CARTESIAN_POINT('Origin',(-56.5095907914497,-5.61510816952207,-11.5000000000002));
#12129=CARTESIAN_POINT('',(-53.5095907914497,-5.61510816952208,-8.26759781748131));
#12130=CARTESIAN_POINT('Origin',(-49.0095907914497,-5.61510816952211,-8.26759781748129));
#12131=CARTESIAN_POINT('',(-49.0095907914497,-5.61510816952211,-11.5000000000002));
#12132=CARTESIAN_POINT('',(-53.5095907914497,-5.61510816952208,-11.5000000000002));
#12133=CARTESIAN_POINT('',(-49.0095907914497,-5.61510816952211,-8.26759781748129));
#12134=CARTESIAN_POINT('Origin',(-49.0095907914497,0.384891830477887,-8.26759781748129));
#12135=CARTESIAN_POINT('',(-49.0095907914498,-14.8651081695221,-11.5000000000002));
#12136=CARTESIAN_POINT('Origin',(-56.5095907914497,-5.61510816952207,-6.06759781748132));
#12137=CARTESIAN_POINT('',(-53.5095907914497,-5.61510816952208,-6.06759781748131));
#12138=CARTESIAN_POINT('',(-59.5095907914497,-5.61510816952205,-6.06759781748133));
#12139=CARTESIAN_POINT('Origin',(-64.0095907914497,-5.61510816952202,-6.06759781748135));
#12140=CARTESIAN_POINT('Origin',(-60.00959079145,-52.615108169522,-6.06759781748133));
#12141=CARTESIAN_POINT('Origin',(-53.5095907914497,-5.61510816952208,-6.06759781748131));
#12142=CARTESIAN_POINT('Origin',(-48.5047953957251,-59.4141937540949,-11.5));
#12143=CARTESIAN_POINT('Origin',(45.,-30.7747120458317,29.5));
#12144=CARTESIAN_POINT('',(-33.3566644036209,-56.4141937540949,29.5));
#12145=CARTESIAN_POINT('Origin',(45.,-30.7747120458317,29.5));
#12146=CARTESIAN_POINT('',(-60.,-20.,29.5));
#12147=CARTESIAN_POINT('',(-60.,-20.3873560229158,29.5));
#12148=CARTESIAN_POINT('',(-50.,-9.99999999999998,29.5));
#12149=CARTESIAN_POINT('Origin',(-50.,-20.,29.5));
#12150=CARTESIAN_POINT('',(-40.,-9.99999999999998,29.5));
#12151=CARTESIAN_POINT('',(-37.5,-9.99999999999998,29.5));
#12152=CARTESIAN_POINT('',(-30.,-20.,29.5));
#12153=CARTESIAN_POINT('Origin',(-40.,-20.,29.5));
#12154=CARTESIAN_POINT('',(-30.,-41.1620680687475,29.5));
#12155=CARTESIAN_POINT('',(-51.5,-40.0247120458317,29.5));
#12156=CARTESIAN_POINT('',(-51.5,-30.4772255750516,29.5));
#12157=CARTESIAN_POINT('',(-51.5,-35.3997120458317,29.5));
#12158=CARTESIAN_POINT('',(-38.5,-40.0247120458317,29.5));
#12159=CARTESIAN_POINT('Origin',(-45.,-40.0247120458317,29.5));
#12160=CARTESIAN_POINT('',(-38.5,-30.4772255750516,29.5));
#12161=CARTESIAN_POINT('',(-38.5,-30.6259688104417,29.5));
#12162=CARTESIAN_POINT('Origin',(-45.,-25.,29.5));
#12163=CARTESIAN_POINT('',(-34.8075479626959,-34.9828886516567,29.5));
#12164=CARTESIAN_POINT('',(-34.8075479626959,-40.9828886516567,29.5));
#12165=CARTESIAN_POINT('',(-34.8075479626959,-32.3788003487442,29.5));
#12166=CARTESIAN_POINT('',(-35.8075479626959,-33.9828886516567,29.5));
#12167=CARTESIAN_POINT('Origin',(-35.8075479626959,-34.9828886516567,29.5));
#12168=CARTESIAN_POINT('',(-36.8075479626959,-33.9828886516567,29.5));
#12169=CARTESIAN_POINT('',(-41.403773981348,-33.9828886516567,29.5));
#12170=CARTESIAN_POINT('',(-37.8075479626959,-34.9828886516567,29.5));
#12171=CARTESIAN_POINT('Origin',(-36.8075479626959,-34.9828886516567,29.5));
#12172=CARTESIAN_POINT('',(-37.8075479626959,-40.9828886516567,29.5));
#12173=CARTESIAN_POINT('',(-37.8075479626959,-36.3788003487442,29.5));
#12174=CARTESIAN_POINT('',(-36.8075479626959,-41.9828886516567,29.5));
#12175=CARTESIAN_POINT('Origin',(-36.8075479626959,-40.9828886516567,29.5));
#12176=CARTESIAN_POINT('',(-35.8075479626959,-41.9828886516567,29.5));
#12177=CARTESIAN_POINT('',(-39.903773981348,-41.9828886516567,29.5));
#12178=CARTESIAN_POINT('Origin',(-35.8075479626959,-40.9828886516567,29.5));
#12179=CARTESIAN_POINT('',(-55.2464266343441,-40.9828886516567,29.5));
#12180=CARTESIAN_POINT('',(-55.2464266343441,-34.9828886516567,29.5));
#12181=CARTESIAN_POINT('',(-55.2464266343441,-36.3788003487442,29.5));
#12182=CARTESIAN_POINT('',(-54.2464266343441,-41.9828886516567,29.5));
#12183=CARTESIAN_POINT('Origin',(-54.2464266343441,-40.9828886516567,29.5));
#12184=CARTESIAN_POINT('',(-53.2464266343441,-41.9828886516567,29.5));
#12185=CARTESIAN_POINT('',(-48.6232133171721,-41.9828886516567,29.5));
#12186=CARTESIAN_POINT('',(-52.2464266343441,-40.9828886516567,29.5));
#12187=CARTESIAN_POINT('Origin',(-53.2464266343441,-40.9828886516567,29.5));
#12188=CARTESIAN_POINT('',(-52.2464266343441,-34.9828886516567,29.5));
#12189=CARTESIAN_POINT('',(-52.2464266343441,-32.3788003487442,29.5));
#12190=CARTESIAN_POINT('',(-53.2464266343441,-33.9828886516567,29.5));
#12191=CARTESIAN_POINT('Origin',(-53.2464266343441,-34.9828886516567,29.5));
#12192=CARTESIAN_POINT('',(-54.2464266343441,-33.9828886516567,29.5));
#12193=CARTESIAN_POINT('',(-50.1232133171721,-33.9828886516567,29.5));
#12194=CARTESIAN_POINT('Origin',(-54.2464266343441,-34.9828886516567,29.5));
#12195=CARTESIAN_POINT('Origin',(45.,-30.7747120458317,29.5));
#12196=CARTESIAN_POINT('Origin',(45.,-30.7747120458317,29.5));
#12197=CARTESIAN_POINT('',(30.,-20.,29.5));
#12198=CARTESIAN_POINT('',(30.,-20.3873560229158,29.5));
#12199=CARTESIAN_POINT('',(40.,-9.99999999999998,29.5));
#12200=CARTESIAN_POINT('Origin',(40.,-20.,29.5));
#12201=CARTESIAN_POINT('',(50.,-9.99999999999998,29.5));
#12202=CARTESIAN_POINT('',(52.5,-9.99999999999998,29.5));
#12203=CARTESIAN_POINT('',(60.,-20.,29.5));
#12204=CARTESIAN_POINT('Origin',(50.,-20.,29.5));
#12205=CARTESIAN_POINT('',(60.,-41.1620680687475,29.5));
#12206=CARTESIAN_POINT('',(51.5,-30.4772255750516,29.5));
#12207=CARTESIAN_POINT('',(51.5,-40.0247120458317,29.5));
#12208=CARTESIAN_POINT('',(51.5,-30.6259688104417,29.5));
#12209=CARTESIAN_POINT('',(38.5,-30.4772255750516,29.5));
#12210=CARTESIAN_POINT('Origin',(45.,-25.,29.5));
#12211=CARTESIAN_POINT('',(38.5,-40.0247120458317,29.5));
#12212=CARTESIAN_POINT('',(38.5,-35.3997120458317,29.5));
#12213=CARTESIAN_POINT('Origin',(45.,-40.0247120458317,29.5));
#12214=CARTESIAN_POINT('',(37.7535733656559,-34.9828886516567,29.5));
#12215=CARTESIAN_POINT('',(37.7535733656559,-40.9828886516567,29.5));
#12216=CARTESIAN_POINT('',(37.7535733656559,-32.3788003487442,29.5));
#12217=CARTESIAN_POINT('',(36.7535733656559,-33.9828886516567,29.5));
#12218=CARTESIAN_POINT('Origin',(36.7535733656559,-34.9828886516567,29.5));
#12219=CARTESIAN_POINT('',(35.7535733656559,-33.9828886516567,29.5));
#12220=CARTESIAN_POINT('',(39.8767866828279,-33.9828886516567,29.5));
#12221=CARTESIAN_POINT('',(34.7535733656559,-34.9828886516567,29.5));
#12222=CARTESIAN_POINT('Origin',(35.7535733656559,-34.9828886516567,29.5));
#12223=CARTESIAN_POINT('',(34.7535733656559,-40.9828886516567,29.5));
#12224=CARTESIAN_POINT('',(34.7535733656559,-36.3788003487442,29.5));
#12225=CARTESIAN_POINT('',(35.7535733656559,-41.9828886516567,29.5));
#12226=CARTESIAN_POINT('Origin',(35.7535733656559,-40.9828886516567,29.5));
#12227=CARTESIAN_POINT('',(36.7535733656559,-41.9828886516567,29.5));
#12228=CARTESIAN_POINT('',(41.3767866828279,-41.9828886516567,29.5));
#12229=CARTESIAN_POINT('Origin',(36.7535733656559,-40.9828886516567,29.5));
#12230=CARTESIAN_POINT('',(52.1924520373041,-40.9828886516567,29.5));
#12231=CARTESIAN_POINT('',(52.1924520373041,-34.9828886516567,29.5));
#12232=CARTESIAN_POINT('',(52.1924520373041,-36.3788003487442,29.5));
#12233=CARTESIAN_POINT('',(53.1924520373041,-41.9828886516567,29.5));
#12234=CARTESIAN_POINT('Origin',(53.1924520373041,-40.9828886516567,29.5));
#12235=CARTESIAN_POINT('',(54.1924520373041,-41.9828886516567,29.5));
#12236=CARTESIAN_POINT('',(50.096226018652,-41.9828886516567,29.5));
#12237=CARTESIAN_POINT('',(55.1924520373041,-40.9828886516567,29.5));
#12238=CARTESIAN_POINT('Origin',(54.1924520373041,-40.9828886516567,29.5));
#12239=CARTESIAN_POINT('',(55.1924520373041,-34.9828886516567,29.5));
#12240=CARTESIAN_POINT('',(55.1924520373041,-32.3788003487442,29.5));
#12241=CARTESIAN_POINT('',(54.1924520373041,-33.9828886516567,29.5));
#12242=CARTESIAN_POINT('Origin',(54.1924520373041,-34.9828886516567,29.5));
#12243=CARTESIAN_POINT('',(53.1924520373041,-33.9828886516567,29.5));
#12244=CARTESIAN_POINT('',(48.596226018652,-33.9828886516567,29.5));
#12245=CARTESIAN_POINT('Origin',(53.1924520373041,-34.9828886516567,29.5));
#12246=CARTESIAN_POINT('Origin',(-45.4695742713247,35.5858062459052,66.4330000000002));
#12247=CARTESIAN_POINT('',(-47.9695742713247,35.5858062459052,66.4330000000002));
#12248=CARTESIAN_POINT('Origin',(-45.4695742713247,35.5858062459052,66.4330000000001));
#12249=CARTESIAN_POINT('',(-47.9695742713247,35.5858062459052,66.4330000000002));
#12250=CARTESIAN_POINT('Origin',(45.469425728676,35.5858062459052,66.4330000000002));
#12251=CARTESIAN_POINT('',(42.969425728676,35.5858062459052,66.4330000000002));
#12252=CARTESIAN_POINT('Origin',(45.469425728676,35.5858062459052,66.4330000000001));
#12253=CARTESIAN_POINT('',(42.969425728676,35.5858062459052,66.4330000000002));
#12254=CARTESIAN_POINT('Origin',(-67.9695742713246,-4.41419375409483,66.4330000000002));
#12255=CARTESIAN_POINT('',(-70.4695742713246,-4.41419375409483,66.4330000000002));
#12256=CARTESIAN_POINT('Origin',(-67.9695742713246,-4.41419375409483,66.4330000000001));
#12257=CARTESIAN_POINT('',(-70.4695742713246,-4.41419375409483,66.4330000000002));
#12258=CARTESIAN_POINT('Origin',(67.9694257286759,-4.41419375409483,66.4330000000002));
#12259=CARTESIAN_POINT('',(65.4694257286759,-4.41419375409483,66.4330000000002));
#12260=CARTESIAN_POINT('Origin',(67.9694257286759,-4.41419375409483,66.4330000000001));
#12261=CARTESIAN_POINT('',(65.4694257286759,-4.41419375409483,66.4330000000002));
#12262=CARTESIAN_POINT('Origin',(45.4694257286759,50.5858062459052,69.4330000000002));
#12263=CARTESIAN_POINT('',(72.969425728676,50.5858062459052,66.4330000000002));
#12264=CARTESIAN_POINT('Origin',(21.9695742713244,10.5858062459052,30.));
#12265=CARTESIAN_POINT('',(21.9695742713245,10.5858062459052,66.4330000000001));
#12266=CARTESIAN_POINT('Ctrl Pts',(-82.9695742713245,-56.4141937540949,
29.5));
#12267=CARTESIAN_POINT('Ctrl Pts',(-72.9695742713245,-56.4141937540949,
29.5));
#12268=CARTESIAN_POINT('Ctrl Pts',(-82.9695742713245,-56.1026711157524,
35.357134871058));
#12269=CARTESIAN_POINT('Ctrl Pts',(-72.9695742713245,-56.1026711157524,
35.357134871058));
#12270=CARTESIAN_POINT('Ctrl Pts',(-82.9695742713245,-55.1401889436193,
41.5765650628015));
#12271=CARTESIAN_POINT('Ctrl Pts',(-72.9695742713245,-55.1401889436193,
41.5765650628015));
#12272=CARTESIAN_POINT('Ctrl Pts',(-82.9695742713245,-51.3102751976329,
51.1792967951191));
#12273=CARTESIAN_POINT('Ctrl Pts',(-72.9695742713245,-51.3102751976329,
51.1792967951191));
#12274=CARTESIAN_POINT('Ctrl Pts',(-82.9695742713239,-49.2341138246392,
54.2095213138826));
#12275=CARTESIAN_POINT('Ctrl Pts',(-72.9695742713239,-49.2341138246392,
54.2095213138826));
#12276=CARTESIAN_POINT('Ctrl Pts',(-82.9695742713239,-44.6566244125505,
58.9495225029119));
#12277=CARTESIAN_POINT('Ctrl Pts',(-72.9695742713239,-44.6566244125505,
58.9495225029119));
#12278=CARTESIAN_POINT('Ctrl Pts',(-82.9695742713239,-41.9120715783024,
60.8082602448562));
#12279=CARTESIAN_POINT('Ctrl Pts',(-72.9695742713239,-41.9120715783024,
60.8082602448562));
#12280=CARTESIAN_POINT('Ctrl Pts',(-82.9695742713239,-33.6047224290473,
64.7043453084412));
#12281=CARTESIAN_POINT('Ctrl Pts',(-72.9695742713239,-33.6047224290473,
64.7043453084412));
#12282=CARTESIAN_POINT('Ctrl Pts',(-82.9695742713244,-27.0824362511707,
66.0781042644954));
#12283=CARTESIAN_POINT('Ctrl Pts',(-72.9695742713244,-27.0824362511707,
66.0781042644954));
#12284=CARTESIAN_POINT('Ctrl Pts',(-82.9695742713244,-19.4141937540948,
66.4330000000002));
#12285=CARTESIAN_POINT('Ctrl Pts',(-72.9695742713244,-19.4141937540948,
66.4330000000002));
#12286=CARTESIAN_POINT('',(-72.9695742713244,-19.4141937540948,66.4330000000001));
#12287=CARTESIAN_POINT('',(21.9695742713245,-19.4141937540948,66.4330000000001));
#12288=CARTESIAN_POINT('Ctrl Pts',(-72.9695742713245,-56.4141937540949,
29.5));
#12289=CARTESIAN_POINT('Ctrl Pts',(-72.9695742713245,-56.1026711157524,
35.357134871058));
#12290=CARTESIAN_POINT('Ctrl Pts',(-72.9695742713245,-55.1401889436193,
41.5765650628015));
#12291=CARTESIAN_POINT('Ctrl Pts',(-72.9695742713245,-51.3102751976329,
51.1792967951191));
#12292=CARTESIAN_POINT('Ctrl Pts',(-72.9695742713239,-49.2341138246392,
54.2095213138826));
#12293=CARTESIAN_POINT('Ctrl Pts',(-72.9695742713239,-44.6566244125505,
58.9495225029119));
#12294=CARTESIAN_POINT('Ctrl Pts',(-72.9695742713239,-41.9120715783024,
60.8082602448562));
#12295=CARTESIAN_POINT('Ctrl Pts',(-72.9695742713239,-33.6047224290473,
64.7043453084412));
#12296=CARTESIAN_POINT('Ctrl Pts',(-72.9695742713244,-27.0824362511707,
66.0781042644954));
#12297=CARTESIAN_POINT('Ctrl Pts',(-72.9695742713244,-19.4141937540948,
66.4330000000002));
#12298=CARTESIAN_POINT('Origin',(-82.9695742713244,-56.4141937540948,64.4330000000001));
#12299=CARTESIAN_POINT('',(-171.515397213454,-56.4141937540948,64.4327521793278));
#12300=CARTESIAN_POINT('',(-72.9695742713245,-56.4141937540949,57.6996260896638));
#12301=CARTESIAN_POINT('',(-60.0000000000001,-56.4141937540948,64.4330000000001));
#12302=CARTESIAN_POINT('Origin',(-72.9695742713245,-25.9141937540948,50.9665));
#12303=CARTESIAN_POINT('',(-72.9695742713245,-19.4141937540948,58.6997500000002));
#12304=CARTESIAN_POINT('Origin',(-8.21957427132435,-24.4141937540948,64.4330000000001));
#12305=CARTESIAN_POINT('',(-60.0000000000001,-56.5494240916634,64.4330000000001));
#12306=CARTESIAN_POINT('',(-60.,-17.2070968770474,64.4330000000001));
#12307=CARTESIAN_POINT('',(-30.,-56.5494240916634,64.4330000000001));
#12308=CARTESIAN_POINT('',(-34.1097871356622,-56.5494240916634,64.4330000000001));
#12309=CARTESIAN_POINT('',(-30.,-37.9818089228791,64.4330000000001));
#12310=CARTESIAN_POINT('',(-21.9695742713244,20.5858062459052,64.433));
#12311=CARTESIAN_POINT('Origin',(82.9694257286759,-56.4141937540949,29.5));
#12312=CARTESIAN_POINT('',(-83.0153972134534,-56.4141937540948,64.4327521793276));
#12313=CARTESIAN_POINT('',(66.5304257286758,-56.4141937540948,64.4330000000001));
#12314=CARTESIAN_POINT('',(72.9694257286759,-56.4141937540949,29.5));
#12315=CARTESIAN_POINT('Ctrl Pts',(82.9694257286759,-19.4141937540948,66.4330000000002));
#12316=CARTESIAN_POINT('Ctrl Pts',(72.9694257286759,-19.4141937540948,66.4330000000002));
#12317=CARTESIAN_POINT('Ctrl Pts',(82.9694257286759,-20.819807653816,66.3679464523369));
#12318=CARTESIAN_POINT('Ctrl Pts',(72.9694257286759,-20.819807653816,66.3679464523369));
#12319=CARTESIAN_POINT('Ctrl Pts',(82.9694257286759,-23.5728654400547,66.1789708504418));
#12320=CARTESIAN_POINT('Ctrl Pts',(72.9694257286759,-23.5728654400547,66.1789708504418));
#12321=CARTESIAN_POINT('Ctrl Pts',(82.9694257286759,-27.5279472162405,65.7189071260086));
#12322=CARTESIAN_POINT('Ctrl Pts',(72.9694257286759,-27.5279472162405,65.7189071260086));
#12323=CARTESIAN_POINT('Ctrl Pts',(82.9694257286759,-32.4465935072078,64.7464324323173));
#12324=CARTESIAN_POINT('Ctrl Pts',(72.9694257286759,-32.4465935072078,64.7464324323173));
#12325=CARTESIAN_POINT('Ctrl Pts',(82.9694257286759,-37.9634793700108,62.8918350808466));
#12326=CARTESIAN_POINT('Ctrl Pts',(72.9694257286759,-37.9634793700108,62.8918350808466));
#12327=CARTESIAN_POINT('Ctrl Pts',(82.9694257286759,-42.7926570242184,60.3412716643208));
#12328=CARTESIAN_POINT('Ctrl Pts',(72.9694257286759,-42.7926570242184,60.3412716643208));
#12329=CARTESIAN_POINT('Ctrl Pts',(82.9694257286759,-46.8782287320551,57.0381732366204));
#12330=CARTESIAN_POINT('Ctrl Pts',(72.9694257286759,-46.8782287320551,57.0381732366204));
#12331=CARTESIAN_POINT('Ctrl Pts',(82.9694257286759,-50.19008854918,52.9520723475241));
#12332=CARTESIAN_POINT('Ctrl Pts',(72.9694257286759,-50.19008854918,52.9520723475241));
#12333=CARTESIAN_POINT('Ctrl Pts',(82.9694257286759,-52.7593441263521,48.1144501819642));
#12334=CARTESIAN_POINT('Ctrl Pts',(72.9694257286759,-52.7593441263521,48.1144501819642));
#12335=CARTESIAN_POINT('Ctrl Pts',(82.9694257286759,-54.6422320954797,42.5822186495742));
#12336=CARTESIAN_POINT('Ctrl Pts',(72.9694257286759,-54.6422320954797,42.5822186495742));
#12337=CARTESIAN_POINT('Ctrl Pts',(82.9694257286759,-55.6445993964766,37.6464391062469));
#12338=CARTESIAN_POINT('Ctrl Pts',(72.9694257286759,-55.6445993964766,37.6464391062469));
#12339=CARTESIAN_POINT('Ctrl Pts',(82.9694257286759,-56.130937977715,33.6759802434904));
#12340=CARTESIAN_POINT('Ctrl Pts',(72.9694257286759,-56.130937977715,33.6759802434904));
#12341=CARTESIAN_POINT('Ctrl Pts',(82.9694257286759,-56.3391169094311,30.9115674136207));
#12342=CARTESIAN_POINT('Ctrl Pts',(72.9694257286759,-56.3391169094311,30.9115674136207));
#12343=CARTESIAN_POINT('Ctrl Pts',(82.9694257286759,-56.4141937540949,29.5));
#12344=CARTESIAN_POINT('Ctrl Pts',(72.9694257286759,-56.4141937540949,29.5));
#12345=CARTESIAN_POINT('',(72.9694257286759,-19.4141937540948,66.4330000000002));
#12346=CARTESIAN_POINT('Ctrl Pts',(72.9694257286759,-19.4141937540948,66.4330000000002));
#12347=CARTESIAN_POINT('Ctrl Pts',(72.9694257286759,-20.819807653816,66.3679464523369));
#12348=CARTESIAN_POINT('Ctrl Pts',(72.9694257286759,-23.5728654400547,66.1789708504418));
#12349=CARTESIAN_POINT('Ctrl Pts',(72.9694257286759,-27.5279472162405,65.7189071260086));
#12350=CARTESIAN_POINT('Ctrl Pts',(72.9694257286759,-32.4465935072078,64.7464324323173));
#12351=CARTESIAN_POINT('Ctrl Pts',(72.9694257286759,-37.9634793700108,62.8918350808466));
#12352=CARTESIAN_POINT('Ctrl Pts',(72.9694257286759,-42.7926570242184,60.3412716643208));
#12353=CARTESIAN_POINT('Ctrl Pts',(72.9694257286759,-46.8782287320551,57.0381732366204));
#12354=CARTESIAN_POINT('Ctrl Pts',(72.9694257286759,-50.19008854918,52.9520723475241));
#12355=CARTESIAN_POINT('Ctrl Pts',(72.9694257286759,-52.7593441263521,48.1144501819642));
#12356=CARTESIAN_POINT('Ctrl Pts',(72.9694257286759,-54.6422320954797,42.5822186495742));
#12357=CARTESIAN_POINT('Ctrl Pts',(72.9694257286759,-55.6445993964766,37.6464391062469));
#12358=CARTESIAN_POINT('Ctrl Pts',(72.9694257286759,-56.130937977715,33.6759802434904));
#12359=CARTESIAN_POINT('Ctrl Pts',(72.9694257286759,-56.3391169094311,30.9115674136207));
#12360=CARTESIAN_POINT('Ctrl Pts',(72.9694257286759,-56.4141937540949,29.5));
#12361=CARTESIAN_POINT('',(21.9695742713245,-19.4141937540948,66.4330000000001));
#12362=CARTESIAN_POINT('Origin',(72.9694257286759,-37.9141937540949,50.9665000000001));
#12363=CARTESIAN_POINT('',(72.9694257286759,-19.4141937540948,60.1997500000001));
#12364=CARTESIAN_POINT('Origin',(-0.380079478202182,-50.0000007450581,66.4330000000002));
#12365=CARTESIAN_POINT('',(-2.88007947820218,-50.0000007450581,66.4330000000002));
#12366=CARTESIAN_POINT('Origin',(-0.380079478202182,-50.0000007450581,66.4330000000001));
#12367=CARTESIAN_POINT('',(-2.88007947820218,-50.0000007450581,66.4330000000002));
#12368=CARTESIAN_POINT('Origin',(-30.0000000000001,-51.5494240916634,49.0000000000001));
#12369=CARTESIAN_POINT('',(-32.0000000000001,-51.5494240916634,49.0000000000001));
#12370=CARTESIAN_POINT('',(-32.0000000000001,-51.5494240916634,49.0000000000001));
#12371=CARTESIAN_POINT('',(-30.,-51.5494240916634,49.0000000000001));
#12372=CARTESIAN_POINT('',(-30.0000000000001,-51.5494240916634,49.0000000000001));
#12373=CARTESIAN_POINT('',(-30.,-51.5494240916634,49.0000000000001));
#12374=CARTESIAN_POINT('',(-30.0000000000001,-51.5494240916634,49.0000000000001));
#12375=CARTESIAN_POINT('Origin',(-30.,-51.5494240916634,42.0000000000001));
#12376=CARTESIAN_POINT('',(-30.,-51.5494240916634,42.0000000000001));
#12377=CARTESIAN_POINT('Origin',(-32.,-51.5494240916634,42.0000000000001));
#12378=CARTESIAN_POINT('',(-30.,-51.5494240916634,42.0000000000001));
#12379=CARTESIAN_POINT('',(-30.,-51.5494240916634,42.0000000000001));
#12380=CARTESIAN_POINT('',(-32.,-51.5494240916634,42.0000000000001));
#12381=CARTESIAN_POINT('',(-31.0000000000001,-51.5494240916634,42.0000000000001));
#12382=CARTESIAN_POINT('',(-32.,-51.5494240916634,42.0000000000001));
#12383=CARTESIAN_POINT('Origin',(-32.0000000000001,-51.5494240916634,47.0000000000001));
#12384=CARTESIAN_POINT('',(-32.,-51.5494240916634,37.5000000000001));
#12385=CARTESIAN_POINT('Origin',(30.,-51.5494240916634,42.0000000000001));
#12386=CARTESIAN_POINT('',(32.,-51.5494240916634,42.0000000000001));
#12387=CARTESIAN_POINT('',(32.,-51.5494240916634,42.0000000000001));
#12388=CARTESIAN_POINT('',(30.,-51.5494240916634,42.0000000000001));
#12389=CARTESIAN_POINT('',(45.,-51.5494240916634,42.0000000000001));
#12390=CARTESIAN_POINT('',(30.,-30.7747120458317,42.0000000000001));
#12391=CARTESIAN_POINT('',(30.,-51.5494240916634,42.0000000000001));
#12392=CARTESIAN_POINT('Origin',(30.,-51.5494240916634,47.0000000000001));
#12393=CARTESIAN_POINT('',(30.,-51.5494240916634,49.0000000000001));
#12394=CARTESIAN_POINT('Origin',(32.,-51.5494240916634,49.0000000000001));
#12395=CARTESIAN_POINT('',(30.,-51.5494240916634,49.0000000000001));
#12396=CARTESIAN_POINT('',(30.,-30.7747120458317,49.0000000000001));
#12397=CARTESIAN_POINT('',(32.,-51.5494240916634,49.0000000000001));
#12398=CARTESIAN_POINT('',(46.,-51.5494240916634,49.0000000000001));
#12399=CARTESIAN_POINT('',(32.,-51.5494240916634,49.0000000000001));
#12400=CARTESIAN_POINT('Origin',(32.,-51.5494240916634,42.0000000000001));
#12401=CARTESIAN_POINT('',(32.0000000000001,-51.5494240916634,35.));
#12402=CARTESIAN_POINT('Origin',(-58.0000000000001,-51.5494240916634,49.0000000000001));
#12403=CARTESIAN_POINT('',(-60.0000000000001,-51.5494240916634,49.0000000000001));
#12404=CARTESIAN_POINT('',(-60.,-51.5494240916634,49.0000000000001));
#12405=CARTESIAN_POINT('',(-60.,-30.7747120458317,49.0000000000001));
#12406=CARTESIAN_POINT('',(-58.0000000000001,-51.5494240916634,49.0000000000001));
#12407=CARTESIAN_POINT('',(-44.0000000000001,-51.5494240916634,49.0000000000002));
#12408=CARTESIAN_POINT('',(-58.0000000000001,-51.5494240916634,49.0000000000001));
#12409=CARTESIAN_POINT('Origin',(-60.0000000000001,-51.5494240916634,47.0000000000001));
#12410=CARTESIAN_POINT('',(-60.0000000000001,-51.5494240916634,42.0000000000001));
#12411=CARTESIAN_POINT('Origin',(-58.0000000000001,-51.5494240916634,42.0000000000001));
#12412=CARTESIAN_POINT('',(-58.0000000000001,-51.5494240916634,42.0000000000001));
#12413=CARTESIAN_POINT('',(-58.,-51.5494240916634,35.));
#12414=CARTESIAN_POINT('',(-58.0000000000001,-51.5494240916634,42.0000000000001));
#12415=CARTESIAN_POINT('Origin',(-60.0000000000001,-51.5494240916634,42.0000000000001));
#12416=CARTESIAN_POINT('',(-60.0000000000001,-51.5494240916634,42.0000000000001));
#12417=CARTESIAN_POINT('',(-45.0000000000001,-51.5494240916634,42.0000000000001));
#12418=CARTESIAN_POINT('',(-60.,-30.7747120458317,42.0000000000001));
#12419=CARTESIAN_POINT('Origin',(58.0000000000001,-51.5494240916634,42.0000000000001));
#12420=CARTESIAN_POINT('',(60.0000000000001,-51.5494240916634,42.0000000000001));
#12421=CARTESIAN_POINT('',(60.0000000000001,-51.5494240916634,42.0000000000001));
#12422=CARTESIAN_POINT('',(60.,-51.5494240916634,42.0000000000001));
#12423=CARTESIAN_POINT('',(58.0000000000001,-51.5494240916634,42.0000000000001));
#12424=CARTESIAN_POINT('',(59.,-51.5494240916634,42.0000000000001));
#12425=CARTESIAN_POINT('',(58.0000000000001,-51.5494240916634,42.0000000000001));
#12426=CARTESIAN_POINT('Origin',(60.0000000000001,-51.5494240916634,42.0000000000001));
#12427=CARTESIAN_POINT('',(60.0000000000001,-51.5494240916634,49.0000000000001));
#12428=CARTESIAN_POINT('Origin',(58.0000000000001,-51.5494240916634,47.0000000000001));
#12429=CARTESIAN_POINT('',(58.0000000000001,-51.5494240916634,49.0000000000001));
#12430=CARTESIAN_POINT('',(58.0000000000001,-51.5494240916634,37.5));
#12431=CARTESIAN_POINT('',(58.0000000000001,-51.5494240916634,49.0000000000001));
#12432=CARTESIAN_POINT('Origin',(60.0000000000001,-51.5494240916634,49.0000000000001));
#12433=CARTESIAN_POINT('',(60.,-51.5494240916634,49.0000000000001));
#12434=CARTESIAN_POINT('',(60.,-51.5494240916634,49.0000000000001));
#12435=CARTESIAN_POINT('',(60.,-51.5494240916634,49.0000000000001));
#12436=CARTESIAN_POINT('Origin',(-30.,-51.5494240916634,28.));
#12437=CARTESIAN_POINT('',(-30.,-51.5494240916634,65.));
#12438=CARTESIAN_POINT('',(-30.,-51.5494240916634,28.));
#12439=CARTESIAN_POINT('',(-30.,-51.5494240916634,65.));
#12440=CARTESIAN_POINT('',(-30.,-56.5494240916634,64.4327521793275));
#12441=CARTESIAN_POINT('',(-30.,-56.5494240916634,28.));
#12442=CARTESIAN_POINT('',(-30.,-54.7318089228791,64.4327521793275));
#12443=CARTESIAN_POINT('Origin',(-30.,-51.5494240916634,28.));
#12444=CARTESIAN_POINT('',(-30.,-20.,34.5));
#12445=CARTESIAN_POINT('',(-30.,-20.,28.));
#12446=CARTESIAN_POINT('',(-30.,-51.5494240916634,34.5));
#12447=CARTESIAN_POINT('',(-30.,-41.1620680687475,34.5));
#12448=CARTESIAN_POINT('',(-30.,-51.5494240916634,28.));
#12449=CARTESIAN_POINT('Origin',(30.,-9.99999999999998,28.));
#12450=CARTESIAN_POINT('',(30.,-51.5494240916634,34.5));
#12451=CARTESIAN_POINT('',(30.,-51.5494240916634,28.));
#12452=CARTESIAN_POINT('',(30.,-20.,34.5));
#12453=CARTESIAN_POINT('',(30.,-20.3873560229158,34.5));
#12454=CARTESIAN_POINT('',(30.,-20.,28.));
#12455=CARTESIAN_POINT('Origin',(30.,-9.99999999999998,28.));
#12456=CARTESIAN_POINT('',(30.,-56.5494240916634,64.4327521793274));
#12457=CARTESIAN_POINT('',(30.,-33.9570968770474,64.4327521793274));
#12458=CARTESIAN_POINT('',(30.,-56.5494240916634,64.4330000000001));
#12459=CARTESIAN_POINT('',(30.,-56.5494240916634,28.));
#12460=CARTESIAN_POINT('',(30.,-17.2070968770474,64.4330000000001));
#12461=CARTESIAN_POINT('',(30.,-51.5494240916634,65.));
#12462=CARTESIAN_POINT('',(30.,-55.0494240916634,65.));
#12463=CARTESIAN_POINT('',(30.,-51.5494240916634,28.));
#12464=CARTESIAN_POINT('Origin',(-60.,-9.99999999999998,28.));
#12465=CARTESIAN_POINT('',(-60.,-51.5494240916634,34.5));
#12466=CARTESIAN_POINT('',(-60.,-51.5494240916634,28.));
#12467=CARTESIAN_POINT('',(-60.,-20.,34.5));
#12468=CARTESIAN_POINT('',(-60.,-20.3873560229158,34.5));
#12469=CARTESIAN_POINT('',(-60.,-20.,28.));
#12470=CARTESIAN_POINT('Origin',(-60.,-9.99999999999998,28.));
#12471=CARTESIAN_POINT('',(-60.,-56.5494240916634,64.4327521793276));
#12472=CARTESIAN_POINT('',(-60.,-33.9570968770474,64.4327521793276));
#12473=CARTESIAN_POINT('',(-60.,-56.5494240916634,28.));
#12474=CARTESIAN_POINT('',(-60.,-51.5494240916634,65.));
#12475=CARTESIAN_POINT('',(-60.,-55.0494240916634,65.));
#12476=CARTESIAN_POINT('',(-60.,-51.5494240916634,28.));
#12477=CARTESIAN_POINT('Origin',(60.,-51.5494240916634,28.));
#12478=CARTESIAN_POINT('',(60.,-51.5494240916634,65.));
#12479=CARTESIAN_POINT('',(60.,-51.5494240916634,28.));
#12480=CARTESIAN_POINT('',(60.,-51.5494240916634,65.));
#12481=CARTESIAN_POINT('',(60.0000000000001,-56.5494240916634,64.4330000000001));
#12482=CARTESIAN_POINT('',(60.,-37.9818089228791,64.4330000000001));
#12483=CARTESIAN_POINT('',(60.,-56.5494240916634,64.4327521793274));
#12484=CARTESIAN_POINT('',(60.,-56.5494240916634,28.));
#12485=CARTESIAN_POINT('',(60.,-54.7318089228791,64.4327521793274));
#12486=CARTESIAN_POINT('Origin',(60.,-51.5494240916634,28.));
#12487=CARTESIAN_POINT('',(60.,-20.,34.5));
#12488=CARTESIAN_POINT('',(60.,-20.,28.));
#12489=CARTESIAN_POINT('',(60.,-51.5494240916634,34.5));
#12490=CARTESIAN_POINT('',(60.,-41.1620680687475,34.5));
#12491=CARTESIAN_POINT('',(60.,-51.5494240916634,28.));
#12492=CARTESIAN_POINT('Origin',(-45.,-53.2994240916634,65.));
#12493=CARTESIAN_POINT('',(-41.5,-51.5494240916634,65.));
#12494=CARTESIAN_POINT('',(-60.,-51.5494240916634,65.));
#12495=CARTESIAN_POINT('',(-41.5,-49.6730865302939,65.));
#12496=CARTESIAN_POINT('',(-41.5,-51.5494240916634,65.));
#12497=CARTESIAN_POINT('',(-48.5,-49.6730865302939,65.));
#12498=CARTESIAN_POINT('Origin',(-45.,-38.0381176863305,65.));
#12499=CARTESIAN_POINT('',(-48.5,-51.5494240916634,65.));
#12500=CARTESIAN_POINT('',(-48.5,-49.6730865302939,65.));
#12501=CARTESIAN_POINT('',(-60.,-51.5494240916634,65.));
#12502=CARTESIAN_POINT('Origin',(40.,-20.,28.));
#12503=CARTESIAN_POINT('',(40.,-9.99999999999998,34.5));
#12504=CARTESIAN_POINT('Origin',(40.,-20.,34.5));
#12505=CARTESIAN_POINT('',(40.,-9.99999999999998,28.));
#12506=CARTESIAN_POINT('Origin',(50.,-20.,28.));
#12507=CARTESIAN_POINT('',(50.,-9.99999999999998,34.5));
#12508=CARTESIAN_POINT('Origin',(50.,-20.,34.5));
#12509=CARTESIAN_POINT('',(50.,-9.99999999999998,28.));
#12510=CARTESIAN_POINT('Origin',(-40.,-20.,28.));
#12511=CARTESIAN_POINT('',(-40.,-9.99999999999998,34.5));
#12512=CARTESIAN_POINT('Origin',(-40.,-20.,34.5));
#12513=CARTESIAN_POINT('',(-40.,-9.99999999999998,28.));
#12514=CARTESIAN_POINT('Origin',(-30.,-9.99999999999998,28.));
#12515=CARTESIAN_POINT('',(-50.,-9.99999999999998,34.5));
#12516=CARTESIAN_POINT('',(-50.,-9.99999999999998,28.));
#12517=CARTESIAN_POINT('',(-37.5,-9.99999999999998,34.5));
#12518=CARTESIAN_POINT('Origin',(-50.,-20.,28.));
#12519=CARTESIAN_POINT('Origin',(-50.,-20.,34.5));
#12520=CARTESIAN_POINT('Origin',(-10.9847871356622,-7.5,30.5));
#12521=CARTESIAN_POINT('',(-21.9695742713244,-10.,30.5));
#12522=CARTESIAN_POINT('',(-10.9847871356622,-10.,30.5));
#12523=CARTESIAN_POINT('Origin',(-19.4695742713244,-7.5,30.5));
#12524=CARTESIAN_POINT('Origin',(-19.4695742713244,0.585806245905167,30.5));
#12525=CARTESIAN_POINT('',(-21.9695742713244,0.585806245905167,30.5));
#12526=CARTESIAN_POINT('Origin',(-21.9695742713244,-10.,28.));
#12527=CARTESIAN_POINT('',(-21.9695742713244,-10.,36.4330000000001));
#12528=CARTESIAN_POINT('',(1.55431223447522E-14,-10.,36.4330000000001));
#12529=CARTESIAN_POINT('',(-21.9695742713244,-10.,48.2165000000001));
#12530=CARTESIAN_POINT('Origin',(1.55431223447522E-14,-40.,36.4330000000001));
#12531=CARTESIAN_POINT('',(-21.9695742713244,-40.,66.4330000000002));
#12532=CARTESIAN_POINT('Origin',(-21.9695742713244,-40.,36.4330000000001));
#12533=CARTESIAN_POINT('',(1.55431223447522E-14,-40.,66.4330000000001));
#12534=CARTESIAN_POINT('Origin',(21.9695742713245,10.5858062459052,66.4330000000001));
#12535=CARTESIAN_POINT('',(-21.9695742713244,-17.9141937540948,66.4330000000002));
#12536=CARTESIAN_POINT('Origin',(21.9695742713245,10.5858062459052,66.4330000000001));
#12537=CARTESIAN_POINT('',(21.9695742713245,-19.4141937540948,66.4330000000001));
#12538=CARTESIAN_POINT('Origin',(21.9695742713245,10.5858062459052,66.4330000000001));
#12539=CARTESIAN_POINT('',(-21.9695742713244,-19.4141937540948,66.4330000000001));
#12540=CARTESIAN_POINT('',(-21.9695742713244,15.5858062459052,66.4330000000001));
#12541=CARTESIAN_POINT('',(21.9695742713245,-19.4141937540948,66.4330000000001));
#12542=CARTESIAN_POINT('Origin',(-21.9695742713244,20.5858062459052,30.));
#12543=CARTESIAN_POINT('',(-21.9695742713244,-18.6641937540948,64.4327521793275));
#12544=CARTESIAN_POINT('Origin',(-21.9695742713244,20.5858062459052,30.));
#12545=CARTESIAN_POINT('',(-21.9695742713244,-19.4141937540948,48.2165000000001));
#12546=CARTESIAN_POINT('Origin',(21.9695742713244,-59.4141937540948,30.));
#12547=CARTESIAN_POINT('',(21.9695742713244,-59.4141937540948,64.433));
#12548=CARTESIAN_POINT('',(21.9695742713244,-58.6641937540948,64.4327521793274));
#12549=CARTESIAN_POINT('Origin',(21.9695742713245,-19.4141937540948,66.4330000000001));
#12550=CARTESIAN_POINT('Origin',(21.9695742713245,-19.4141937540948,69.4330000000001));
#12551=CARTESIAN_POINT('Origin',(-8.21957427132435,-24.4141937540948,64.4330000000001));
#12552=CARTESIAN_POINT('',(10.8902128643378,-56.5494240916634,64.4330000000001));
#12553=CARTESIAN_POINT('Origin',(-60.,-56.5494240916634,28.));
#12554=CARTESIAN_POINT('',(-56.2347871356622,-56.5494240916634,64.4327521793276));
#12555=CARTESIAN_POINT('Origin',(-8.25983845449884E-15,1.9784714660216,
35.0215285339784));
#12556=CARTESIAN_POINT('',(3.96529844840881,1.9784714660216,35.0215285339784));
#12557=CARTESIAN_POINT('Origin',(-3.94259381206895E-15,1.9784714660216,
35.0215285339784));
#12558=CARTESIAN_POINT('',(-3.00000000000001,1.9784714660216,35.0215285339784));
#12559=CARTESIAN_POINT('Origin',(-3.38344469768575E-15,1.9784714660216,
35.0215285339784));
#12560=CARTESIAN_POINT('Origin',(-3.38344469768575E-15,1.9784714660216,
30.));
#12561=CARTESIAN_POINT('',(-3.,1.9784714660216,42.));
#12562=CARTESIAN_POINT('',(-3.,1.9784714660216,30.));
#12563=CARTESIAN_POINT('Origin',(-3.38344469768575E-15,1.9784714660216,
42.));
#12564=CARTESIAN_POINT('Origin',(-3.33066907387547E-15,1.9784714660216,
42.));
#12565=CARTESIAN_POINT('Origin',(4.99999999999999,-0.908279879926532,35.0215285339784));
#12566=CARTESIAN_POINT('',(5.,-0.792809826088873,32.4867671834081));
#12567=CARTESIAN_POINT('',(4.99999999999999,-0.792809826088606,35.0215285339784));
#12568=CARTESIAN_POINT('',(5.,-0.0257964958722143,33.3931353261209));
#12569=CARTESIAN_POINT('Ctrl Pts',(5.,-0.0257964958984737,33.393135326094));
#12570=CARTESIAN_POINT('Ctrl Pts',(5.,-0.397908860280289,33.0127383218024));
#12571=CARTESIAN_POINT('Ctrl Pts',(5.,-0.792809826084381,32.4867671834141));
#12572=CARTESIAN_POINT('',(5.,1.9784714660216,33.779886672069));
#12573=CARTESIAN_POINT('Ctrl Pts',(5.,1.9784714660216,33.779886672069));
#12574=CARTESIAN_POINT('Ctrl Pts',(5.,1.01365200748077,33.779886672069));
#12575=CARTESIAN_POINT('Ctrl Pts',(5.,-0.0257964958995501,33.3931353261107));
#12576=CARTESIAN_POINT('',(5.,3.98273942791542,33.3931353261209));
#12577=CARTESIAN_POINT('Ctrl Pts',(5.,3.98273942794275,33.3931353261107));
#12578=CARTESIAN_POINT('Ctrl Pts',(5.,2.94329092456243,33.779886672069));
#12579=CARTESIAN_POINT('Ctrl Pts',(5.,1.9784714660216,33.779886672069));
#12580=CARTESIAN_POINT('',(5.,4.7497527581318,32.4867671834085));
#12581=CARTESIAN_POINT('Ctrl Pts',(5.,4.74975275812731,32.4867671834144));
#12582=CARTESIAN_POINT('Ctrl Pts',(5.,4.35485179229526,33.01273832184));
#12583=CARTESIAN_POINT('Ctrl Pts',(5.,3.98273942788845,33.3931353261484));
#12584=CARTESIAN_POINT('',(5.,4.74975275813181,35.0215285339784));
#12585=CARTESIAN_POINT('Origin',(4.8,4.74975275813181,35.0215285339784));
#12586=CARTESIAN_POINT('',(4.90000000000023,4.92295783888856,32.4867671834081));
#12587=CARTESIAN_POINT('Ctrl Pts',(5.,4.7497527581318,32.4867671834085));
#12588=CARTESIAN_POINT('Ctrl Pts',(5.,4.76175557861999,32.4707805495364));
#12589=CARTESIAN_POINT('Ctrl Pts',(4.99894862584974,4.77466978543699,32.4560308544237));
#12590=CARTESIAN_POINT('Ctrl Pts',(4.99446885748006,4.7972990977856,32.4362791720378));
#12591=CARTESIAN_POINT('Ctrl Pts',(4.99184036053038,4.80743825975471,32.4288651969927));
#12592=CARTESIAN_POINT('Ctrl Pts',(4.98413607010256,4.82860230742495,32.418491358363));
#12593=CARTESIAN_POINT('Ctrl Pts',(4.97904788808189,4.83963271898607,32.4155519833796));
#12594=CARTESIAN_POINT('Ctrl Pts',(4.96736227343188,4.85987279727754,32.4155519833796));
#12595=CARTESIAN_POINT('Ctrl Pts',(4.96035374781609,4.86979449794709,32.418491358363));
#12596=CARTESIAN_POINT('Ctrl Pts',(4.94587729010067,4.88704863301083,32.4288651969927));
#12597=CARTESIAN_POINT('Ctrl Pts',(4.93841076673718,4.89439455912758,32.4362791720378));
#12598=CARTESIAN_POINT('Ctrl Pts',(4.92105309155803,4.90958880851303,32.4560308544236));
#12599=CARTESIAN_POINT('Ctrl Pts',(4.91039474745999,4.91695642864449,32.4707805495361));
#12600=CARTESIAN_POINT('Ctrl Pts',(4.90000000000023,4.92295783888856,32.4867671834081));
#12601=CARTESIAN_POINT('',(4.9,4.92295783888869,35.0215285339784));
#12602=CARTESIAN_POINT('Origin',(5.,4.86522281196973,35.0215285339784));
#12603=CARTESIAN_POINT('',(4.2357469709913,5.30646450399689,33.3931353261209));
#12604=CARTESIAN_POINT('Ctrl Pts',(4.2357469709913,5.30646450399689,33.3931353261209));
#12605=CARTESIAN_POINT('Ctrl Pts',(4.55800573162774,5.12040832179473,33.0127383218106));
#12606=CARTESIAN_POINT('Ctrl Pts',(4.90000000001503,4.92295783888002,32.4867671833853));
#12607=CARTESIAN_POINT('',(2.49999999999999,6.3085984849438,33.779886672069));
#12608=CARTESIAN_POINT('Ctrl Pts',(2.5,6.3085984849438,33.779886672069));
#12609=CARTESIAN_POINT('Ctrl Pts',(3.33555816116782,5.82618875566997,33.779886672069));
#12610=CARTESIAN_POINT('Ctrl Pts',(4.23574697102821,5.30646450397558,33.393135326105));
#12611=CARTESIAN_POINT('',(0.76425302900869,7.3107324658907,33.3931353261209));
#12612=CARTESIAN_POINT('Ctrl Pts',(0.764253028971781,7.31073246591201,33.393135326105));
#12613=CARTESIAN_POINT('Ctrl Pts',(1.66444183883217,6.79100821421763,33.779886672069));
#12614=CARTESIAN_POINT('Ctrl Pts',(2.5,6.3085984849438,33.779886672069));
#12615=CARTESIAN_POINT('',(0.100000000000001,7.69423913099889,32.4867671834085));
#12616=CARTESIAN_POINT('Ctrl Pts',(0.10000000002386,7.69423913098512,32.4867671834452));
#12617=CARTESIAN_POINT('Ctrl Pts',(0.44199426838656,7.4967886480846,33.012738321826));
#12618=CARTESIAN_POINT('Ctrl Pts',(0.764253029001249,7.310732465895,33.3931353261121));
#12619=CARTESIAN_POINT('',(0.0999999999999931,7.6942391309989,35.0215285339784));
#12620=CARTESIAN_POINT('Origin',(-6.95869297662309E-15,7.52103405024201,
35.0215285339784));
#12621=CARTESIAN_POINT('',(-0.099999999999774,7.69423913099903,32.4867671834081));
#12622=CARTESIAN_POINT('Ctrl Pts',(0.100000000000004,7.69423913099889,32.4867671834085));
#12623=CARTESIAN_POINT('Ctrl Pts',(0.089605252540162,7.70024054124299,32.4707805495364));
#12624=CARTESIAN_POINT('Ctrl Pts',(0.0778955342917847,7.70578712792848,
32.4560308544237));
#12625=CARTESIAN_POINT('Ctrl Pts',(0.0560580907428742,7.71322219089157,
32.4362791720378));
#12626=CARTESIAN_POINT('Ctrl Pts',(0.0459630704297046,7.71601542674394,
32.4288651969927));
#12627=CARTESIAN_POINT('Ctrl Pts',(0.0237823222864644,7.71992533935043,
32.418491358363));
#12628=CARTESIAN_POINT('Ctrl Pts',(0.0116856146499951,7.72103405024201,
32.4155519833796));
#12629=CARTESIAN_POINT('Ctrl Pts',(-0.011685614650008,7.72103405024201,
32.4155519833796));
#12630=CARTESIAN_POINT('Ctrl Pts',(-0.0237823222864777,7.71992533935043,
32.418491358363));
#12631=CARTESIAN_POINT('Ctrl Pts',(-0.045963070429718,7.71601542674394,
32.4288651969927));
#12632=CARTESIAN_POINT('Ctrl Pts',(-0.0560580907428871,7.71322219089157,
32.4362791720378));
#12633=CARTESIAN_POINT('Ctrl Pts',(-0.0778955342916947,7.70578712792852,
32.4560308544236));
#12634=CARTESIAN_POINT('Ctrl Pts',(-0.089605252539996,7.70024054124307,
32.4707805495361));
#12635=CARTESIAN_POINT('Ctrl Pts',(-0.0999999999997765,7.69423913099903,
32.4867671834081));
#12636=CARTESIAN_POINT('',(-0.100000000000007,7.6942391309989,35.0215285339784));
#12637=CARTESIAN_POINT('Origin',(-6.70001800860392E-15,7.75197415791786,
35.0215285339784));
#12638=CARTESIAN_POINT('',(-0.764253029008702,7.3107324658907,33.3931353261209));
#12639=CARTESIAN_POINT('Ctrl Pts',(-0.764253029008703,7.3107324658907,33.3931353261209));
#12640=CARTESIAN_POINT('Ctrl Pts',(-0.441994268372266,7.49678864809287,
33.0127383218106));
#12641=CARTESIAN_POINT('Ctrl Pts',(-0.0999999999849798,7.69423913100757,
32.4867671833853));
#12642=CARTESIAN_POINT('',(-2.50000000000001,6.3085984849438,33.779886672069));
#12643=CARTESIAN_POINT('Ctrl Pts',(-2.5,6.3085984849438,33.779886672069));
#12644=CARTESIAN_POINT('Ctrl Pts',(-1.66444183883219,6.79100821421762,33.779886672069));
#12645=CARTESIAN_POINT('Ctrl Pts',(-0.764253028971798,7.31073246591201,
33.393135326105));
#12646=CARTESIAN_POINT('',(-4.23574697099131,5.30646450399689,33.3931353261209));
#12647=CARTESIAN_POINT('Ctrl Pts',(-4.23574697102821,5.30646450397558,33.393135326105));
#12648=CARTESIAN_POINT('Ctrl Pts',(-3.33555816116782,5.82618875566997,33.779886672069));
#12649=CARTESIAN_POINT('Ctrl Pts',(-2.5,6.3085984849438,33.779886672069));
#12650=CARTESIAN_POINT('',(-4.9,4.9229578388887,32.4867671834085));
#12651=CARTESIAN_POINT('Ctrl Pts',(-4.89999999997615,4.92295783890247,32.4867671834451));
#12652=CARTESIAN_POINT('Ctrl Pts',(-4.55800573161345,5.12040832180298,33.012738321826));
#12653=CARTESIAN_POINT('Ctrl Pts',(-4.23574697099876,5.30646450399259,33.3931353261121));
#12654=CARTESIAN_POINT('',(-4.90000000000001,4.92295783888869,35.0215285339784));
#12655=CARTESIAN_POINT('Origin',(-4.80000000000001,4.7497527581318,35.0215285339784));
#12656=CARTESIAN_POINT('',(-5.00000000000001,4.74975275813207,32.4867671834081));
#12657=CARTESIAN_POINT('Ctrl Pts',(-4.9,4.9229578388887,32.4867671834085));
#12658=CARTESIAN_POINT('Ctrl Pts',(-4.91039474745984,4.9169564286446,32.4707805495364));
#12659=CARTESIAN_POINT('Ctrl Pts',(-4.92105309155796,4.9095888085131,32.4560308544237));
#12660=CARTESIAN_POINT('Ctrl Pts',(-4.93841076673719,4.89439455912758,32.4362791720378));
#12661=CARTESIAN_POINT('Ctrl Pts',(-4.94587729010068,4.88704863301083,32.4288651969927));
#12662=CARTESIAN_POINT('Ctrl Pts',(-4.9603537478161,4.86979449794709,32.418491358363));
#12663=CARTESIAN_POINT('Ctrl Pts',(-4.96736227343189,4.85987279727754,32.4155519833796));
#12664=CARTESIAN_POINT('Ctrl Pts',(-4.9790478880819,4.83963271898607,32.4155519833796));
#12665=CARTESIAN_POINT('Ctrl Pts',(-4.98413607010257,4.82860230742494,32.418491358363));
#12666=CARTESIAN_POINT('Ctrl Pts',(-4.99184036053039,4.80743825975471,32.4288651969927));
#12667=CARTESIAN_POINT('Ctrl Pts',(-4.99446885748007,4.7972990977856,32.4362791720378));
#12668=CARTESIAN_POINT('Ctrl Pts',(-4.99894862584973,4.7746697854371,32.4560308544236));
#12669=CARTESIAN_POINT('Ctrl Pts',(-4.99999999999999,4.76175557862019,32.4707805495361));
#12670=CARTESIAN_POINT('Ctrl Pts',(-5.00000000000001,4.74975275813207,32.4867671834081));
#12671=CARTESIAN_POINT('',(-5.00000000000001,4.7497527581318,35.0215285339784));
#12672=CARTESIAN_POINT('Origin',(-8.49241213521986E-15,-3.56409111819881,
35.0215285339784));
#12673=CARTESIAN_POINT('',(-0.100000000000017,-3.73729619895569,32.4867671834085));
#12674=CARTESIAN_POINT('',(-0.100000000000008,-3.7372961989557,35.0215285339784));
#12675=CARTESIAN_POINT('',(0.0999999999997604,-3.73729619895583,32.4867671834081));
#12676=CARTESIAN_POINT('Ctrl Pts',(0.0999999999997608,-3.73729619895583,
32.4867671834081));
#12677=CARTESIAN_POINT('Ctrl Pts',(0.0896052525399827,-3.74329760919987,
32.4707805495361));
#12678=CARTESIAN_POINT('Ctrl Pts',(0.0778955342916796,-3.74884419588531,
32.4560308544236));
#12679=CARTESIAN_POINT('Ctrl Pts',(0.0560580907428727,-3.75627925884837,
32.4362791720378));
#12680=CARTESIAN_POINT('Ctrl Pts',(0.045963070429703,-3.75907249470073,
32.4288651969927));
#12681=CARTESIAN_POINT('Ctrl Pts',(0.0237823222864629,-3.76298240730722,
32.418491358363));
#12682=CARTESIAN_POINT('Ctrl Pts',(0.0116856146499936,-3.7640911181988,
32.4155519833796));
#12683=CARTESIAN_POINT('Ctrl Pts',(-0.0116856146500096,-3.7640911181988,
32.4155519833796));
#12684=CARTESIAN_POINT('Ctrl Pts',(-0.0237823222864776,-3.76298240730722,
32.418491358363));
#12685=CARTESIAN_POINT('Ctrl Pts',(-0.0459630704297177,-3.75907249470073,
32.4288651969927));
#12686=CARTESIAN_POINT('Ctrl Pts',(-0.0560580907428887,-3.75627925884837,
32.4362791720378));
#12687=CARTESIAN_POINT('Ctrl Pts',(-0.077895534291799,-3.74884419588528,
32.4560308544237));
#12688=CARTESIAN_POINT('Ctrl Pts',(-0.0896052525401764,-3.74329760919978,
32.4707805495364));
#12689=CARTESIAN_POINT('Ctrl Pts',(-0.100000000000014,-3.73729619895569,
32.4867671834085));
#12690=CARTESIAN_POINT('',(0.0999999999999917,-3.73729619895569,35.0215285339784));
#12691=CARTESIAN_POINT('Origin',(-4.05095734342438E-15,1.9784714660216,
33.3931353261209));
#12692=CARTESIAN_POINT('',(0.764253029008688,-3.3537895338475,33.3931353261209));
#12693=CARTESIAN_POINT('',(-0.764253029008703,-3.3537895338475,33.3931353261209));
#12694=CARTESIAN_POINT('Origin',(-4.05095734342438E-15,1.9784714660216,
33.3931353261209));
#12695=CARTESIAN_POINT('Ctrl Pts',(0.764253029032057,-3.35378953383401,
33.3931353261484));
#12696=CARTESIAN_POINT('Ctrl Pts',(0.441994268393352,-3.53984571603748,
33.0127383218399));
#12697=CARTESIAN_POINT('Ctrl Pts',(0.100000000003649,-3.73729619895358,
32.4867671834141));
#12698=CARTESIAN_POINT('Ctrl Pts',(-0.100000000003906,-3.73729619895344,
32.4867671834144));
#12699=CARTESIAN_POINT('Ctrl Pts',(-0.441994268393477,-3.53984571603742,
33.01273832184));
#12700=CARTESIAN_POINT('Ctrl Pts',(-0.764253029032066,-3.35378953383401,
33.3931353261484));
#12701=CARTESIAN_POINT('Origin',(-3.19095544680447E-15,1.9784714660216,
29.0215285339784));
#12702=CARTESIAN_POINT('',(5.,1.9784714660216,33.9868269823872));
#12703=CARTESIAN_POINT('Origin',(-3.55967731667165E-15,1.9784714660216,
33.9868269823872));
#12704=CARTESIAN_POINT('',(5.,1.9784714660216,29.0215285339784));
#12705=CARTESIAN_POINT('',(2.49999999999999,-2.35165555290059,33.779886672069));
#12706=CARTESIAN_POINT('Origin',(-3.54430997894477E-15,1.9784714660216,
33.779886672069));
#12707=CARTESIAN_POINT('',(-2.50000000000001,-2.35165555290059,33.779886672069));
#12708=CARTESIAN_POINT('Origin',(-3.54430997894477E-15,1.9784714660216,
33.779886672069));
#12709=CARTESIAN_POINT('',(-5.00000000000001,1.9784714660216,33.779886672069));
#12710=CARTESIAN_POINT('Origin',(-3.54430997894477E-15,1.9784714660216,
33.779886672069));
#12711=CARTESIAN_POINT('Origin',(-3.54430997894477E-15,1.9784714660216,
33.779886672069));
#12712=CARTESIAN_POINT('Origin',(-3.54430997894477E-15,1.9784714660216,
33.779886672069));
#12713=CARTESIAN_POINT('Origin',(-3.54430997894477E-15,1.9784714660216,
33.779886672069));
#12714=CARTESIAN_POINT('Origin',(-3.55967731667165E-15,1.9784714660216,
33.9868269823872));
#12715=CARTESIAN_POINT('Origin',(3.96529844840881,1.9784714660216,33.9868269823872));
#12716=CARTESIAN_POINT('Origin',(-3.54430997894477E-15,1.9784714660216,
33.779886672069));
#12717=CARTESIAN_POINT('Origin',(-4.05095734342438E-15,1.9784714660216,
33.3931353261209));
#12718=CARTESIAN_POINT('Origin',(-3.54430997894477E-15,1.9784714660216,
33.779886672069));
#12719=CARTESIAN_POINT('',(4.2357469709913,-1.34952157195369,33.3931353261209));
#12720=CARTESIAN_POINT('Ctrl Pts',(4.2357469710282,-1.34952157193238,33.393135326105));
#12721=CARTESIAN_POINT('Ctrl Pts',(3.33555816116781,-1.86924582362677,33.779886672069));
#12722=CARTESIAN_POINT('Ctrl Pts',(2.5,-2.35165555290059,33.779886672069));
#12723=CARTESIAN_POINT('Origin',(-4.05095734342438E-15,1.9784714660216,
33.3931353261209));
#12724=CARTESIAN_POINT('Origin',(-3.54430997894477E-15,1.9784714660216,
33.779886672069));
#12725=CARTESIAN_POINT('Ctrl Pts',(-0.764253028971796,-3.35378953386881,
33.393135326105));
#12726=CARTESIAN_POINT('Ctrl Pts',(-1.66444183883219,-2.83406528217442,
33.779886672069));
#12727=CARTESIAN_POINT('Ctrl Pts',(-2.50000000000001,-2.35165555290059,
33.779886672069));
#12728=CARTESIAN_POINT('Ctrl Pts',(2.5,-2.35165555290059,33.779886672069));
#12729=CARTESIAN_POINT('Ctrl Pts',(1.66444183883218,-2.83406528217442,33.779886672069));
#12730=CARTESIAN_POINT('Ctrl Pts',(0.764253028971786,-3.3537895338688,33.393135326105));
#12731=CARTESIAN_POINT('Origin',(-3.54430997894477E-15,1.9784714660216,
33.779886672069));
#12732=CARTESIAN_POINT('Origin',(-4.05095734342438E-15,1.9784714660216,
33.3931353261209));
#12733=CARTESIAN_POINT('Origin',(-3.54430997894477E-15,1.9784714660216,
33.779886672069));
#12734=CARTESIAN_POINT('',(-5.00000000000001,-0.0257964958722051,33.3931353261209));
#12735=CARTESIAN_POINT('Ctrl Pts',(-5.00000000000001,-0.0257964958995447,
33.3931353261107));
#12736=CARTESIAN_POINT('Ctrl Pts',(-5.00000000000001,1.01365200748077,33.779886672069));
#12737=CARTESIAN_POINT('Ctrl Pts',(-5.00000000000001,1.9784714660216,33.779886672069));
#12738=CARTESIAN_POINT('',(-4.23574697099131,-1.34952157195369,33.3931353261209));
#12739=CARTESIAN_POINT('Ctrl Pts',(-2.50000000000001,-2.35165555290059,
33.779886672069));
#12740=CARTESIAN_POINT('Ctrl Pts',(-3.33555816116783,-1.86924582362676,
33.779886672069));
#12741=CARTESIAN_POINT('Ctrl Pts',(-4.23574697102821,-1.34952157193238,
33.393135326105));
#12742=CARTESIAN_POINT('Origin',(-4.05095734342438E-15,1.9784714660216,
33.3931353261209));
#12743=CARTESIAN_POINT('Origin',(-3.54430997894477E-15,1.9784714660216,
33.779886672069));
#12744=CARTESIAN_POINT('',(-5.00000000000001,3.98273942791541,33.3931353261209));
#12745=CARTESIAN_POINT('Ctrl Pts',(-5.,1.9784714660216,33.779886672069));
#12746=CARTESIAN_POINT('Ctrl Pts',(-5.00000000000001,2.94329092456243,33.779886672069));
#12747=CARTESIAN_POINT('Ctrl Pts',(-5.00000000000001,3.98273942794275,33.3931353261107));
#12748=CARTESIAN_POINT('Origin',(-4.05095734342438E-15,1.9784714660216,
33.3931353261209));
#12749=CARTESIAN_POINT('Origin',(-5.00000000000001,-0.908279879926526,35.0215285339784));
#12750=CARTESIAN_POINT('',(-4.90000000000024,-0.966014906845354,32.4867671834081));
#12751=CARTESIAN_POINT('',(-4.90000000000001,-0.966014906845488,35.0215285339784));
#12752=CARTESIAN_POINT('Ctrl Pts',(-4.23574697099131,-1.34952157195369,
33.3931353261209));
#12753=CARTESIAN_POINT('Ctrl Pts',(-4.55800573162775,-1.16346538975152,
33.0127383218106));
#12754=CARTESIAN_POINT('Ctrl Pts',(-4.90000000001503,-0.966014906836813,
32.4867671833853));
#12755=CARTESIAN_POINT('Origin',(-8.1141183269038E-15,-3.79503122587466,
35.0215285339784));
#12756=CARTESIAN_POINT('',(4.89999999999999,-0.966014906845496,32.4867671834085));
#12757=CARTESIAN_POINT('Ctrl Pts',(4.89999999997614,-0.966014906859267,
32.4867671834451));
#12758=CARTESIAN_POINT('Ctrl Pts',(4.55800573161344,-1.16346538975978,33.012738321826));
#12759=CARTESIAN_POINT('Ctrl Pts',(4.23574697099875,-1.34952157194939,33.3931353261121));
#12760=CARTESIAN_POINT('',(4.9,-0.966014906845494,35.0215285339784));
#12761=CARTESIAN_POINT('Origin',(-5.00000000000001,4.86522281196973,35.0215285339784));
#12762=CARTESIAN_POINT('Ctrl Pts',(-5.00000000000001,3.98273942794167,33.393135326094));
#12763=CARTESIAN_POINT('Ctrl Pts',(-5.00000000000001,4.35485179232348,33.0127383218024));
#12764=CARTESIAN_POINT('Ctrl Pts',(-5.00000000000001,4.74975275812758,32.4867671834141));
#12765=CARTESIAN_POINT('',(-5.00000000000001,-0.792809826088592,32.4867671834085));
#12766=CARTESIAN_POINT('Ctrl Pts',(-5.00000000000001,-0.792809826084105,
32.4867671834144));
#12767=CARTESIAN_POINT('Ctrl Pts',(-5.00000000000001,-0.397908860252045,
33.01273832184));
#12768=CARTESIAN_POINT('Ctrl Pts',(-5.00000000000001,-0.0257964958452325,
33.3931353261484));
#12769=CARTESIAN_POINT('',(-5.00000000000001,-0.792809826088601,35.0215285339784));
#12770=CARTESIAN_POINT('Origin',(-4.05095734342438E-15,1.9784714660216,
33.3931353261209));
#12771=CARTESIAN_POINT('Origin',(-4.05095734342438E-15,1.9784714660216,
33.3931353261209));
#12772=CARTESIAN_POINT('Ctrl Pts',(-5.00000000000001,-0.79280982608859,
32.4867671834085));
#12773=CARTESIAN_POINT('Ctrl Pts',(-5.00000000000001,-0.804812646576784,
32.4707805495364));
#12774=CARTESIAN_POINT('Ctrl Pts',(-4.99894862584975,-0.817726853393784,
32.4560308544237));
#12775=CARTESIAN_POINT('Ctrl Pts',(-4.99446885748007,-0.840356165742394,
32.4362791720378));
#12776=CARTESIAN_POINT('Ctrl Pts',(-4.99184036053039,-0.8504953277115,32.4288651969927));
#12777=CARTESIAN_POINT('Ctrl Pts',(-4.98413607010257,-0.871659375381737,
32.418491358363));
#12778=CARTESIAN_POINT('Ctrl Pts',(-4.9790478880819,-0.882689786942863,
32.4155519833796));
#12779=CARTESIAN_POINT('Ctrl Pts',(-4.96736227343189,-0.902929865234337,
32.4155519833796));
#12780=CARTESIAN_POINT('Ctrl Pts',(-4.9603537478161,-0.912851565903883,
32.418491358363));
#12781=CARTESIAN_POINT('Ctrl Pts',(-4.94587729010068,-0.930105700967628,
32.4288651969927));
#12782=CARTESIAN_POINT('Ctrl Pts',(-4.93841076673719,-0.937451627084372,
32.4362791720378));
#12783=CARTESIAN_POINT('Ctrl Pts',(-4.92105309155804,-0.95264587646982,
32.4560308544236));
#12784=CARTESIAN_POINT('Ctrl Pts',(-4.91039474746,-0.960013496601285,32.4707805495361));
#12785=CARTESIAN_POINT('Ctrl Pts',(-4.90000000000024,-0.966014906845356,
32.4867671834081));
#12786=CARTESIAN_POINT('Origin',(-4.05095734342438E-15,1.9784714660216,
33.3931353261209));
#12787=CARTESIAN_POINT('Origin',(-4.05095734342438E-15,1.9784714660216,
33.3931353261209));
#12788=CARTESIAN_POINT('Origin',(-4.05095734342438E-15,1.9784714660216,
33.3931353261209));
#12789=CARTESIAN_POINT('Ctrl Pts',(4.89999999999999,-0.966014906845496,
32.4867671834085));
#12790=CARTESIAN_POINT('Ctrl Pts',(4.91039474745983,-0.9600134966014,32.4707805495364));
#12791=CARTESIAN_POINT('Ctrl Pts',(4.92105309155795,-0.952645876469895,
32.4560308544237));
#12792=CARTESIAN_POINT('Ctrl Pts',(4.93841076673718,-0.937451627084376,
32.4362791720378));
#12793=CARTESIAN_POINT('Ctrl Pts',(4.94587729010067,-0.930105700967632,
32.4288651969927));
#12794=CARTESIAN_POINT('Ctrl Pts',(4.96035374781609,-0.912851565903887,
32.418491358363));
#12795=CARTESIAN_POINT('Ctrl Pts',(4.96736227343188,-0.902929865234342,
32.4155519833796));
#12796=CARTESIAN_POINT('Ctrl Pts',(4.97904788808189,-0.882689786942868,
32.4155519833796));
#12797=CARTESIAN_POINT('Ctrl Pts',(4.98413607010256,-0.871659375381741,
32.418491358363));
#12798=CARTESIAN_POINT('Ctrl Pts',(4.99184036053038,-0.850495327711505,
32.4288651969927));
#12799=CARTESIAN_POINT('Ctrl Pts',(4.99446885748006,-0.8403561657424,32.4362791720378));
#12800=CARTESIAN_POINT('Ctrl Pts',(4.99894862584972,-0.817726853393896,
32.4560308544236));
#12801=CARTESIAN_POINT('Ctrl Pts',(4.99999999999998,-0.804812646576985,
32.4707805495361));
#12802=CARTESIAN_POINT('Ctrl Pts',(5.,-0.79280982608887,32.4867671834081));
#12803=CARTESIAN_POINT('Origin',(4.8,-0.792809826088605,35.0215285339784));
#12804=CARTESIAN_POINT('Origin',(-4.80000000000001,-0.792809826088601,35.0215285339784));
#12805=CARTESIAN_POINT('Origin',(48.5,-49.6730865302939,65.));
#12806=CARTESIAN_POINT('',(48.5,-51.5494240916634,65.));
#12807=CARTESIAN_POINT('',(48.5,-49.6730865302939,65.));
#12808=CARTESIAN_POINT('',(48.5,-51.5494240916634,65.));
#12809=CARTESIAN_POINT('',(48.5,-51.5494240916634,60.));
#12810=CARTESIAN_POINT('',(48.5,-51.5494240916634,46.5));
#12811=CARTESIAN_POINT('',(48.5,-49.6730865302939,60.));
#12812=CARTESIAN_POINT('',(48.5,-51.5494240916634,60.));
#12813=CARTESIAN_POINT('',(48.5,-49.6730865302939,65.));
#12814=CARTESIAN_POINT('Origin',(45.,-38.0381176863305,65.));
#12815=CARTESIAN_POINT('',(41.5,-49.6730865302939,65.));
#12816=CARTESIAN_POINT('Origin',(45.,-38.0381176863305,65.));
#12817=CARTESIAN_POINT('',(41.5,-49.6730865302939,60.));
#12818=CARTESIAN_POINT('Origin',(45.,-38.0381176863305,60.));
#12819=CARTESIAN_POINT('',(41.5,-49.6730865302939,65.));
#12820=CARTESIAN_POINT('Origin',(41.5,-51.5494240916634,65.));
#12821=CARTESIAN_POINT('',(41.5,-51.5494240916634,65.));
#12822=CARTESIAN_POINT('',(41.5,-49.6730865302939,65.));
#12823=CARTESIAN_POINT('',(41.5,-51.5494240916634,60.));
#12824=CARTESIAN_POINT('',(41.5,-49.6730865302939,60.));
#12825=CARTESIAN_POINT('',(41.5,-51.5494240916634,46.5));
#12826=CARTESIAN_POINT('Origin',(45.,-50.6112553109786,60.));
#12827=CARTESIAN_POINT('',(52.5,-51.5494240916634,60.));
#12828=CARTESIAN_POINT('Origin',(60.,-51.5494240916634,28.));
#12829=CARTESIAN_POINT('',(30.,-51.5494240916634,65.));
#12830=CARTESIAN_POINT('',(30.,-51.5494240916634,65.));
#12831=CARTESIAN_POINT('',(52.5,-51.5494240916634,34.5));
#12832=CARTESIAN_POINT('Origin',(36.7535733656559,-34.9828886516567,28.));
#12833=CARTESIAN_POINT('',(37.7535733656559,-34.9828886516567,34.5));
#12834=CARTESIAN_POINT('',(37.7535733656559,-34.9828886516567,28.));
#12835=CARTESIAN_POINT('',(36.7535733656559,-33.9828886516567,34.5));
#12836=CARTESIAN_POINT('Origin',(36.7535733656559,-34.9828886516567,34.5));
#12837=CARTESIAN_POINT('',(36.7535733656559,-33.9828886516567,28.));
#12838=CARTESIAN_POINT('Origin',(37.7535733656559,-33.9828886516567,28.));
#12839=CARTESIAN_POINT('',(37.7535733656559,-40.9828886516567,34.5));
#12840=CARTESIAN_POINT('',(37.7535733656559,-40.9828886516567,28.));
#12841=CARTESIAN_POINT('',(37.7535733656559,-32.3788003487442,34.5));
#12842=CARTESIAN_POINT('Origin',(35.7535733656559,-34.9828886516567,28.));
#12843=CARTESIAN_POINT('',(35.7535733656559,-33.9828886516567,34.5));
#12844=CARTESIAN_POINT('',(35.7535733656559,-33.9828886516567,28.));
#12845=CARTESIAN_POINT('',(34.7535733656559,-34.9828886516567,34.5));
#12846=CARTESIAN_POINT('Origin',(35.7535733656559,-34.9828886516567,34.5));
#12847=CARTESIAN_POINT('',(34.7535733656559,-34.9828886516567,28.));
#12848=CARTESIAN_POINT('Origin',(34.7535733656559,-33.9828886516567,28.));
#12849=CARTESIAN_POINT('',(39.8767866828279,-33.9828886516567,34.5));
#12850=CARTESIAN_POINT('Origin',(53.1924520373041,-34.9828886516567,28.));
#12851=CARTESIAN_POINT('',(53.1924520373041,-33.9828886516567,34.5));
#12852=CARTESIAN_POINT('',(53.1924520373041,-33.9828886516567,28.));
#12853=CARTESIAN_POINT('',(52.1924520373041,-34.9828886516567,34.5));
#12854=CARTESIAN_POINT('Origin',(53.1924520373041,-34.9828886516567,34.5));
#12855=CARTESIAN_POINT('',(52.1924520373041,-34.9828886516567,28.));
#12856=CARTESIAN_POINT('Origin',(52.1924520373041,-33.9828886516567,28.));
#12857=CARTESIAN_POINT('',(54.1924520373041,-33.9828886516567,34.5));
#12858=CARTESIAN_POINT('',(54.1924520373041,-33.9828886516567,28.));
#12859=CARTESIAN_POINT('',(48.596226018652,-33.9828886516567,34.5));
#12860=CARTESIAN_POINT('Origin',(54.1924520373041,-34.9828886516567,28.));
#12861=CARTESIAN_POINT('',(55.1924520373041,-34.9828886516567,34.5));
#12862=CARTESIAN_POINT('',(55.1924520373041,-34.9828886516567,28.));
#12863=CARTESIAN_POINT('Origin',(54.1924520373041,-34.9828886516567,34.5));
#12864=CARTESIAN_POINT('Origin',(55.1924520373041,-33.9828886516567,28.));
#12865=CARTESIAN_POINT('',(55.1924520373041,-40.9828886516567,34.5));
#12866=CARTESIAN_POINT('',(55.1924520373041,-40.9828886516567,28.));
#12867=CARTESIAN_POINT('',(55.1924520373041,-32.3788003487442,34.5));
#12868=CARTESIAN_POINT('Origin',(36.7535733656559,-40.9828886516567,28.));
#12869=CARTESIAN_POINT('',(36.7535733656559,-41.9828886516567,34.5));
#12870=CARTESIAN_POINT('',(36.7535733656559,-41.9828886516567,28.));
#12871=CARTESIAN_POINT('Origin',(36.7535733656559,-40.9828886516567,34.5));
#12872=CARTESIAN_POINT('Origin',(37.7535733656559,-41.9828886516567,28.));
#12873=CARTESIAN_POINT('',(35.7535733656559,-41.9828886516567,34.5));
#12874=CARTESIAN_POINT('',(35.7535733656559,-41.9828886516567,28.));
#12875=CARTESIAN_POINT('',(41.3767866828279,-41.9828886516567,34.5));
#12876=CARTESIAN_POINT('Origin',(35.7535733656559,-40.9828886516567,28.));
#12877=CARTESIAN_POINT('',(34.7535733656559,-40.9828886516567,34.5));
#12878=CARTESIAN_POINT('',(34.7535733656559,-40.9828886516567,28.));
#12879=CARTESIAN_POINT('Origin',(35.7535733656559,-40.9828886516567,34.5));
#12880=CARTESIAN_POINT('Origin',(34.7535733656559,-41.9828886516567,28.));
#12881=CARTESIAN_POINT('',(34.7535733656559,-36.3788003487442,34.5));
#12882=CARTESIAN_POINT('Origin',(53.1924520373041,-40.9828886516567,28.));
#12883=CARTESIAN_POINT('',(52.1924520373041,-40.9828886516567,34.5));
#12884=CARTESIAN_POINT('',(52.1924520373041,-40.9828886516567,28.));
#12885=CARTESIAN_POINT('',(53.1924520373041,-41.9828886516567,34.5));
#12886=CARTESIAN_POINT('Origin',(53.1924520373041,-40.9828886516567,34.5));
#12887=CARTESIAN_POINT('',(53.1924520373041,-41.9828886516567,28.));
#12888=CARTESIAN_POINT('Origin',(52.1924520373041,-41.9828886516567,28.));
#12889=CARTESIAN_POINT('',(52.1924520373041,-36.3788003487442,34.5));
#12890=CARTESIAN_POINT('Origin',(54.1924520373041,-40.9828886516567,28.));
#12891=CARTESIAN_POINT('',(54.1924520373041,-41.9828886516567,34.5));
#12892=CARTESIAN_POINT('',(54.1924520373041,-41.9828886516567,28.));
#12893=CARTESIAN_POINT('Origin',(54.1924520373041,-40.9828886516567,34.5));
#12894=CARTESIAN_POINT('Origin',(55.1924520373041,-41.9828886516567,28.));
#12895=CARTESIAN_POINT('',(50.096226018652,-41.9828886516567,34.5));
#12896=CARTESIAN_POINT('Origin',(30.,-56.5494240916634,28.));
#12897=CARTESIAN_POINT('',(33.0152128643379,-56.5494240916634,64.4327521793274));
#12898=CARTESIAN_POINT('Origin',(45.,-53.2994240916634,65.));
#12899=CARTESIAN_POINT('Origin',(45.,-25.,28.));
#12900=CARTESIAN_POINT('',(51.5,-30.4772255750516,34.5));
#12901=CARTESIAN_POINT('',(51.5,-30.4772255750516,28.));
#12902=CARTESIAN_POINT('',(38.5,-30.4772255750516,34.5));
#12903=CARTESIAN_POINT('Origin',(45.,-25.,34.5));
#12904=CARTESIAN_POINT('',(38.5,-30.4772255750516,28.));
#12905=CARTESIAN_POINT('Origin',(38.5,-40.0247120458317,28.));
#12906=CARTESIAN_POINT('',(38.5,-40.0247120458317,34.5));
#12907=CARTESIAN_POINT('',(38.5,-35.3997120458317,34.5));
#12908=CARTESIAN_POINT('',(38.5,-40.0247120458317,28.));
#12909=CARTESIAN_POINT('Origin',(45.,-40.0247120458317,28.));
#12910=CARTESIAN_POINT('',(51.5,-40.0247120458317,34.5));
#12911=CARTESIAN_POINT('Origin',(45.,-40.0247120458317,34.5));
#12912=CARTESIAN_POINT('',(51.5,-40.0247120458317,28.));
#12913=CARTESIAN_POINT('Origin',(51.5,-30.4772255750516,28.));
#12914=CARTESIAN_POINT('',(51.5,-30.6259688104417,34.5));
#12915=CARTESIAN_POINT('Origin',(60.,-9.99999999999998,28.));
#12916=CARTESIAN_POINT('',(52.5,-9.99999999999998,34.5));
#12917=CARTESIAN_POINT('Origin',(45.,-30.7747120458317,34.5));
#12918=CARTESIAN_POINT('Origin',(36.0304257286757,-57.9141937540948,64.4327521793274));
#12919=CARTESIAN_POINT('Origin',(-52.4695742713244,-57.9141937540948,64.4327521793276));
#12920=CARTESIAN_POINT('Origin',(-41.5,-49.6730865302939,65.));
#12921=CARTESIAN_POINT('',(-41.5,-51.5494240916634,60.));
#12922=CARTESIAN_POINT('',(-41.5,-51.5494240916634,46.5));
#12923=CARTESIAN_POINT('',(-41.5,-49.6730865302939,60.));
#12924=CARTESIAN_POINT('',(-41.5,-51.5494240916634,60.));
#12925=CARTESIAN_POINT('',(-41.5,-49.6730865302939,65.));
#12926=CARTESIAN_POINT('Origin',(-45.,-38.0381176863305,65.));
#12927=CARTESIAN_POINT('',(-48.5,-49.6730865302939,60.));
#12928=CARTESIAN_POINT('Origin',(-45.,-38.0381176863305,60.));
#12929=CARTESIAN_POINT('',(-48.5,-49.6730865302939,65.));
#12930=CARTESIAN_POINT('Origin',(-48.5,-51.5494240916634,65.));
#12931=CARTESIAN_POINT('',(-48.5,-51.5494240916634,60.));
#12932=CARTESIAN_POINT('',(-48.5,-49.6730865302939,60.));
#12933=CARTESIAN_POINT('',(-48.5,-51.5494240916634,46.5));
#12934=CARTESIAN_POINT('Origin',(-45.,-50.6112553109786,60.));
#12935=CARTESIAN_POINT('',(-37.5,-51.5494240916634,60.));
#12936=CARTESIAN_POINT('Origin',(-30.,-51.5494240916634,28.));
#12937=CARTESIAN_POINT('',(-37.5,-51.5494240916634,34.5));
#12938=CARTESIAN_POINT('Origin',(-53.2464266343441,-34.9828886516567,28.));
#12939=CARTESIAN_POINT('',(-52.2464266343441,-34.9828886516567,34.5));
#12940=CARTESIAN_POINT('',(-52.2464266343441,-34.9828886516567,28.));
#12941=CARTESIAN_POINT('',(-53.2464266343441,-33.9828886516567,34.5));
#12942=CARTESIAN_POINT('Origin',(-53.2464266343441,-34.9828886516567,34.5));
#12943=CARTESIAN_POINT('',(-53.2464266343441,-33.9828886516567,28.));
#12944=CARTESIAN_POINT('Origin',(-52.2464266343441,-33.9828886516567,28.));
#12945=CARTESIAN_POINT('',(-52.2464266343441,-40.9828886516567,34.5));
#12946=CARTESIAN_POINT('',(-52.2464266343441,-40.9828886516567,28.));
#12947=CARTESIAN_POINT('',(-52.2464266343441,-32.3788003487442,34.5));
#12948=CARTESIAN_POINT('Origin',(-54.2464266343441,-34.9828886516567,28.));
#12949=CARTESIAN_POINT('',(-54.2464266343441,-33.9828886516567,34.5));
#12950=CARTESIAN_POINT('',(-54.2464266343441,-33.9828886516567,28.));
#12951=CARTESIAN_POINT('',(-55.2464266343441,-34.9828886516567,34.5));
#12952=CARTESIAN_POINT('Origin',(-54.2464266343441,-34.9828886516567,34.5));
#12953=CARTESIAN_POINT('',(-55.2464266343441,-34.9828886516567,28.));
#12954=CARTESIAN_POINT('Origin',(-55.2464266343441,-33.9828886516567,28.));
#12955=CARTESIAN_POINT('',(-50.1232133171721,-33.9828886516567,34.5));
#12956=CARTESIAN_POINT('Origin',(-36.8075479626959,-34.9828886516567,28.));
#12957=CARTESIAN_POINT('',(-36.8075479626959,-33.9828886516567,34.5));
#12958=CARTESIAN_POINT('',(-36.8075479626959,-33.9828886516567,28.));
#12959=CARTESIAN_POINT('',(-37.8075479626959,-34.9828886516567,34.5));
#12960=CARTESIAN_POINT('Origin',(-36.8075479626959,-34.9828886516567,34.5));
#12961=CARTESIAN_POINT('',(-37.8075479626959,-34.9828886516567,28.));
#12962=CARTESIAN_POINT('Origin',(-37.8075479626959,-33.9828886516567,28.));
#12963=CARTESIAN_POINT('',(-35.8075479626959,-33.9828886516567,34.5));
#12964=CARTESIAN_POINT('',(-35.8075479626959,-33.9828886516567,28.));
#12965=CARTESIAN_POINT('',(-41.403773981348,-33.9828886516567,34.5));
#12966=CARTESIAN_POINT('Origin',(-35.8075479626959,-34.9828886516567,28.));
#12967=CARTESIAN_POINT('',(-34.8075479626959,-34.9828886516567,34.5));
#12968=CARTESIAN_POINT('',(-34.8075479626959,-34.9828886516567,28.));
#12969=CARTESIAN_POINT('Origin',(-35.8075479626959,-34.9828886516567,34.5));
#12970=CARTESIAN_POINT('Origin',(-34.8075479626959,-33.9828886516567,28.));
#12971=CARTESIAN_POINT('',(-34.8075479626959,-40.9828886516567,34.5));
#12972=CARTESIAN_POINT('',(-34.8075479626959,-40.9828886516567,28.));
#12973=CARTESIAN_POINT('',(-34.8075479626959,-32.3788003487442,34.5));
#12974=CARTESIAN_POINT('Origin',(-53.2464266343441,-40.9828886516567,28.));
#12975=CARTESIAN_POINT('',(-53.2464266343441,-41.9828886516567,34.5));
#12976=CARTESIAN_POINT('',(-53.2464266343441,-41.9828886516567,28.));
#12977=CARTESIAN_POINT('Origin',(-53.2464266343441,-40.9828886516567,34.5));
#12978=CARTESIAN_POINT('Origin',(-52.2464266343441,-41.9828886516567,28.));
#12979=CARTESIAN_POINT('',(-54.2464266343441,-41.9828886516567,34.5));
#12980=CARTESIAN_POINT('',(-54.2464266343441,-41.9828886516567,28.));
#12981=CARTESIAN_POINT('',(-48.6232133171721,-41.9828886516567,34.5));
#12982=CARTESIAN_POINT('Origin',(-54.2464266343441,-40.9828886516567,28.));
#12983=CARTESIAN_POINT('',(-55.2464266343441,-40.9828886516567,34.5));
#12984=CARTESIAN_POINT('',(-55.2464266343441,-40.9828886516567,28.));
#12985=CARTESIAN_POINT('Origin',(-54.2464266343441,-40.9828886516567,34.5));
#12986=CARTESIAN_POINT('Origin',(-55.2464266343441,-41.9828886516567,28.));
#12987=CARTESIAN_POINT('',(-55.2464266343441,-36.3788003487442,34.5));
#12988=CARTESIAN_POINT('Origin',(-36.8075479626959,-40.9828886516567,28.));
#12989=CARTESIAN_POINT('',(-37.8075479626959,-40.9828886516567,34.5));
#12990=CARTESIAN_POINT('',(-37.8075479626959,-40.9828886516567,28.));
#12991=CARTESIAN_POINT('',(-36.8075479626959,-41.9828886516567,34.5));
#12992=CARTESIAN_POINT('Origin',(-36.8075479626959,-40.9828886516567,34.5));
#12993=CARTESIAN_POINT('',(-36.8075479626959,-41.9828886516567,28.));
#12994=CARTESIAN_POINT('Origin',(-37.8075479626959,-41.9828886516567,28.));
#12995=CARTESIAN_POINT('',(-37.8075479626959,-36.3788003487442,34.5));
#12996=CARTESIAN_POINT('Origin',(-35.8075479626959,-40.9828886516567,28.));
#12997=CARTESIAN_POINT('',(-35.8075479626959,-41.9828886516567,34.5));
#12998=CARTESIAN_POINT('',(-35.8075479626959,-41.9828886516567,28.));
#12999=CARTESIAN_POINT('Origin',(-35.8075479626959,-40.9828886516567,34.5));
#13000=CARTESIAN_POINT('Origin',(-34.8075479626959,-41.9828886516567,28.));
#13001=CARTESIAN_POINT('',(-39.903773981348,-41.9828886516567,34.5));
#13002=CARTESIAN_POINT('Origin',(-45.,-25.,28.));
#13003=CARTESIAN_POINT('',(-38.5,-30.4772255750516,34.5));
#13004=CARTESIAN_POINT('',(-38.5,-30.4772255750516,28.));
#13005=CARTESIAN_POINT('',(-51.5,-30.4772255750516,34.5));
#13006=CARTESIAN_POINT('Origin',(-45.,-25.,34.5));
#13007=CARTESIAN_POINT('',(-51.5,-30.4772255750516,28.));
#13008=CARTESIAN_POINT('Origin',(-51.5,-40.0247120458317,28.));
#13009=CARTESIAN_POINT('',(-51.5,-40.0247120458317,34.5));
#13010=CARTESIAN_POINT('',(-51.5,-35.3997120458317,34.5));
#13011=CARTESIAN_POINT('',(-51.5,-40.0247120458317,28.));
#13012=CARTESIAN_POINT('Origin',(-45.,-40.0247120458317,28.));
#13013=CARTESIAN_POINT('',(-38.5,-40.0247120458317,34.5));
#13014=CARTESIAN_POINT('Origin',(-45.,-40.0247120458317,34.5));
#13015=CARTESIAN_POINT('',(-38.5,-40.0247120458317,28.));
#13016=CARTESIAN_POINT('Origin',(-38.5,-30.4772255750516,28.));
#13017=CARTESIAN_POINT('',(-38.5,-30.6259688104417,34.5));
#13018=CARTESIAN_POINT('Origin',(-45.,-30.7747120458317,34.5));
#13019=CARTESIAN_POINT('',(0.,0.,0.));
#13020=CARTESIAN_POINT('',(0.,0.,0.));
#13021=CARTESIAN_POINT('',(-2.22044604925031E-14,-3.5527136788005E-14,19.2786));
#13022=CARTESIAN_POINT('',(0.,0.,0.));
#13023=CARTESIAN_POINT('',(-0.38007947820208,-2.19399937014259E-30,25.7474021825189));
#13024=CARTESIAN_POINT('Origin',(0.,0.,0.));
#13025=UNCERTAINTY_MEASURE_WITH_UNIT(LENGTH_MEASURE(0.01),#13047,
'DISTANCE_ACCURACY_VALUE',
'Maximum model space distance between geometric entities at asserted c
onnectivities');
#13026=UNCERTAINTY_MEASURE_WITH_UNIT(LENGTH_MEASURE(0.01),#13047,
'DISTANCE_ACCURACY_VALUE',
'Maximum model space distance between geometric entities at asserted c
onnectivities');
#13027=UNCERTAINTY_MEASURE_WITH_UNIT(LENGTH_MEASURE(0.01),#13047,
'DISTANCE_ACCURACY_VALUE',
'Maximum model space distance between geometric entities at asserted c
onnectivities');
#13028=UNCERTAINTY_MEASURE_WITH_UNIT(LENGTH_MEASURE(0.01),#13047,
'DISTANCE_ACCURACY_VALUE',
'Maximum model space distance between geometric entities at asserted c
onnectivities');
#13029=UNCERTAINTY_MEASURE_WITH_UNIT(LENGTH_MEASURE(0.01),#13047,
'DISTANCE_ACCURACY_VALUE',
'Maximum model space distance between geometric entities at asserted c
onnectivities');
#13030=UNCERTAINTY_MEASURE_WITH_UNIT(LENGTH_MEASURE(0.01),#13047,
'DISTANCE_ACCURACY_VALUE',
'Maximum model space distance between geometric entities at asserted c
onnectivities');
#13031=UNCERTAINTY_MEASURE_WITH_UNIT(LENGTH_MEASURE(0.01),#13047,
'DISTANCE_ACCURACY_VALUE',
'Maximum model space distance between geometric entities at asserted c
onnectivities');
#13032=UNCERTAINTY_MEASURE_WITH_UNIT(LENGTH_MEASURE(0.01),#13047,
'DISTANCE_ACCURACY_VALUE',
'Maximum model space distance between geometric entities at asserted c
onnectivities');
#13033=UNCERTAINTY_MEASURE_WITH_UNIT(LENGTH_MEASURE(0.01),#13047,
'DISTANCE_ACCURACY_VALUE',
'Maximum model space distance between geometric entities at asserted c
onnectivities');
#13034=UNCERTAINTY_MEASURE_WITH_UNIT(LENGTH_MEASURE(0.01),#13047,
'DISTANCE_ACCURACY_VALUE',
'Maximum model space distance between geometric entities at asserted c
onnectivities');
#13035=UNCERTAINTY_MEASURE_WITH_UNIT(LENGTH_MEASURE(0.01),#13047,
'DISTANCE_ACCURACY_VALUE',
'Maximum model space distance between geometric entities at asserted c
onnectivities');
#13036=(
GEOMETRIC_REPRESENTATION_CONTEXT(3)
GLOBAL_UNCERTAINTY_ASSIGNED_CONTEXT((#13025))
GLOBAL_UNIT_ASSIGNED_CONTEXT((#13047,#13049,#13050))
REPRESENTATION_CONTEXT('','3D')
);
#13037=(
GEOMETRIC_REPRESENTATION_CONTEXT(3)
GLOBAL_UNCERTAINTY_ASSIGNED_CONTEXT((#13026))
GLOBAL_UNIT_ASSIGNED_CONTEXT((#13047,#13049,#13050))
REPRESENTATION_CONTEXT('','3D')
);
#13038=(
GEOMETRIC_REPRESENTATION_CONTEXT(3)
GLOBAL_UNCERTAINTY_ASSIGNED_CONTEXT((#13027))
GLOBAL_UNIT_ASSIGNED_CONTEXT((#13047,#13049,#13050))
REPRESENTATION_CONTEXT('','3D')
);
#13039=(
GEOMETRIC_REPRESENTATION_CONTEXT(3)
GLOBAL_UNCERTAINTY_ASSIGNED_CONTEXT((#13028))
GLOBAL_UNIT_ASSIGNED_CONTEXT((#13047,#13049,#13050))
REPRESENTATION_CONTEXT('','3D')
);
#13040=(
GEOMETRIC_REPRESENTATION_CONTEXT(3)
GLOBAL_UNCERTAINTY_ASSIGNED_CONTEXT((#13029))
GLOBAL_UNIT_ASSIGNED_CONTEXT((#13047,#13049,#13050))
REPRESENTATION_CONTEXT('','3D')
);
#13041=(
GEOMETRIC_REPRESENTATION_CONTEXT(3)
GLOBAL_UNCERTAINTY_ASSIGNED_CONTEXT((#13030))
GLOBAL_UNIT_ASSIGNED_CONTEXT((#13047,#13049,#13050))
REPRESENTATION_CONTEXT('','3D')
);
#13042=(
GEOMETRIC_REPRESENTATION_CONTEXT(3)
GLOBAL_UNCERTAINTY_ASSIGNED_CONTEXT((#13031))
GLOBAL_UNIT_ASSIGNED_CONTEXT((#13047,#13049,#13050))
REPRESENTATION_CONTEXT('','3D')
);
#13043=(
GEOMETRIC_REPRESENTATION_CONTEXT(3)
GLOBAL_UNCERTAINTY_ASSIGNED_CONTEXT((#13032))
GLOBAL_UNIT_ASSIGNED_CONTEXT((#13047,#13049,#13050))
REPRESENTATION_CONTEXT('','3D')
);
#13044=(
GEOMETRIC_REPRESENTATION_CONTEXT(3)
GLOBAL_UNCERTAINTY_ASSIGNED_CONTEXT((#13033))
GLOBAL_UNIT_ASSIGNED_CONTEXT((#13047,#13049,#13050))
REPRESENTATION_CONTEXT('','3D')
);
#13045=(
GEOMETRIC_REPRESENTATION_CONTEXT(3)
GLOBAL_UNCERTAINTY_ASSIGNED_CONTEXT((#13034))
GLOBAL_UNIT_ASSIGNED_CONTEXT((#13047,#13049,#13050))
REPRESENTATION_CONTEXT('','3D')
);
#13046=(
GEOMETRIC_REPRESENTATION_CONTEXT(3)
GLOBAL_UNCERTAINTY_ASSIGNED_CONTEXT((#13035))
GLOBAL_UNIT_ASSIGNED_CONTEXT((#13047,#13049,#13050))
REPRESENTATION_CONTEXT('','3D')
);
#13047=(
LENGTH_UNIT()
NAMED_UNIT(*)
SI_UNIT(.MILLI.,.METRE.)
);
#13048=(
LENGTH_UNIT()
NAMED_UNIT(*)
SI_UNIT($,.METRE.)
);
#13049=(
NAMED_UNIT(*)
PLANE_ANGLE_UNIT()
SI_UNIT($,.RADIAN.)
);
#13050=(
NAMED_UNIT(*)
SI_UNIT($,.STERADIAN.)
SOLID_ANGLE_UNIT()
);
#13051=SHAPE_DEFINITION_REPRESENTATION(#13061,#13080);
#13052=SHAPE_DEFINITION_REPRESENTATION(#13062,#13081);
#13053=SHAPE_DEFINITION_REPRESENTATION(#13063,#13082);
#13054=SHAPE_DEFINITION_REPRESENTATION(#13064,#13083);
#13055=SHAPE_DEFINITION_REPRESENTATION(#13067,#13084);
#13056=SHAPE_DEFINITION_REPRESENTATION(#13068,#13085);
#13057=SHAPE_DEFINITION_REPRESENTATION(#13069,#13086);
#13058=SHAPE_DEFINITION_REPRESENTATION(#13072,#13087);
#13059=SHAPE_DEFINITION_REPRESENTATION(#13073,#13088);
#13060=SHAPE_DEFINITION_REPRESENTATION(#13074,#13089);
#13061=PRODUCT_DEFINITION_SHAPE('',$,#13091);
#13062=PRODUCT_DEFINITION_SHAPE('',$,#13092);
#13063=PRODUCT_DEFINITION_SHAPE('',$,#13093);
#13064=PRODUCT_DEFINITION_SHAPE('',$,#13094);
#13065=PRODUCT_DEFINITION_SHAPE($,$,#77);
#13066=PRODUCT_DEFINITION_SHAPE($,$,#78);
#13067=PRODUCT_DEFINITION_SHAPE('',$,#13095);
#13068=PRODUCT_DEFINITION_SHAPE('',$,#13096);
#13069=PRODUCT_DEFINITION_SHAPE('',$,#13097);
#13070=PRODUCT_DEFINITION_SHAPE($,$,#79);
#13071=PRODUCT_DEFINITION_SHAPE($,$,#80);
#13072=PRODUCT_DEFINITION_SHAPE('',$,#13098);
#13073=PRODUCT_DEFINITION_SHAPE('',$,#13099);
#13074=PRODUCT_DEFINITION_SHAPE('',$,#13100);
#13075=PRODUCT_DEFINITION_SHAPE($,$,#81);
#13076=PRODUCT_DEFINITION_SHAPE($,$,#82);
#13077=PRODUCT_DEFINITION_SHAPE($,$,#83);
#13078=PRODUCT_DEFINITION_SHAPE($,$,#84);
#13079=PRODUCT_DEFINITION_SHAPE($,$,#85);
#13080=SHAPE_REPRESENTATION('',(#7408,#8059,#8060,#8061,#8062,#8063),#13036);
#13081=SHAPE_REPRESENTATION('',(#7409,#7558,#7559),#13037);
#13082=SHAPE_REPRESENTATION('',(#7410),#13038);
#13083=SHAPE_REPRESENTATION('',(#7484),#13039);
#13084=SHAPE_REPRESENTATION('',(#7560,#7595,#7596),#13040);
#13085=SHAPE_REPRESENTATION('',(#7561),#13041);
#13086=SHAPE_REPRESENTATION('',(#7578),#13042);
#13087=SHAPE_REPRESENTATION('',(#7597),#13043);
#13088=SHAPE_REPRESENTATION('',(#7632),#13044);
#13089=SHAPE_REPRESENTATION('',(#7650),#13045);
#13090=PRODUCT_DEFINITION_CONTEXT('part definition',#13122,'design');
#13091=PRODUCT_DEFINITION('haptic_pantograph','haptic_pantograph',#13101,
#13090);
#13092=PRODUCT_DEFINITION('drum_arms','drum_arms',#13102,#13090);
#13093=PRODUCT_DEFINITION('Component3','Component3',#13103,#13090);
#13094=PRODUCT_DEFINITION('Component4','Component4',#13104,#13090);
#13095=PRODUCT_DEFINITION('forearms','forearms',#13105,#13090);
#13096=PRODUCT_DEFINITION('Component5','Component5',#13106,#13090);
#13097=PRODUCT_DEFINITION('Component6','Component6',#13107,#13090);
#13098=PRODUCT_DEFINITION('Component8','Component8',#13108,#13090);
#13099=PRODUCT_DEFINITION('pen','pen',#13109,#13090);
#13100=PRODUCT_DEFINITION('2026-05-14-13-59-30-318','Base',#13110,#13090);
#13101=PRODUCT_DEFINITION_FORMATION('',$,#13124);
#13102=PRODUCT_DEFINITION_FORMATION('',$,#13125);
#13103=PRODUCT_DEFINITION_FORMATION('',$,#13126);
#13104=PRODUCT_DEFINITION_FORMATION('',$,#13127);
#13105=PRODUCT_DEFINITION_FORMATION('',$,#13128);
#13106=PRODUCT_DEFINITION_FORMATION('',$,#13129);
#13107=PRODUCT_DEFINITION_FORMATION('',$,#13130);
#13108=PRODUCT_DEFINITION_FORMATION('',$,#13131);
#13109=PRODUCT_DEFINITION_FORMATION('',$,#13132);
#13110=PRODUCT_DEFINITION_FORMATION('',$,#13133);
#13111=PRODUCT_RELATED_PRODUCT_CATEGORY('haptic_pantograph',
'haptic_pantograph',(#13124));
#13112=PRODUCT_RELATED_PRODUCT_CATEGORY('drum_arms','drum_arms',(#13125));
#13113=PRODUCT_RELATED_PRODUCT_CATEGORY('Component3','Component3',(#13126));
#13114=PRODUCT_RELATED_PRODUCT_CATEGORY('Component4','Component4',(#13127));
#13115=PRODUCT_RELATED_PRODUCT_CATEGORY('forearms','forearms',(#13128));
#13116=PRODUCT_RELATED_PRODUCT_CATEGORY('Component5','Component5',(#13129));
#13117=PRODUCT_RELATED_PRODUCT_CATEGORY('Component6','Component6',(#13130));
#13118=PRODUCT_RELATED_PRODUCT_CATEGORY('Component8','Component8',(#13131));
#13119=PRODUCT_RELATED_PRODUCT_CATEGORY('pen','pen',(#13132));
#13120=PRODUCT_RELATED_PRODUCT_CATEGORY('Base','Base',(#13133));
#13121=APPLICATION_PROTOCOL_DEFINITION('international standard',
'automotive_design',2009,#13122);
#13122=APPLICATION_CONTEXT(
'Core Data for Automotive Mechanical Design Process');
#13123=PRODUCT_CONTEXT('part definition',#13122,'mechanical');
#13124=PRODUCT('haptic_pantograph','haptic_pantograph',$,(#13123));
#13125=PRODUCT('drum_arms','drum_arms',$,(#13123));
#13126=PRODUCT('Component3','Component3',$,(#13123));
#13127=PRODUCT('Component4','Component4',$,(#13123));
#13128=PRODUCT('forearms','forearms',$,(#13123));
#13129=PRODUCT('Component5','Component5',$,(#13123));
#13130=PRODUCT('Component6','Component6',$,(#13123));
#13131=PRODUCT('Component8','Component8',$,(#13123));
#13132=PRODUCT('pen','pen',$,(#13123));
#13133=PRODUCT('2026-05-14-13-59-30-318','Base',$,(#13123));
#13134=PRESENTATION_STYLE_ASSIGNMENT((#13138));
#13135=PRESENTATION_STYLE_ASSIGNMENT((#13139));
#13136=PRESENTATION_STYLE_ASSIGNMENT((#13140));
#13137=PRESENTATION_STYLE_ASSIGNMENT((NULL_STYLE(.NULL.)));
#13138=SURFACE_STYLE_USAGE(.BOTH.,#13141);
#13139=SURFACE_STYLE_USAGE(.BOTH.,#13142);
#13140=SURFACE_STYLE_USAGE(.BOTH.,#13143);
#13141=SURFACE_SIDE_STYLE('',(#13144));
#13142=SURFACE_SIDE_STYLE('',(#13145));
#13143=SURFACE_SIDE_STYLE('',(#13146));
#13144=SURFACE_STYLE_FILL_AREA(#13147);
#13145=SURFACE_STYLE_FILL_AREA(#13148);
#13146=SURFACE_STYLE_FILL_AREA(#13149);
#13147=FILL_AREA_STYLE('Steel - Satin',(#13150));
#13148=FILL_AREA_STYLE('Powder Coat - Rough (Blue)',(#13151));
#13149=FILL_AREA_STYLE('Orgasol\X\AE Invent Smooth - PA 12',(#13152));
#13150=FILL_AREA_STYLE_COLOUR('Steel - Satin',#13153);
#13151=FILL_AREA_STYLE_COLOUR('Powder Coat - Rough (Blue)',#13154);
#13152=FILL_AREA_STYLE_COLOUR('Orgasol\X\AE Invent Smooth - PA 12',#13155);
#13153=COLOUR_RGB('Steel - Satin',0.627450980392157,0.627450980392157,0.627450980392157);
#13154=COLOUR_RGB('Powder Coat - Rough (Blue)',0.545098039215686,0.749019607843137,
0.796078431372549);
#13155=COLOUR_RGB('Orgasol\X\AE Invent Smooth - PA 12',0.964705882352941,
0.964705882352941,0.952941176470588);
ENDSEC;
END-ISO-10303-21;
